submission_id,assessment_id,user_id,score,submitted_at
1,42,3796,11,2025-09-06 23:54:38
2,20,4884,17,2025-11-06 08:44:30
3,82,3361,20,2025-02-18 06:58:13
4,15,726,44,2025-09-27 15:11:16
5,46,2331,97,2025-11-22 23:21:38
6,21,2362,52,2025-05-26 11:00:05
7,57,798,10,2026-01-12 18:28:53
8,48,3607,61,2025-04-26 08:00:26
9,71,2164,95,2025-09-22 08:00:05
10,58,1900,93,2025-05-26 22:16:48
11,23,2406,72,2025-07-08 20:01:24
12,22,2742,5,2025-01-26 04:25:44
13,65,1619,68,2025-06-08 09:30:59
14,11,3922,73,2025-02-20 12:02:08
15,52,3130,14,2025-12-07 04:40:59
16,41,3475,83,2025-02-15 19:54:40
17,51,4661,19,2025-06-14 20:41:42
18,41,302,41,2025-10-17 07:15:53
19,87,3851,96,2025-01-25 12:19:29
20,33,1393,24,2025-05-28 18:16:46
21,76,1530,4,2025-12-08 03:31:01
22,64,993,37,2025-02-13 00:02:56
23,76,4178,5,2025-03-15 20:22:00
24,93,1196,29,2025-05-20 18:19:01
25,53,525,79,2025-11-02 07:49:09
26,95,1191,100,2025-07-23 04:20:02
27,36,343,51,2026-02-02 21:42:22
28,27,4115,51,2025-11-11 04:19:59
29,41,2026,27,2025-07-10 15:08:03
30,42,3369,23,2025-01-18 13:34:12
31,76,4332,96,2025-02-03 01:19:46
32,49,4378,95,2025-04-28 01:11:05
33,1,331,98,2026-02-01 14:44:54
34,32,809,65,2025-01-25 00:39:55
35,91,2351,68,2025-08-24 15:04:18
36,92,3568,59,2025-05-28 12:06:27
37,30,840,52,2025-10-09 22:42:37
38,49,4869,21,2025-07-07 12:40:23
39,100,3825,4,2025-02-03 18:36:36
40,76,1345,34,2025-06-10 17:21:04
41,51,3549,5,2025-01-02 15:35:07
42,26,2315,62,2025-05-03 10:38:53
43,96,3249,81,2025-05-05 02:11:48
44,42,1631,18,2025-02-07 16:07:40
45,5,2770,96,2025-04-24 17:55:38
46,18,1661,15,2025-10-19 02:48:17
47,93,1394,36,2025-12-08 13:56:18
48,58,3755,13,2025-06-19 19:41:50
49,67,4563,4,2025-10-21 08:38:38
50,100,40,29,2025-01-07 15:56:38
51,29,1488,24,2025-11-09 08:59:13
52,56,3945,42,2025-04-25 05:03:28
53,83,4338,13,2025-08-11 21:22:29
54,67,578,16,2025-03-01 15:59:05
55,25,2019,41,2025-08-13 05:40:23
56,60,1860,59,2025-12-12 12:48:13
57,32,2696,21,2025-04-20 19:11:52
58,72,3389,17,2025-10-07 09:07:24
59,65,309,2,2025-05-26 07:12:10
60,65,718,77,2025-07-02 05:13:35
61,78,4402,42,2025-11-18 00:32:37
62,92,3844,7,2025-11-03 13:30:37
63,9,4593,92,2025-01-03 10:18:57
64,5,3923,60,2025-01-16 05:51:06
65,49,4342,90,2025-11-07 02:32:33
66,58,1439,33,2025-02-21 14:50:53
67,54,4005,48,2025-07-02 23:05:26
68,63,1484,90,2025-04-16 08:07:59
69,6,3033,63,2025-08-04 17:20:28
70,95,329,21,2025-11-25 08:50:26
71,22,397,41,2025-05-11 22:19:51
72,54,3956,70,2026-01-30 06:54:17
73,87,4549,36,2025-12-24 11:47:09
74,55,4445,69,2025-08-19 22:40:31
75,39,4403,58,2025-11-07 08:33:59
76,99,1721,42,2026-01-23 03:54:31
77,39,3707,10,2025-08-09 15:08:56
78,8,2872,19,2025-05-06 10:28:24
79,74,3973,98,2025-11-16 20:11:30
80,64,2054,83,2025-06-08 06:45:02
81,61,3109,27,2025-02-22 01:16:27
82,3,2843,7,2025-01-24 17:49:38
83,14,2021,38,2025-05-02 00:57:22
84,81,230,4,2026-01-28 01:22:40
85,57,2369,85,2025-08-26 18:45:00
86,11,779,93,2025-01-01 18:16:02
87,78,4942,49,2025-06-18 01:29:20
88,53,3516,80,2025-03-11 02:33:05
89,44,1120,81,2025-08-20 07:59:10
90,56,2595,96,2025-05-21 16:24:15
91,23,733,1,2025-09-16 08:22:11
92,96,1448,74,2025-08-20 02:40:15
93,32,1088,13,2025-12-10 06:30:21
94,79,4210,36,2025-07-17 00:49:03
95,35,4733,66,2025-07-01 09:33:59
96,43,3945,52,2025-11-12 09:33:37
97,48,2571,73,2025-05-28 12:15:31
98,30,4762,96,2026-01-17 20:39:00
99,91,3192,15,2025-12-29 10:17:57
100,21,3877,70,2025-09-23 12:39:31
101,97,2773,79,2026-02-03 08:10:13
102,72,3611,17,2025-06-18 16:04:28
103,87,516,77,2025-06-18 22:11:41
104,26,4642,46,2025-08-06 22:40:00
105,37,3625,92,2026-02-02 22:58:38
106,42,3871,15,2025-02-14 11:16:48
107,49,1755,78,2025-03-31 17:30:46
108,83,1798,34,2025-09-24 04:34:45
109,16,3927,74,2025-10-04 09:09:12
110,52,3393,18,2026-01-28 23:41:42
111,74,2599,10,2025-05-04 16:08:59
112,93,883,3,2025-08-11 06:48:47
113,26,1984,72,2025-12-21 11:32:02
114,49,3233,63,2025-01-28 16:28:51
115,59,4199,51,2025-10-30 16:31:52
116,99,841,39,2025-05-16 00:35:18
117,7,1973,19,2025-05-07 17:29:32
118,94,3999,75,2025-07-05 01:35:48
119,89,1856,31,2025-03-07 15:31:08
120,80,3876,57,2025-03-24 17:26:19
121,92,3448,13,2025-07-05 17:54:29
122,89,3195,41,2025-12-04 22:23:44
123,76,1387,29,2025-03-17 01:22:32
124,28,982,48,2025-04-29 17:41:08
125,16,973,31,2025-07-16 08:33:56
126,17,4132,73,2025-04-04 21:12:14
127,95,352,74,2025-01-24 04:14:13
128,48,2297,66,2025-12-10 03:32:20
129,6,2627,75,2026-02-01 10:53:46
130,5,2544,0,2025-09-04 04:38:41
131,82,1771,11,2025-01-07 06:58:21
132,23,4768,89,2025-04-17 19:57:04
133,2,2156,44,2025-01-24 16:46:47
134,91,3184,11,2025-05-13 06:33:12
135,50,1100,37,2025-05-26 13:48:58
136,66,3605,29,2025-02-26 20:08:26
137,69,3234,47,2026-01-17 02:08:48
138,43,3899,88,2025-10-28 15:32:01
139,65,750,56,2025-02-27 12:08:45
140,51,236,24,2025-11-05 07:20:39
141,38,3074,2,2025-06-13 17:56:14
142,36,2051,56,2025-08-09 18:37:44
143,98,612,77,2025-01-15 05:51:08
144,85,3883,49,2026-01-08 05:08:39
145,47,4794,43,2025-07-15 03:19:27
146,67,4372,9,2025-03-18 22:18:52
147,50,1853,94,2025-05-28 03:08:00
148,99,1713,30,2025-04-02 19:22:01
149,23,552,28,2025-02-24 23:03:51
150,43,2741,33,2025-09-10 04:31:47
151,79,4869,2,2025-01-11 22:50:04
152,16,939,65,2025-02-05 23:47:05
153,63,4476,93,2025-11-28 12:25:24
154,32,2258,100,2025-08-12 23:29:17
155,82,4563,13,2025-09-19 14:23:09
156,1,22,2,2025-02-01 10:51:21
157,32,3800,96,2025-02-12 13:12:41
158,74,3680,88,2025-09-13 04:20:03
159,4,3820,52,2025-10-11 23:40:24
160,85,4952,58,2025-01-07 07:06:29
161,70,16,98,2025-12-17 02:12:14
162,77,1728,1,2025-10-12 20:16:01
163,29,102,70,2026-01-22 20:25:10
164,36,3155,54,2025-07-06 16:58:10
165,85,2552,80,2026-01-30 04:34:50
166,50,3724,93,2025-03-30 22:26:18
167,61,3819,71,2025-05-21 16:56:14
168,77,865,92,2025-01-27 08:42:32
169,24,64,36,2025-10-12 13:53:35
170,23,4238,5,2025-07-14 05:15:21
171,60,2645,38,2025-03-06 15:46:36
172,89,1817,93,2025-09-28 06:30:24
173,91,856,38,2025-10-12 16:14:46
174,96,4618,20,2025-04-08 20:23:30
175,50,2008,8,2025-09-14 16:36:03
176,57,1880,10,2025-10-04 16:50:38
177,41,3314,47,2025-03-23 04:27:13
178,97,4221,10,2025-02-27 15:03:27
179,9,4105,84,2025-06-16 06:06:45
180,92,991,51,2025-11-09 19:08:18
181,66,1494,94,2025-04-22 09:27:55
182,5,3827,55,2025-06-02 10:47:23
183,97,1770,84,2025-10-04 21:56:19
184,82,4138,39,2025-10-30 05:02:31
185,88,2860,38,2025-06-25 15:34:20
186,1,771,95,2025-10-28 00:03:34
187,44,1390,79,2026-02-03 01:04:18
188,94,4756,19,2025-10-31 23:24:31
189,26,2420,86,2025-09-22 08:21:08
190,56,4460,59,2025-05-05 20:47:37
191,89,4931,66,2025-10-02 23:47:38
192,81,4720,1,2025-12-08 14:22:45
193,61,272,21,2025-01-18 10:36:57
194,86,1718,1,2025-04-26 13:15:19
195,34,10,61,2025-11-11 04:07:41
196,7,558,4,2025-01-06 00:40:07
197,20,4113,92,2025-04-03 00:39:24
198,58,3712,79,2025-12-04 05:03:41
199,20,4913,58,2025-03-17 23:04:05
200,4,984,76,2025-01-03 06:12:58
201,76,3125,3,2026-01-04 08:26:41
202,18,996,53,2025-07-05 14:32:45
203,33,2714,69,2026-01-02 21:13:33
204,46,3308,70,2025-07-23 08:25:49
205,8,2408,43,2025-07-12 22:20:01
206,52,3019,77,2025-03-07 18:14:59
207,19,300,31,2026-01-18 04:30:31
208,30,2262,82,2025-08-22 01:21:12
209,53,3743,27,2025-11-03 08:19:31
210,25,4402,63,2025-11-16 08:01:27
211,73,1793,23,2025-03-13 21:47:47
212,75,968,41,2025-06-09 08:59:48
213,87,3650,55,2026-01-04 21:49:00
214,8,2142,77,2025-07-27 19:09:38
215,47,4605,16,2025-03-10 18:53:53
216,13,4175,68,2025-07-03 06:04:00
217,99,1755,9,2025-10-08 21:46:32
218,17,4938,21,2026-01-11 09:40:13
219,72,504,49,2025-10-29 21:55:46
220,83,438,54,2025-04-18 01:51:17
221,60,3536,36,2025-02-02 17:22:34
222,39,4440,4,2025-02-21 17:28:17
223,70,577,5,2025-12-14 10:17:57
224,52,3257,62,2025-10-10 06:38:36
225,14,2974,99,2025-01-29 11:05:23
226,92,3194,26,2025-01-10 00:49:47
227,99,944,18,2025-04-29 20:29:17
228,69,2734,66,2025-11-30 13:02:06
229,30,2457,42,2025-06-13 18:31:05
230,94,1277,88,2025-10-29 22:49:08
231,97,606,45,2026-01-31 06:11:13
232,55,742,14,2026-01-25 17:00:39
233,50,1803,80,2025-09-14 10:17:39
234,29,153,26,2025-11-22 14:17:19
235,19,727,10,2025-07-16 23:41:36
236,47,3555,15,2025-01-31 00:32:18
237,53,2142,100,2025-08-12 06:18:01
238,85,1367,99,2025-10-20 08:21:58
239,33,4990,96,2025-09-05 22:39:04
240,87,2808,56,2025-10-10 22:57:30
241,35,4415,12,2025-06-06 14:29:57
242,16,2665,9,2025-06-11 14:30:21
243,55,4538,97,2025-01-11 11:32:21
244,78,4313,72,2025-04-28 23:46:20
245,97,1656,40,2025-05-06 16:27:51
246,79,2560,33,2025-09-20 21:09:52
247,96,1238,68,2025-03-30 06:52:17
248,73,3334,73,2025-11-27 12:11:43
249,99,3648,98,2025-11-25 20:02:00
250,49,3848,94,2025-01-27 11:12:11
251,81,3673,76,2025-06-24 15:08:21
252,78,2073,56,2025-09-05 11:47:16
253,20,2815,36,2025-04-29 11:20:11
254,12,3936,63,2026-01-10 21:35:25
255,65,1924,55,2025-01-05 06:39:07
256,67,1163,44,2025-03-29 15:20:29
257,46,489,43,2025-03-10 14:43:19
258,68,2446,14,2025-10-19 09:28:59
259,17,2113,13,2025-11-03 13:12:09
260,54,731,42,2025-08-03 06:54:23
261,93,1541,41,2025-12-17 22:36:46
262,99,1559,63,2026-01-28 00:32:34
263,85,3992,24,2025-04-20 18:35:10
264,43,2924,84,2025-10-10 06:45:12
265,2,4326,92,2025-11-19 19:02:46
266,67,1734,53,2025-06-19 15:46:56
267,38,3632,92,2025-08-15 20:28:21
268,58,2905,66,2025-10-20 21:21:39
269,49,2351,10,2025-01-14 02:49:11
270,4,4978,8,2025-11-10 16:50:44
271,78,1105,47,2025-09-20 20:33:31
272,19,77,35,2026-01-28 02:38:47
273,34,2150,21,2025-01-14 10:13:06
274,69,1442,65,2025-09-12 23:33:10
275,66,4601,91,2025-10-26 12:50:10
276,70,910,77,2025-12-08 21:40:35
277,96,2957,76,2025-04-12 23:25:19
278,23,1693,38,2025-09-12 23:39:31
279,98,3021,28,2025-12-20 06:19:14
280,22,1962,12,2025-04-06 16:15:25
281,45,2821,66,2025-08-29 08:59:29
282,36,2480,4,2025-08-20 01:36:53
283,65,4551,56,2025-09-30 23:25:42
284,33,1638,5,2025-09-09 23:38:16
285,100,4152,67,2025-10-02 14:13:18
286,8,1353,62,2025-01-16 00:57:20
287,33,88,48,2025-09-14 10:29:53
288,83,1622,51,2025-07-28 06:13:21
289,8,4507,37,2026-01-08 04:33:46
290,64,112,37,2026-02-03 08:33:58
291,88,1126,99,2025-05-28 18:11:25
292,60,4107,49,2026-01-18 13:15:40
293,96,1829,49,2025-08-22 10:33:09
294,70,4432,38,2025-06-13 18:52:49
295,32,4835,76,2026-01-16 06:19:33
296,41,2090,27,2025-11-15 21:18:25
297,38,3667,2,2025-02-27 09:16:33
298,13,4653,78,2025-12-28 04:51:56
299,91,342,55,2025-03-25 16:05:36
300,40,768,11,2025-12-17 03:23:59
301,62,3498,39,2025-11-20 04:10:17
302,21,699,17,2025-04-08 07:16:00
303,98,2368,70,2025-03-09 06:35:12
304,70,3209,99,2025-01-30 06:27:02
305,6,136,70,2025-07-23 01:51:27
306,1,416,10,2025-12-27 14:48:15
307,54,4264,31,2026-02-01 13:46:14
308,10,1172,74,2025-04-15 02:13:29
309,54,504,58,2025-11-05 03:52:24
310,93,641,74,2025-11-01 21:25:59
311,100,3866,18,2025-12-09 13:01:26
312,98,3426,38,2025-05-16 05:54:32
313,47,272,54,2025-01-30 10:15:44
314,19,2188,67,2025-04-19 17:59:28
315,24,1085,10,2025-06-11 19:15:33
316,29,3036,83,2025-10-14 13:23:54
317,93,2254,49,2026-01-15 04:07:25
318,79,1476,25,2025-09-24 19:39:06
319,82,4244,88,2025-01-28 20:27:58
320,46,1693,32,2025-04-14 22:06:05
321,51,431,93,2026-01-25 17:54:53
322,85,4104,14,2025-03-18 12:28:54
323,12,1110,22,2025-11-01 16:03:05
324,36,1356,31,2025-08-21 17:49:35
325,49,1769,11,2025-03-26 03:47:08
326,23,370,29,2025-03-29 06:41:55
327,67,2384,42,2025-08-09 14:02:41
328,28,4276,30,2025-03-25 21:16:54
329,33,740,12,2025-10-13 05:29:53
330,65,1333,73,2025-03-01 23:35:13
331,45,4042,28,2025-10-24 19:18:07
332,69,4511,61,2025-05-20 00:49:58
333,95,2921,13,2025-12-18 10:02:57
334,77,1024,44,2025-04-14 13:38:17
335,2,533,89,2025-02-05 09:34:16
336,58,2409,3,2025-04-30 23:09:57
337,42,3298,60,2025-07-09 19:49:25
338,45,3512,32,2025-07-10 03:17:25
339,68,3698,43,2025-01-28 03:10:45
340,67,4593,72,2026-01-07 21:05:08
341,92,560,22,2025-09-17 20:25:37
342,13,919,48,2025-06-21 13:15:22
343,19,2494,0,2025-01-25 10:09:13
344,84,13,85,2025-11-21 20:52:00
345,94,3223,78,2025-10-22 10:24:12
346,52,1005,38,2025-08-07 16:54:56
347,28,4712,35,2025-03-24 05:40:08
348,33,2320,31,2025-07-06 04:51:07
349,73,1651,91,2025-11-29 17:03:04
350,99,3421,44,2025-04-19 01:50:17
351,90,898,65,2025-07-31 21:33:38
352,45,706,74,2025-11-01 19:03:22
353,44,1194,94,2025-02-17 21:34:51
354,43,1837,87,2025-01-02 11:33:46
355,70,441,73,2025-12-15 00:32:10
356,55,2762,24,2025-12-24 06:37:33
357,92,3908,27,2025-02-02 22:56:23
358,29,3748,81,2025-03-21 15:29:21
359,40,3722,12,2025-12-06 09:00:25
360,3,4720,85,2025-10-14 08:01:57
361,83,2957,39,2026-01-28 14:11:25
362,23,2754,66,2026-01-14 19:32:44
363,72,2384,59,2025-06-01 14:09:40
364,14,1397,6,2025-11-06 23:58:02
365,94,3245,47,2026-01-17 04:56:39
366,69,1550,60,2025-11-02 11:40:07
367,79,3392,46,2025-07-26 20:55:17
368,1,813,89,2025-08-09 01:27:31
369,43,3882,9,2025-02-17 07:19:14
370,56,4673,58,2025-08-29 11:25:26
371,83,4238,79,2025-11-22 20:04:25
372,82,1404,45,2025-03-19 20:16:53
373,45,3385,48,2025-04-26 01:21:56
374,69,3247,26,2025-07-26 14:07:23
375,16,4229,81,2025-12-27 09:11:17
376,60,1470,13,2025-07-08 21:21:49
377,93,3632,30,2025-07-15 22:34:25
378,17,3229,26,2025-10-22 13:49:23
379,71,1427,38,2026-01-07 21:28:24
380,43,1440,78,2026-01-28 08:25:46
381,49,4555,20,2025-04-21 21:28:45
382,97,1175,58,2025-03-19 17:42:23
383,94,3486,37,2026-02-04 02:46:44
384,63,3054,55,2025-01-20 16:15:50
385,95,4983,32,2025-03-07 19:32:52
386,47,4617,19,2025-01-17 05:46:27
387,66,672,36,2025-07-14 06:43:33
388,96,869,34,2025-07-05 02:03:36
389,63,3645,31,2025-04-16 02:11:39
390,62,1096,43,2025-12-21 21:27:28
391,41,1630,95,2025-02-11 17:41:27
392,47,3314,78,2025-07-18 04:39:27
393,29,1617,10,2025-05-22 21:43:55
394,24,3984,65,2025-06-02 09:59:10
395,42,1848,27,2025-06-09 16:22:04
396,57,1437,66,2025-02-20 21:52:12
397,16,2254,96,2025-04-11 01:47:58
398,16,1509,76,2025-02-12 03:51:52
399,14,4238,62,2025-12-21 17:16:02
400,55,4251,72,2026-01-01 12:10:06
401,59,3450,41,2025-05-06 18:44:04
402,88,569,11,2025-04-30 12:36:45
403,36,343,72,2026-01-06 13:21:52
404,74,2232,37,2025-12-30 01:59:46
405,13,4469,81,2025-06-26 10:32:57
406,92,2871,69,2025-10-24 13:24:29
407,34,636,49,2025-08-11 11:05:05
408,3,4797,77,2025-08-06 15:00:56
409,14,2811,89,2025-11-10 06:22:44
410,83,1065,73,2025-06-29 20:30:50
411,33,685,88,2025-02-17 10:51:58
412,97,1054,69,2025-02-17 20:52:46
413,95,4632,48,2025-02-04 06:05:38
414,82,229,56,2025-01-15 03:31:37
415,12,3181,99,2025-01-04 10:11:06
416,79,3016,30,2025-12-24 18:12:44
417,88,3101,63,2025-06-24 17:54:26
418,84,3252,72,2025-08-07 10:44:33
419,40,1069,82,2025-10-31 22:30:25
420,55,2940,73,2025-12-20 15:48:06
421,4,755,45,2025-01-20 20:37:10
422,25,3947,26,2025-03-15 08:40:34
423,45,2101,87,2025-12-11 02:57:39
424,97,759,64,2025-10-10 12:28:35
425,61,4224,76,2025-09-27 23:18:50
426,66,4169,50,2026-01-05 00:36:43
427,33,4924,37,2025-06-06 01:37:24
428,93,1208,52,2025-12-21 00:36:47
429,92,351,4,2025-06-26 16:34:14
430,55,3809,5,2025-07-17 07:17:38
431,47,1716,90,2025-06-28 21:01:24
432,61,3843,14,2025-04-07 15:19:17
433,92,814,31,2025-02-06 07:10:33
434,52,710,85,2025-04-12 14:05:05
435,9,4,3,2025-01-20 10:50:27
436,48,1404,63,2025-09-19 06:05:01
437,79,4106,23,2025-11-25 13:02:38
438,80,79,80,2025-11-09 05:07:00
439,88,3995,16,2025-08-04 18:39:23
440,64,1429,77,2025-03-20 17:33:31
441,25,3055,87,2025-01-01 07:43:58
442,69,2586,37,2025-02-20 04:20:06
443,50,1576,72,2025-10-31 17:30:38
444,93,1994,42,2025-05-10 08:35:21
445,46,3411,31,2025-04-17 09:26:17
446,71,4155,19,2025-09-24 00:29:37
447,10,3065,12,2025-05-17 12:54:35
448,3,2292,72,2025-11-19 10:42:44
449,89,4312,98,2025-03-29 23:46:30
450,14,3874,69,2025-04-15 11:59:11
451,77,3662,27,2025-02-06 05:20:08
452,73,297,77,2025-02-11 06:25:54
453,13,3482,51,2025-12-09 10:17:04
454,75,1090,75,2025-12-04 09:44:22
455,46,4401,84,2025-10-03 13:48:34
456,92,3039,33,2025-06-07 16:59:38
457,91,2168,52,2025-01-18 07:48:34
458,12,4019,3,2025-11-26 07:33:40
459,30,264,72,2025-01-09 22:24:37
460,64,4319,99,2025-09-09 13:38:05
461,12,3308,25,2025-03-17 02:46:26
462,48,3028,100,2025-05-23 03:28:36
463,27,3693,44,2025-08-22 15:38:22
464,9,2325,59,2025-07-04 15:05:52
465,26,4927,42,2026-01-20 07:10:01
466,59,1898,95,2025-05-02 16:20:32
467,85,2907,24,2025-12-18 14:07:36
468,85,326,100,2025-02-12 01:40:48
469,86,3904,94,2025-11-29 09:17:42
470,9,2776,4,2025-05-06 05:15:33
471,3,2397,36,2025-03-30 23:55:42
472,8,3283,55,2025-07-18 15:58:47
473,73,3017,99,2025-01-19 05:03:14
474,80,1470,69,2025-09-13 11:46:55
475,30,2427,70,2025-10-12 06:52:06
476,16,3055,68,2025-05-09 23:22:45
477,99,1173,25,2025-05-31 05:35:46
478,95,1979,41,2025-03-17 23:34:08
479,35,4108,28,2026-01-08 14:30:28
480,26,726,52,2025-07-31 15:08:29
481,60,1696,8,2025-07-25 12:25:18
482,30,4393,4,2025-12-31 01:47:13
483,23,3047,23,2025-05-02 07:39:31
484,29,1271,17,2025-02-05 01:23:21
485,88,3040,51,2025-02-13 04:11:58
486,75,1076,63,2026-02-04 04:53:00
487,96,2572,7,2025-06-01 11:05:40
488,36,885,27,2025-09-01 15:20:18
489,41,505,52,2025-09-30 19:52:19
490,83,1808,87,2025-10-02 00:19:20
491,34,2503,5,2026-02-04 12:38:04
492,37,1350,100,2025-01-16 02:08:48
493,8,2301,81,2025-04-08 03:37:36
494,26,1191,60,2025-09-13 08:20:58
495,1,4437,67,2025-01-14 02:27:47
496,71,2943,60,2026-01-02 05:05:19
497,73,2812,71,2025-11-19 21:07:57
498,31,936,39,2025-02-08 02:08:09
499,59,2629,8,2025-12-17 06:54:27
500,89,275,25,2025-06-20 22:04:15
501,70,1372,32,2025-01-12 08:09:56
502,20,3082,52,2025-07-20 19:33:22
503,50,2819,36,2025-05-13 20:58:23
504,90,3228,65,2025-12-20 10:12:16
505,46,3199,18,2025-05-31 12:39:35
506,15,1003,53,2025-11-02 08:48:00
507,7,452,16,2025-03-23 23:56:20
508,12,1787,15,2025-12-31 01:44:07
509,47,4448,27,2025-12-18 08:05:12
510,87,1389,30,2025-06-08 23:05:20
511,6,2296,87,2025-06-09 11:57:44
512,64,3808,12,2025-04-21 16:58:26
513,24,1574,50,2025-09-26 11:57:07
514,85,2306,14,2026-01-15 11:43:01
515,36,1271,70,2025-11-11 10:36:54
516,25,1758,92,2025-12-02 01:17:25
517,22,1916,40,2025-01-09 08:27:13
518,84,3523,78,2025-02-24 22:35:32
519,34,3999,79,2025-06-16 05:36:26
520,81,4712,89,2025-11-04 19:39:20
521,39,410,99,2025-05-06 04:11:45
522,16,4241,29,2025-02-28 00:51:58
523,9,3880,70,2025-05-13 17:30:50
524,98,2,47,2025-04-08 00:42:04
525,20,3304,37,2025-04-13 04:09:37
526,26,2510,10,2025-08-29 04:36:04
527,1,1214,35,2025-08-18 04:14:50
528,54,4569,16,2025-12-26 07:34:34
529,25,397,62,2025-04-10 23:24:46
530,37,2061,24,2025-08-29 05:36:47
531,56,4621,74,2025-08-10 16:24:58
532,34,72,34,2025-11-24 21:33:40
533,97,3817,29,2025-06-16 21:29:55
534,77,2274,75,2025-01-13 12:39:31
535,22,3048,73,2025-03-25 01:48:27
536,92,2534,41,2025-11-14 04:20:25
537,28,3935,69,2026-01-11 06:42:35
538,1,3690,18,2025-11-25 18:44:10
539,15,1101,40,2025-06-11 05:11:56
540,34,4897,56,2025-11-13 10:25:43
541,39,1209,89,2025-06-02 22:03:55
542,95,1933,18,2026-01-20 03:11:15
543,84,4658,43,2025-06-03 16:39:05
544,95,3809,40,2025-01-01 13:33:35
545,99,835,57,2025-09-11 12:39:20
546,95,2026,22,2026-01-17 13:16:51
547,43,1097,43,2025-09-02 15:00:08
548,24,120,73,2025-04-20 21:07:41
549,9,797,56,2025-10-13 20:55:41
550,63,1835,47,2025-12-06 10:12:41
551,28,3371,82,2025-08-23 23:45:42
552,71,4159,14,2025-04-16 21:32:07
553,29,528,31,2025-08-26 23:50:22
554,86,1713,55,2025-04-12 17:21:37
555,20,4318,82,2025-10-25 19:24:43
556,98,4393,31,2025-12-15 21:27:05
557,6,4764,45,2025-06-30 08:52:17
558,67,1099,18,2025-01-16 02:43:29
559,36,1668,44,2025-10-15 04:22:59
560,56,4896,52,2025-09-05 07:58:31
561,20,1134,42,2025-03-25 07:00:23
562,50,4789,36,2025-09-18 13:52:47
563,75,116,0,2025-09-19 03:37:38
564,79,195,59,2026-01-11 20:06:27
565,44,2392,69,2025-04-27 00:55:41
566,40,3681,43,2025-04-16 16:36:58
567,89,2252,63,2025-11-22 17:13:11
568,63,3887,0,2025-12-18 10:29:04
569,76,688,49,2025-06-05 05:14:12
570,69,4916,27,2025-09-12 03:56:46
571,51,3835,18,2026-01-13 07:10:09
572,34,3758,89,2025-05-18 23:58:51
573,41,2529,57,2025-08-27 07:04:47
574,65,1195,57,2025-08-27 07:10:37
575,17,1132,10,2025-09-07 16:42:28
576,58,724,89,2025-04-27 00:24:06
577,41,2645,86,2025-09-26 15:07:38
578,40,3641,64,2025-11-10 19:55:49
579,60,4329,25,2025-12-02 11:36:41
580,3,3241,6,2025-11-21 19:10:39
581,30,2192,18,2025-06-16 03:59:36
582,36,3052,47,2025-07-21 06:58:05
583,54,2732,19,2025-02-07 23:34:13
584,2,4510,88,2025-12-12 23:46:23
585,53,2838,84,2025-04-14 14:09:06
586,86,2344,95,2026-01-02 19:52:41
587,30,1077,6,2025-09-01 14:08:09
588,6,3191,28,2025-06-11 05:37:41
589,46,107,92,2026-01-20 23:08:21
590,21,4335,79,2025-11-02 21:23:48
591,38,2572,77,2025-01-27 17:03:27
592,66,2814,31,2025-03-12 18:22:21
593,29,875,65,2025-01-09 23:54:57
594,42,2766,82,2025-05-05 20:27:37
595,42,561,63,2025-12-23 09:39:06
596,36,2792,22,2026-01-11 06:37:54
597,43,1003,33,2025-10-04 15:25:45
598,6,3780,88,2025-05-08 16:19:22
599,32,2207,12,2026-01-24 13:21:31
600,19,3182,49,2025-08-19 01:44:16
601,63,3110,81,2026-01-24 00:57:28
602,58,4544,21,2025-12-14 04:48:44
603,100,34,50,2025-01-27 16:21:15
604,62,1604,42,2025-04-17 20:19:02
605,37,2279,71,2025-11-25 07:18:59
606,10,4059,63,2025-05-22 22:34:53
607,85,4347,66,2025-11-17 07:38:24
608,49,3927,50,2025-02-05 13:10:03
609,25,2262,32,2026-01-24 06:11:42
610,25,2612,28,2025-12-15 18:28:01
611,62,1656,70,2025-02-09 15:03:26
612,38,4802,21,2025-04-12 12:23:25
613,67,461,14,2025-04-20 16:08:58
614,10,1009,8,2025-04-13 15:46:07
615,20,2788,39,2026-01-30 17:25:05
616,41,4586,49,2025-05-01 14:48:20
617,76,287,78,2025-08-01 04:34:11
618,23,3920,43,2025-09-08 16:55:42
619,35,1151,63,2025-09-04 14:01:57
620,36,2975,87,2025-02-07 11:15:20
621,59,3901,70,2025-02-06 09:48:20
622,67,3823,1,2025-05-11 16:49:45
623,59,752,11,2025-01-26 05:43:33
624,89,494,93,2025-12-04 01:27:05
625,72,3580,36,2025-01-19 02:23:19
626,66,654,60,2025-08-18 23:43:26
627,66,784,93,2025-09-20 06:22:25
628,75,4124,51,2025-11-05 09:42:37
629,36,3525,17,2025-11-25 10:50:47
630,42,4270,96,2025-04-19 06:07:11
631,55,4146,55,2025-08-20 20:39:30
632,69,1788,7,2025-12-10 10:51:44
633,36,1987,47,2025-08-29 07:44:00
634,63,1517,5,2025-01-03 19:12:26
635,15,873,95,2025-10-25 20:58:33
636,27,2220,51,2025-09-18 17:25:22
637,63,1050,68,2025-03-19 22:39:33
638,8,4486,55,2025-09-28 01:34:06
639,46,4850,38,2025-12-22 04:22:42
640,57,593,25,2025-11-05 20:31:34
641,3,2533,70,2025-06-19 13:14:04
642,23,2219,19,2025-06-27 13:23:45
643,100,2412,80,2025-04-27 03:47:02
644,41,103,98,2025-07-28 09:45:22
645,92,1279,66,2025-03-13 09:17:40
646,20,290,43,2026-02-03 12:51:22
647,33,4072,18,2025-01-23 01:12:07
648,88,1572,28,2025-03-04 12:15:42
649,60,3470,87,2025-04-26 05:03:56
650,76,1608,65,2025-07-20 07:12:29
651,37,365,60,2025-05-18 17:23:04
652,42,3196,92,2025-05-01 23:13:42
653,51,1249,72,2025-07-08 11:15:46
654,35,3945,3,2025-07-30 19:44:34
655,97,1568,93,2025-03-21 04:37:53
656,6,2828,95,2025-08-27 13:57:45
657,1,87,55,2025-07-23 11:15:08
658,1,3971,38,2025-03-17 23:00:48
659,5,195,90,2026-01-04 08:43:27
660,32,1211,79,2026-01-29 16:26:22
661,9,4703,9,2025-10-22 16:13:37
662,44,2215,92,2025-08-24 17:00:26
663,77,1917,80,2025-10-25 21:20:08
664,9,1431,57,2025-02-20 12:46:32
665,41,1191,22,2025-04-21 02:04:37
666,66,549,90,2025-03-14 22:55:39
667,32,4957,3,2025-02-05 07:17:42
668,54,239,47,2025-10-24 11:23:26
669,64,1896,52,2025-03-07 21:48:42
670,69,2428,94,2026-01-06 11:35:05
671,37,3899,84,2025-09-10 12:09:42
672,14,4850,41,2025-02-22 01:34:00
673,98,3551,91,2025-11-09 09:35:46
674,52,1850,29,2025-03-21 17:26:57
675,4,3958,53,2025-05-17 15:23:49
676,54,3142,82,2025-04-04 15:34:03
677,66,4335,44,2025-10-14 03:46:27
678,54,1260,44,2025-10-29 05:15:38
679,76,985,35,2025-07-23 02:42:27
680,50,219,46,2025-06-20 04:51:15
681,41,3702,53,2025-12-18 10:07:02
682,70,1138,67,2025-06-24 08:34:25
683,76,3934,20,2025-01-23 09:26:51
684,3,4723,6,2025-04-05 11:32:50
685,78,3034,49,2025-06-06 11:58:59
686,74,3556,24,2025-12-28 04:06:43
687,50,2689,28,2025-10-17 01:11:46
688,26,201,0,2025-10-01 23:27:43
689,2,309,68,2025-01-13 06:22:11
690,57,3167,69,2025-12-01 18:09:37
691,41,4265,72,2025-03-19 00:48:39
692,32,927,91,2025-02-15 22:38:02
693,72,4590,45,2025-11-02 15:58:28
694,60,1863,94,2025-11-02 16:47:10
695,79,2515,27,2026-01-02 21:20:27
696,45,4995,0,2025-08-17 03:31:34
697,1,17,67,2025-04-21 18:09:10
698,76,4521,74,2025-06-10 21:47:52
699,27,853,68,2025-05-12 03:06:46
700,68,2571,22,2025-07-06 09:12:00
701,52,3299,20,2025-04-15 03:35:59
702,57,2732,88,2025-09-21 05:03:36
703,27,709,29,2025-07-02 06:53:01
704,11,1980,33,2025-07-29 13:45:09
705,60,135,23,2025-09-21 00:23:12
706,60,4689,87,2025-06-03 09:44:42
707,9,2161,74,2025-04-12 04:40:19
708,95,2413,44,2025-06-22 02:23:21
709,54,2102,46,2025-12-15 07:17:35
710,50,304,49,2025-12-18 22:30:07
711,64,699,71,2025-12-27 20:59:47
712,64,1167,47,2025-06-17 14:04:15
713,87,3514,73,2025-02-16 01:08:17
714,74,2824,36,2025-01-17 11:57:48
715,21,2438,11,2025-12-24 11:02:04
716,45,1056,100,2025-11-04 17:07:50
717,22,2751,83,2025-03-08 05:04:32
718,77,3138,99,2025-11-01 19:06:13
719,20,1671,64,2026-01-24 13:51:26
720,77,1422,80,2025-04-30 13:06:45
721,77,3229,85,2025-01-11 08:02:56
722,5,1312,27,2025-11-19 22:59:28
723,90,2070,38,2025-07-31 17:40:51
724,79,2166,78,2025-06-08 14:25:19
725,26,1687,45,2025-12-11 04:46:28
726,91,2527,30,2025-03-06 21:37:09
727,16,2725,65,2025-01-23 21:52:51
728,75,4605,26,2025-05-18 17:39:52
729,68,2267,92,2025-05-06 14:05:34
730,59,1951,9,2025-02-14 08:35:42
731,65,3090,7,2025-03-09 06:03:25
732,20,4085,70,2025-04-03 13:18:23
733,9,271,63,2025-03-17 01:15:49
734,64,1714,41,2025-07-11 01:35:09
735,47,3361,89,2025-11-11 19:11:14
736,98,429,98,2025-11-22 12:01:11
737,30,501,51,2025-05-28 19:15:22
738,18,435,41,2026-01-29 17:52:06
739,86,1119,56,2026-01-17 21:29:33
740,86,1706,82,2025-12-03 20:20:14
741,79,2129,77,2025-10-30 11:14:22
742,95,2827,60,2025-08-10 05:37:18
743,31,4374,89,2025-12-19 19:58:04
744,49,3204,48,2025-07-20 20:45:30
745,12,781,65,2025-07-21 17:51:21
746,29,1506,26,2025-06-04 07:27:50
747,69,3105,88,2025-12-30 13:11:20
748,83,1638,16,2025-01-05 16:26:22
749,75,578,94,2025-05-08 18:33:18
750,48,3297,5,2025-06-07 09:13:58
751,97,4238,68,2026-01-25 05:49:23
752,45,468,41,2025-12-22 22:02:10
753,3,2523,92,2025-10-14 15:07:19
754,100,2739,57,2025-03-27 06:46:01
755,93,1530,99,2025-11-24 08:17:10
756,19,2342,2,2026-01-02 01:31:18
757,25,3109,9,2025-02-03 18:38:24
758,24,2496,73,2025-04-17 07:47:33
759,43,3398,54,2025-03-01 02:48:55
760,41,4771,83,2026-01-20 22:24:40
761,75,3052,65,2025-04-16 06:57:11
762,3,3994,45,2025-01-23 01:46:49
763,85,3959,75,2025-07-11 23:51:41
764,21,3325,47,2025-01-07 12:59:24
765,26,3289,48,2025-07-19 10:20:03
766,40,2494,81,2025-04-27 08:14:35
767,84,328,84,2025-10-30 14:18:14
768,1,4997,72,2026-01-24 06:05:52
769,61,1117,19,2025-03-02 18:10:33
770,73,4441,39,2025-04-03 22:53:58
771,21,4618,49,2025-02-17 11:42:06
772,82,720,72,2025-04-05 00:34:08
773,74,2517,25,2025-02-16 01:37:17
774,46,1802,68,2025-06-22 10:12:51
775,7,249,61,2026-01-03 16:48:35
776,23,1937,16,2025-02-21 20:13:37
777,82,368,42,2025-06-11 14:40:06
778,16,2161,24,2025-03-13 07:27:53
779,27,3881,16,2025-11-19 02:10:38
780,13,732,87,2025-10-05 18:59:11
781,81,4178,45,2025-07-18 07:38:35
782,69,3992,11,2025-08-08 11:49:08
783,35,28,53,2025-02-03 13:10:53
784,74,4667,66,2025-01-25 12:20:35
785,65,3302,43,2025-08-18 06:04:12
786,76,2780,29,2025-11-23 19:58:25
787,42,3491,31,2025-10-20 04:07:48
788,49,101,4,2025-02-26 20:10:09
789,35,1242,32,2025-09-23 16:54:39
790,78,1561,7,2025-05-31 00:41:32
791,5,3044,70,2025-03-12 04:45:02
792,9,942,97,2026-01-03 05:18:19
793,43,1741,91,2025-02-21 14:56:05
794,88,731,17,2025-11-28 07:53:18
795,34,1085,51,2025-05-06 15:55:58
796,83,1610,65,2025-05-13 05:22:36
797,6,4505,72,2025-11-27 22:06:15
798,18,179,80,2025-12-18 02:34:02
799,4,66,74,2025-07-07 13:56:57
800,12,4419,19,2025-01-22 02:03:40
801,70,1894,87,2026-01-18 10:37:12
802,49,4162,20,2025-05-15 18:59:38
803,6,5,73,2025-12-26 09:38:39
804,93,3748,58,2025-04-13 20:25:00
805,18,586,73,2025-01-16 16:54:02
806,13,3678,15,2025-11-23 20:35:14
807,10,3881,77,2025-05-12 16:58:40
808,44,124,63,2025-05-14 20:16:47
809,2,4606,74,2025-02-15 17:42:42
810,63,4894,34,2025-11-30 16:57:44
811,28,2030,44,2025-05-15 01:41:36
812,39,1661,71,2025-03-14 08:11:10
813,42,3221,89,2025-08-09 22:16:34
814,42,4105,16,2025-02-27 12:52:01
815,77,576,39,2025-10-07 12:26:49
816,55,3344,86,2025-04-23 20:05:18
817,21,4711,99,2025-06-19 08:15:15
818,39,2635,83,2025-02-16 02:29:30
819,7,3558,29,2025-08-06 23:55:52
820,85,3633,73,2025-08-30 09:10:26
821,80,3619,20,2025-12-07 10:24:36
822,68,4083,98,2025-05-05 23:17:41
823,51,3773,0,2025-03-14 17:23:58
824,7,1392,13,2025-02-15 15:10:22
825,91,4517,19,2025-06-02 01:45:43
826,34,3558,54,2025-05-15 08:12:30
827,73,2076,10,2025-06-26 10:21:18
828,82,2916,0,2026-01-02 10:23:20
829,14,4997,85,2025-09-12 02:55:50
830,31,2211,47,2025-09-28 01:27:51
831,40,2404,44,2025-12-21 06:07:11
832,40,4739,54,2025-04-08 11:38:34
833,81,601,100,2025-05-14 00:04:16
834,72,3216,77,2025-12-30 04:05:34
835,73,278,74,2025-07-15 23:09:03
836,28,1569,55,2026-02-05 12:12:11
837,46,3499,41,2025-12-01 06:26:24
838,60,717,93,2025-10-23 13:38:10
839,13,3042,59,2025-05-11 18:46:06
840,8,2945,98,2025-05-17 13:14:01
841,45,2011,16,2025-02-02 17:54:19
842,48,1297,56,2025-04-28 03:46:16
843,74,2786,26,2025-10-07 10:47:04
844,63,4434,95,2025-02-02 02:38:52
845,55,390,17,2025-09-18 21:38:21
846,54,413,30,2025-08-21 08:05:48
847,24,4616,20,2025-06-06 13:28:00
848,25,2488,44,2025-07-26 10:19:31
849,89,1083,73,2025-04-16 07:32:13
850,63,3790,59,2025-10-21 17:41:14
851,19,1692,59,2025-07-22 22:23:37
852,10,2323,77,2025-01-17 08:46:17
853,29,1575,6,2025-03-17 05:49:36
854,6,3007,84,2025-01-04 05:29:18
855,1,3916,17,2025-10-16 12:22:33
856,42,1162,56,2025-12-20 19:08:52
857,48,1086,79,2025-12-26 07:10:03
858,63,3243,13,2025-11-03 15:04:01
859,2,3988,5,2025-03-07 00:42:12
860,95,1151,53,2025-09-04 16:37:25
861,92,2963,51,2025-11-02 19:02:52
862,88,966,56,2025-02-13 03:09:25
863,44,2759,100,2025-11-16 03:04:20
864,62,1653,1,2026-01-12 21:11:14
865,42,2692,30,2025-06-10 16:10:17
866,80,3574,2,2025-04-05 09:32:51
867,31,1271,21,2025-05-29 23:44:48
868,69,4021,64,2025-06-08 16:04:52
869,31,2831,17,2025-01-18 06:28:58
870,65,2729,89,2025-11-16 03:03:39
871,48,4350,20,2025-11-23 20:36:18
872,23,2478,40,2025-03-29 12:14:31
873,79,269,39,2025-04-21 17:34:36
874,84,3231,37,2025-06-03 12:19:09
875,84,2148,99,2025-09-25 21:42:00
876,39,3103,11,2025-03-15 06:22:08
877,21,3645,91,2025-11-17 18:06:17
878,23,3879,86,2025-06-03 11:00:07
879,80,4449,36,2025-02-13 12:43:16
880,75,2495,19,2025-05-28 15:20:38
881,96,1753,51,2025-07-09 06:59:05
882,76,570,29,2025-12-30 22:39:48
883,86,1895,61,2025-11-13 00:42:57
884,64,2843,72,2025-11-04 13:04:54
885,24,4570,56,2025-09-03 20:30:20
886,90,3183,21,2025-04-17 23:33:51
887,42,3828,86,2025-03-15 00:20:19
888,3,3464,16,2025-09-28 18:30:58
889,61,1826,100,2025-11-28 22:12:25
890,56,2426,27,2025-03-03 14:30:50
891,17,3685,79,2025-05-11 08:21:30
892,98,2903,6,2025-10-15 09:51:49
893,41,4729,1,2026-01-06 20:18:54
894,95,2137,26,2025-03-01 15:26:41
895,100,2842,71,2025-10-27 06:59:44
896,43,4355,56,2025-12-18 06:44:40
897,79,1273,56,2025-07-18 18:10:04
898,85,3535,77,2026-01-08 06:34:36
899,63,49,97,2025-07-08 10:51:14
900,68,2079,6,2025-02-21 06:41:31
901,46,4266,58,2025-02-28 02:01:56
902,80,3548,59,2025-12-13 18:14:56
903,22,1035,4,2025-10-06 04:10:28
904,42,1433,32,2026-01-27 17:49:10
905,47,2237,11,2025-06-04 16:11:05
906,96,2744,50,2025-03-10 15:13:29
907,1,4439,4,2025-08-02 22:40:14
908,96,4991,93,2025-03-13 02:30:42
909,24,1811,18,2025-10-14 07:04:24
910,24,1238,66,2025-09-18 03:14:41
911,30,55,61,2025-10-04 20:28:03
912,71,2115,29,2025-06-16 02:00:58
913,90,1068,45,2025-01-29 12:50:59
914,58,3286,14,2025-04-02 18:28:01
915,28,521,89,2025-01-08 18:01:05
916,37,336,76,2025-01-28 20:14:01
917,37,2487,96,2025-10-27 02:20:47
918,84,3297,31,2025-02-05 21:03:51
919,38,3613,1,2025-09-07 13:04:33
920,26,4756,18,2025-10-03 22:29:48
921,94,1254,90,2026-01-19 03:04:30
922,52,98,85,2025-12-26 13:49:46
923,77,4186,8,2025-07-13 01:00:43
924,66,2987,71,2025-10-03 14:24:11
925,65,2918,11,2025-06-07 12:43:39
926,85,1396,29,2025-08-01 03:07:39
927,13,1247,0,2025-12-19 05:49:55
928,44,4247,80,2025-01-08 05:58:31
929,2,2631,64,2026-01-11 16:31:15
930,63,1333,35,2025-10-13 10:30:50
931,5,923,80,2025-12-30 01:11:01
932,71,206,7,2025-07-03 20:55:42
933,16,4495,71,2025-12-26 23:38:51
934,89,3029,90,2025-06-21 03:56:19
935,42,106,62,2025-01-19 07:46:20
936,16,3948,99,2025-12-27 18:51:00
937,14,2719,61,2025-11-04 22:36:32
938,72,3799,9,2025-11-03 04:24:49
939,11,4093,7,2025-12-29 04:18:01
940,95,171,36,2025-10-12 07:04:07
941,36,3285,85,2025-11-17 10:16:05
942,94,1259,81,2025-12-12 18:12:37
943,65,2511,93,2025-03-02 08:07:20
944,55,3719,37,2025-01-23 06:55:35
945,21,103,3,2025-08-24 20:48:15
946,68,4919,82,2025-11-25 15:11:28
947,4,2058,79,2025-08-14 03:00:53
948,70,1581,17,2025-05-26 08:15:05
949,62,2821,87,2025-07-19 15:39:06
950,43,2066,25,2025-03-26 13:07:10
951,31,3053,51,2025-09-12 10:43:28
952,12,3105,77,2025-10-28 00:48:02
953,93,3257,62,2025-11-11 03:32:06
954,92,287,1,2025-05-22 13:17:17
955,82,4495,95,2025-04-16 19:06:47
956,28,1850,64,2025-05-15 00:17:52
957,66,1331,3,2025-08-22 19:12:49
958,23,3934,51,2025-02-24 17:24:47
959,53,2056,35,2025-11-10 12:18:58
960,44,2641,57,2025-03-03 21:29:25
961,3,397,24,2025-09-03 16:13:13
962,79,4415,90,2025-03-27 15:37:25
963,54,256,83,2026-01-28 02:25:25
964,34,4685,3,2025-10-29 07:07:51
965,82,4190,51,2025-11-26 08:12:58
966,67,712,19,2025-06-15 17:14:04
967,96,1815,24,2026-01-02 13:21:07
968,53,1041,82,2025-04-27 07:40:37
969,5,2342,83,2026-01-05 01:24:15
970,5,1952,99,2026-02-01 16:43:58
971,65,4863,73,2025-05-31 16:45:51
972,49,371,75,2025-03-03 21:49:02
973,65,2784,18,2025-09-19 03:06:09
974,16,1822,66,2025-10-10 18:52:08
975,83,4606,85,2025-06-14 05:06:58
976,71,2328,10,2025-09-13 18:29:25
977,92,908,74,2026-02-04 04:34:59
978,13,4384,27,2025-05-20 12:46:00
979,90,3375,61,2025-02-02 12:31:11
980,20,2779,62,2025-08-18 16:36:22
981,100,995,71,2025-03-11 19:55:43
982,18,3348,68,2025-09-25 19:13:49
983,25,1819,59,2025-05-25 02:00:29
984,67,368,50,2025-05-24 15:52:59
985,73,2344,68,2025-04-08 17:55:28
986,22,1051,100,2025-08-17 02:41:42
987,86,1718,61,2025-05-01 22:29:44
988,27,1742,92,2025-01-02 15:24:42
989,93,3379,31,2025-07-30 03:28:50
990,82,1591,46,2025-04-16 08:25:58
991,70,4668,97,2026-01-09 16:47:02
992,45,719,85,2025-07-23 21:32:33
993,82,4926,48,2026-01-05 16:30:31
994,16,1253,92,2025-08-12 22:14:33
995,100,2293,32,2025-10-16 13:21:12
996,67,3020,75,2025-09-05 20:18:43
997,63,1766,4,2026-02-04 04:46:39
998,14,968,14,2025-08-27 05:57:15
999,26,779,29,2025-08-26 00:25:01
1000,9,2782,20,2025-04-10 05:00:15
1001,15,2552,92,2025-10-05 07:33:53
1002,53,4566,15,2026-02-05 23:34:36
1003,96,3490,66,2025-10-02 22:13:59
1004,95,3223,67,2025-12-30 02:48:09
1005,87,4059,50,2025-11-28 13:24:14
1006,14,2211,42,2025-08-08 14:10:07
1007,49,838,93,2025-10-20 20:12:35
1008,91,3241,90,2025-08-18 19:54:02
1009,81,3418,63,2025-11-13 02:01:09
1010,62,1570,36,2025-05-26 07:55:32
1011,96,3716,14,2025-05-26 01:13:54
1012,84,585,35,2025-11-03 02:17:46
1013,14,1313,82,2025-02-10 00:06:57
1014,82,126,19,2025-03-18 08:53:37
1015,72,2865,57,2025-03-25 05:55:21
1016,62,2696,72,2025-08-20 06:14:18
1017,13,2598,63,2025-03-08 05:55:58
1018,17,1527,34,2025-12-15 13:44:15
1019,16,3418,69,2025-09-19 17:51:23
1020,65,276,62,2025-03-28 04:35:28
1021,48,3906,87,2025-01-05 18:03:42
1022,52,1677,84,2025-01-01 00:10:16
1023,100,4910,21,2025-04-18 11:17:20
1024,59,867,98,2025-07-14 04:30:36
1025,37,3212,78,2025-04-18 07:46:43
1026,1,2539,55,2026-02-02 14:20:38
1027,94,4986,93,2025-07-02 21:32:22
1028,95,3250,84,2025-11-13 05:15:00
1029,31,572,83,2025-06-28 13:47:25
1030,44,4488,99,2025-04-03 19:23:35
1031,9,3728,39,2025-07-18 20:48:34
1032,8,734,81,2025-11-30 19:05:40
1033,32,2897,34,2025-05-18 18:05:00
1034,48,1951,74,2025-09-28 05:44:14
1035,18,2071,67,2025-12-20 15:17:36
1036,18,3587,36,2025-04-04 05:27:35
1037,92,2308,64,2025-09-15 14:19:51
1038,60,2798,49,2025-12-21 07:45:26
1039,3,984,13,2025-03-31 10:44:28
1040,96,1645,94,2025-04-28 05:32:52
1041,76,724,11,2025-07-11 03:29:24
1042,75,4881,83,2025-10-19 18:56:19
1043,29,1539,45,2025-01-20 01:16:23
1044,29,1011,93,2025-08-26 04:50:21
1045,74,7,66,2025-01-07 20:43:54
1046,83,4881,28,2025-08-19 21:06:46
1047,4,594,28,2026-01-30 00:41:43
1048,90,4881,98,2025-11-26 06:03:13
1049,37,367,10,2026-01-24 19:11:12
1050,86,4845,29,2025-12-31 23:47:48
1051,20,1136,63,2025-05-19 23:23:07
1052,73,3853,90,2025-03-25 16:04:56
1053,52,1325,72,2025-09-09 09:30:51
1054,2,1813,84,2026-01-21 05:30:39
1055,95,2909,54,2025-10-31 14:13:01
1056,37,1341,11,2025-11-08 20:01:51
1057,41,2434,46,2025-07-22 20:23:43
1058,98,880,39,2025-12-28 00:52:20
1059,23,1645,32,2026-02-05 15:03:49
1060,61,4002,93,2025-03-07 13:43:24
1061,27,950,68,2026-01-29 10:57:44
1062,24,2675,39,2025-01-14 15:08:19
1063,54,3351,1,2025-09-16 09:45:41
1064,40,90,16,2025-12-15 01:20:03
1065,79,1908,55,2025-03-13 23:16:37
1066,57,566,34,2025-08-31 03:05:37
1067,14,1341,13,2025-05-06 10:08:33
1068,91,1958,68,2026-01-25 03:30:08
1069,48,1227,95,2025-05-30 18:26:47
1070,9,2919,30,2025-03-12 23:37:57
1071,6,2765,41,2025-05-13 03:48:43
1072,44,2992,67,2025-05-29 16:49:38
1073,5,4454,91,2025-10-11 23:10:18
1074,76,134,23,2025-08-21 04:39:15
1075,51,320,54,2025-03-20 05:21:32
1076,39,4770,33,2025-03-16 23:49:20
1077,73,1523,83,2025-04-13 17:38:15
1078,80,4689,64,2025-01-26 02:30:32
1079,87,3121,7,2025-12-18 19:06:15
1080,45,2,80,2025-09-12 05:12:44
1081,79,1078,54,2025-06-21 21:37:53
1082,57,4647,30,2025-04-03 21:58:04
1083,1,960,7,2025-05-07 21:00:45
1084,9,1622,25,2025-12-01 01:47:45
1085,94,3082,20,2025-04-19 06:40:05
1086,61,3995,0,2025-03-16 08:24:53
1087,84,1050,68,2025-12-02 18:25:29
1088,51,213,71,2025-03-15 21:56:12
1089,13,66,0,2025-03-12 15:46:22
1090,59,1101,96,2025-10-03 15:53:05
1091,89,960,80,2025-03-08 04:15:18
1092,63,2648,37,2025-02-21 18:42:26
1093,15,3344,78,2025-05-21 13:16:00
1094,55,4090,2,2025-04-24 11:52:09
1095,68,1748,17,2025-08-08 05:06:36
1096,9,1732,38,2026-01-20 19:24:20
1097,44,4957,35,2025-12-10 15:04:58
1098,55,643,93,2025-04-15 01:17:57
1099,78,1864,1,2025-10-21 02:24:30
1100,26,3419,64,2025-07-14 06:23:55
1101,63,3449,52,2025-06-13 17:07:27
1102,86,1947,29,2025-09-01 03:44:06
1103,98,1150,100,2025-06-10 02:39:30
1104,10,339,83,2026-01-28 22:15:30
1105,34,2540,97,2025-08-16 06:18:52
1106,10,1666,8,2025-09-25 17:56:46
1107,92,4568,58,2025-11-23 01:21:12
1108,81,3393,53,2025-04-08 14:56:20
1109,45,3790,9,2025-06-27 03:57:37
1110,24,4559,63,2025-11-19 05:10:21
1111,24,2973,90,2025-08-30 23:06:56
1112,98,4141,7,2025-10-16 16:50:35
1113,45,1898,37,2025-03-13 08:12:04
1114,45,4557,37,2025-03-24 17:02:59
1115,24,3088,10,2025-04-14 03:12:22
1116,5,3364,98,2025-03-17 13:11:46
1117,46,1140,47,2025-07-23 23:04:40
1118,14,2245,78,2025-09-02 00:23:02
1119,32,2159,69,2025-08-11 02:27:44
1120,77,1476,85,2025-07-05 00:26:58
1121,83,4190,70,2025-08-10 17:21:23
1122,86,3594,94,2026-01-24 07:50:30
1123,56,4418,0,2025-12-07 23:23:11
1124,69,1665,62,2026-01-30 19:56:59
1125,75,789,100,2025-04-15 09:47:51
1126,97,717,31,2025-02-23 18:54:53
1127,85,544,92,2025-07-21 07:16:32
1128,16,1394,75,2025-08-01 14:19:42
1129,94,274,58,2025-02-20 14:29:46
1130,69,733,59,2025-07-31 12:44:35
1131,18,508,54,2025-01-25 04:04:42
1132,85,4631,59,2025-11-18 09:28:54
1133,70,918,99,2025-08-22 00:28:40
1134,11,252,55,2025-10-12 14:09:04
1135,43,4475,17,2025-06-04 21:39:04
1136,48,3825,36,2025-09-03 02:39:29
1137,65,4429,55,2025-09-26 23:40:31
1138,44,1147,21,2025-10-17 07:26:45
1139,42,1083,62,2025-06-03 06:35:23
1140,90,2551,77,2025-09-01 21:24:05
1141,43,4762,5,2025-06-28 15:05:41
1142,70,4311,52,2025-04-08 17:34:59
1143,40,2769,30,2025-12-31 03:25:16
1144,27,3353,89,2025-01-24 13:42:37
1145,11,1790,66,2025-08-08 14:05:27
1146,82,48,6,2026-01-27 17:09:33
1147,88,2633,62,2025-09-24 22:50:16
1148,92,3045,38,2025-12-27 07:32:10
1149,86,4845,4,2025-07-25 22:03:51
1150,99,9,89,2025-03-30 22:40:25
1151,97,827,18,2025-08-24 23:54:49
1152,17,3329,83,2025-08-13 11:47:54
1153,79,1712,45,2025-02-01 16:56:57
1154,42,2494,30,2025-06-09 05:54:08
1155,51,4797,80,2025-06-19 03:33:21
1156,95,2484,83,2025-04-17 01:20:26
1157,7,3681,66,2025-08-20 06:39:36
1158,30,1282,99,2025-06-04 00:48:43
1159,75,2192,45,2026-01-26 17:59:16
1160,18,4991,19,2025-12-19 12:41:04
1161,86,4985,11,2025-02-06 04:36:09
1162,52,2406,32,2025-10-26 00:02:50
1163,88,2206,87,2026-01-08 12:50:04
1164,1,3950,89,2025-06-25 20:45:38
1165,5,780,17,2025-07-22 19:43:29
1166,61,3167,88,2026-02-01 20:31:52
1167,99,2920,21,2025-04-17 21:57:11
1168,31,4281,14,2025-10-31 11:19:38
1169,34,3944,78,2025-07-12 00:04:36
1170,26,4885,78,2025-12-13 18:50:37
1171,47,2671,64,2025-03-24 00:38:28
1172,20,4946,63,2025-02-02 17:40:59
1173,77,3540,89,2025-09-18 01:18:44
1174,68,2861,39,2025-04-13 16:05:12
1175,35,971,24,2025-11-19 10:21:20
1176,51,3696,71,2025-07-03 21:15:38
1177,15,1658,99,2025-07-16 06:14:00
1178,91,347,83,2025-04-24 14:36:34
1179,87,3534,27,2025-12-19 06:07:52
1180,54,3799,53,2025-04-19 19:52:47
1181,28,3924,0,2025-03-14 13:49:26
1182,9,1854,97,2025-02-16 19:39:04
1183,17,4869,44,2025-05-26 02:01:29
1184,14,1982,1,2025-03-27 07:34:20
1185,37,826,57,2025-09-06 17:33:04
1186,34,794,51,2025-06-17 05:16:25
1187,73,401,90,2025-09-02 13:04:50
1188,78,970,100,2025-10-25 04:20:30
1189,47,44,48,2025-01-18 05:08:22
1190,55,3381,32,2025-03-06 04:13:31
1191,68,3156,46,2025-01-03 10:37:34
1192,77,1839,64,2025-12-22 07:19:52
1193,92,3384,6,2025-10-23 19:45:17
1194,2,2139,73,2025-05-09 09:43:54
1195,97,4460,32,2025-11-06 22:23:46
1196,74,1527,35,2025-02-11 23:24:00
1197,69,4562,40,2025-10-30 06:39:19
1198,71,1863,47,2025-01-28 10:15:39
1199,11,3701,48,2025-07-14 07:29:07
1200,53,4390,27,2025-04-13 01:32:30
1201,17,2419,74,2026-02-04 17:45:11
1202,84,940,45,2025-03-09 12:07:34
1203,1,2690,3,2025-01-17 13:21:00
1204,82,4042,21,2026-01-14 00:16:00
1205,83,3309,10,2025-06-08 17:22:35
1206,11,1499,33,2025-01-03 07:30:57
1207,51,2175,4,2025-09-24 00:43:18
1208,27,2578,82,2025-01-20 11:31:03
1209,79,512,36,2025-12-25 19:01:17
1210,22,2961,84,2025-08-19 14:04:08
1211,32,4523,44,2025-06-30 09:11:17
1212,18,1414,41,2025-05-20 18:55:04
1213,29,4939,55,2026-01-08 13:33:32
1214,79,837,31,2025-07-14 06:37:57
1215,8,3911,5,2025-07-17 15:32:38
1216,6,4066,54,2026-02-01 07:25:50
1217,82,70,83,2025-01-15 03:29:39
1218,36,920,25,2026-01-13 00:30:02
1219,37,3047,69,2025-09-22 07:56:47
1220,10,2191,62,2025-11-18 20:29:54
1221,56,4265,89,2025-04-28 02:35:48
1222,77,1747,52,2025-09-17 18:42:05
1223,38,287,79,2025-01-21 07:27:35
1224,46,1416,24,2025-10-06 10:27:00
1225,33,3501,70,2025-02-13 21:58:43
1226,27,1545,93,2026-01-02 05:13:46
1227,1,1097,53,2025-05-23 00:53:51
1228,18,4150,63,2025-11-03 21:28:20
1229,74,3360,42,2026-01-26 19:03:40
1230,45,1206,42,2025-02-13 21:38:48
1231,30,2669,17,2025-04-29 23:01:14
1232,12,4714,81,2025-05-06 18:11:04
1233,86,1710,21,2025-07-30 08:08:51
1234,92,2399,59,2025-02-01 05:08:54
1235,80,320,67,2025-09-06 00:38:26
1236,80,106,94,2025-01-24 06:38:54
1237,9,4767,40,2025-04-06 20:08:56
1238,40,3202,98,2025-04-02 15:59:49
1239,69,3435,41,2025-10-07 00:08:49
1240,66,3490,15,2026-01-29 00:33:13
1241,15,878,17,2025-03-06 17:09:01
1242,54,381,42,2025-11-24 23:11:37
1243,13,980,96,2025-04-08 23:13:40
1244,63,2477,71,2025-02-03 10:10:33
1245,33,2782,54,2025-09-17 08:35:47
1246,64,2077,24,2025-02-08 01:44:51
1247,45,2094,16,2025-05-08 06:37:52
1248,13,4765,74,2025-02-26 20:27:38
1249,68,3191,98,2025-01-31 06:29:31
1250,30,3703,4,2025-09-22 08:26:01
1251,2,4082,3,2025-06-07 07:41:45
1252,57,3299,99,2026-01-11 03:02:15
1253,100,2116,71,2025-03-11 05:29:38
1254,38,1558,48,2025-08-13 23:08:11
1255,50,1417,64,2025-07-27 17:33:29
1256,37,1249,75,2025-12-21 21:09:50
1257,20,3085,75,2026-01-12 05:40:33
1258,17,238,50,2025-11-04 18:18:18
1259,73,822,18,2025-12-07 00:42:52
1260,23,706,93,2025-03-13 11:05:50
1261,54,4712,26,2025-07-22 23:18:17
1262,25,4123,38,2025-11-09 13:24:30
1263,84,2294,58,2025-03-01 00:44:40
1264,12,4800,92,2026-01-06 18:51:37
1265,37,1251,29,2025-12-25 01:44:22
1266,77,361,53,2025-02-21 03:26:57
1267,20,2537,3,2025-05-07 14:06:19
1268,85,1019,44,2025-04-04 19:09:45
1269,6,1761,43,2025-09-03 18:00:36
1270,2,861,67,2025-06-23 20:20:37
1271,27,4761,36,2025-06-15 03:49:44
1272,87,4242,48,2025-09-06 14:42:58
1273,20,85,37,2025-10-31 02:09:21
1274,38,4693,68,2025-03-07 22:45:52
1275,44,44,84,2026-02-02 23:03:31
1276,53,1961,98,2025-05-31 00:12:56
1277,98,2235,77,2025-09-13 12:27:08
1278,20,371,12,2025-05-31 05:20:06
1279,90,1751,22,2025-12-12 12:16:36
1280,74,1362,76,2025-08-04 10:44:58
1281,10,2765,23,2025-05-02 21:29:19
1282,34,322,35,2025-02-12 18:10:29
1283,36,2842,35,2026-01-02 20:17:31
1284,57,2733,63,2025-05-17 15:50:11
1285,42,2378,41,2025-08-17 23:50:33
1286,3,1241,50,2025-09-20 18:07:09
1287,61,1933,20,2025-02-08 09:00:36
1288,78,2363,19,2025-11-05 00:24:51
1289,89,3757,35,2025-03-13 01:04:39
1290,43,3206,97,2026-01-21 09:00:12
1291,25,736,12,2025-12-07 06:23:33
1292,23,2175,85,2025-10-05 07:26:21
1293,83,1466,92,2025-04-21 19:24:48
1294,93,3204,59,2025-05-24 22:51:44
1295,72,3310,28,2025-03-03 09:43:00
1296,81,1884,53,2025-05-27 04:39:10
1297,46,3613,52,2025-02-05 02:28:07
1298,18,4062,55,2025-11-15 19:01:47
1299,51,4887,45,2025-05-31 08:00:57
1300,81,867,48,2025-04-14 21:09:42
1301,2,3466,28,2025-02-21 11:42:24
1302,2,3768,4,2025-11-16 05:48:07
1303,15,1104,91,2025-11-11 06:06:09
1304,50,1623,29,2025-05-18 10:30:44
1305,99,4606,18,2025-12-23 19:48:46
1306,85,876,83,2025-12-01 16:10:16
1307,60,3914,100,2025-04-18 04:46:30
1308,49,4223,2,2025-07-20 19:03:44
1309,9,3204,26,2025-02-15 19:03:26
1310,64,1550,27,2026-01-04 12:27:52
1311,71,4124,14,2025-10-22 08:02:12
1312,4,3404,71,2025-01-29 11:48:10
1313,37,1387,100,2025-04-02 16:50:45
1314,69,1052,94,2025-12-02 14:48:30
1315,79,4384,2,2025-04-11 05:55:27
1316,19,1136,94,2025-02-21 03:58:23
1317,29,3950,45,2025-11-16 18:51:14
1318,62,3081,94,2025-05-09 04:51:10
1319,1,2288,80,2025-10-04 10:27:28
1320,63,1574,71,2025-09-08 19:57:49
1321,51,2226,98,2025-11-24 04:20:33
1322,65,2515,39,2026-01-05 15:08:42
1323,10,1306,62,2026-01-01 16:17:59
1324,15,521,29,2025-04-27 10:06:27
1325,26,4986,85,2025-10-30 21:42:49
1326,7,4529,13,2025-11-07 20:37:48
1327,85,259,50,2025-03-27 17:28:02
1328,47,1516,7,2025-03-23 06:43:21
1329,16,2111,79,2025-02-10 03:06:03
1330,34,532,72,2025-10-10 01:59:17
1331,36,1063,14,2025-11-12 09:25:49
1332,65,375,47,2025-06-14 00:11:00
1333,60,4566,99,2025-03-29 06:48:29
1334,62,2664,27,2025-02-23 05:27:17
1335,35,1512,0,2025-03-15 00:30:31
1336,80,4398,9,2026-01-12 23:40:16
1337,8,4711,98,2025-10-11 19:45:39
1338,51,2263,5,2025-05-18 14:24:39
1339,52,4459,82,2025-03-02 22:42:17
1340,5,2473,91,2025-09-29 15:20:36
1341,78,1458,12,2025-03-20 14:25:52
1342,61,3047,63,2025-02-23 22:36:22
1343,2,3853,71,2025-01-17 20:28:35
1344,63,3577,92,2025-03-10 04:51:48
1345,51,3368,29,2025-08-17 01:43:29
1346,62,787,56,2025-10-22 01:30:33
1347,22,120,71,2026-01-04 11:29:14
1348,27,1227,93,2026-01-02 08:16:57
1349,83,4860,19,2025-02-19 00:58:45
1350,86,1638,34,2025-02-15 13:28:14
1351,55,882,67,2026-01-06 08:17:02
1352,57,2580,20,2025-05-04 22:01:17
1353,80,1217,99,2025-05-07 15:03:04
1354,64,388,54,2025-05-26 13:58:00
1355,62,2760,19,2025-04-25 18:44:39
1356,43,2886,17,2025-07-03 04:48:47
1357,91,2828,98,2025-10-05 14:22:14
1358,66,2930,48,2026-01-10 02:14:12
1359,29,4882,41,2025-10-30 21:21:25
1360,80,3585,31,2026-01-04 13:24:09
1361,91,3873,84,2025-05-24 10:20:30
1362,62,4978,53,2025-01-26 02:22:57
1363,98,1511,26,2025-04-16 10:24:09
1364,26,219,98,2025-07-08 05:53:35
1365,61,4076,19,2026-01-07 10:35:15
1366,86,4974,48,2025-02-11 02:52:27
1367,60,2106,57,2025-12-27 21:57:43
1368,14,2080,10,2025-02-19 20:30:51
1369,85,2189,74,2025-04-29 07:45:30
1370,60,3,68,2025-11-19 14:06:18
1371,53,1177,96,2025-05-26 20:58:43
1372,34,874,75,2025-01-09 05:00:05
1373,6,1205,55,2025-02-23 03:52:52
1374,43,1395,31,2025-07-24 18:08:36
1375,73,295,40,2025-03-29 10:12:36
1376,73,2573,12,2025-03-29 07:47:27
1377,58,3120,11,2025-10-28 11:22:39
1378,65,4955,97,2026-01-24 00:48:46
1379,13,2213,29,2026-01-25 15:48:12
1380,85,1659,22,2025-08-03 19:12:24
1381,3,4937,45,2025-12-09 19:04:52
1382,89,1188,25,2026-01-24 16:36:04
1383,45,2433,15,2025-06-29 14:08:17
1384,44,1380,82,2025-02-11 12:14:03
1385,99,4211,13,2025-12-01 02:09:00
1386,5,3593,9,2025-01-28 01:40:04
1387,83,3763,77,2025-11-24 03:17:07
1388,34,4220,5,2025-10-31 19:47:37
1389,44,4275,47,2025-04-07 13:11:56
1390,41,1470,66,2025-08-07 18:48:25
1391,36,4392,54,2025-05-14 18:10:51
1392,61,1790,49,2025-06-29 12:23:18
1393,12,1200,39,2026-01-16 18:56:59
1394,12,792,62,2025-06-01 15:49:21
1395,56,934,55,2025-10-21 06:15:21
1396,42,4214,84,2025-01-03 23:43:30
1397,55,946,26,2025-01-29 12:23:31
1398,40,4098,30,2025-11-18 04:20:01
1399,80,1051,100,2025-10-23 06:55:55
1400,97,3305,41,2025-10-09 18:53:44
1401,42,499,91,2025-08-20 11:01:52
1402,8,866,6,2025-07-12 04:41:02
1403,3,2940,32,2025-10-19 07:43:27
1404,10,925,86,2025-05-15 23:10:39
1405,62,750,63,2025-11-05 04:04:33
1406,53,2402,32,2025-10-20 14:24:16
1407,30,695,75,2025-07-07 04:41:29
1408,20,4782,63,2025-02-06 17:47:35
1409,36,132,23,2025-05-17 01:22:10
1410,8,3848,46,2026-01-12 09:27:09
1411,83,1101,29,2025-01-09 15:23:57
1412,91,1907,27,2025-02-11 05:40:35
1413,11,568,74,2025-10-22 06:42:46
1414,88,4799,65,2025-06-25 08:41:41
1415,61,267,35,2025-08-29 05:41:48
1416,56,317,42,2025-10-24 07:13:22
1417,64,1964,67,2026-01-01 02:57:27
1418,25,1846,47,2025-06-29 06:27:37
1419,91,1396,68,2025-02-28 20:20:32
1420,19,52,95,2025-01-17 17:18:05
1421,44,57,87,2026-01-28 23:22:19
1422,62,345,23,2025-11-23 14:16:01
1423,58,366,42,2025-04-30 10:41:43
1424,91,2887,24,2025-09-15 15:27:32
1425,7,3420,4,2025-04-28 10:19:53
1426,100,2163,36,2025-09-11 21:33:40
1427,50,1282,64,2025-05-13 03:57:55
1428,70,3659,28,2025-04-25 18:18:24
1429,66,739,97,2025-07-19 02:33:56
1430,65,929,58,2025-07-11 16:22:39
1431,76,2292,80,2026-01-17 01:27:50
1432,66,1723,3,2025-10-17 21:01:31
1433,86,824,72,2025-05-12 06:49:35
1434,99,1266,5,2025-01-08 15:54:56
1435,97,288,83,2025-05-08 05:46:35
1436,75,1197,31,2025-01-25 10:43:30
1437,20,2911,74,2025-12-25 12:28:00
1438,23,4536,86,2025-08-23 09:26:49
1439,4,376,73,2025-03-10 21:08:06
1440,75,1880,33,2025-12-12 23:21:39
1441,50,1284,13,2025-10-27 00:56:54
1442,59,1322,64,2025-05-09 15:10:52
1443,13,4765,83,2025-05-31 15:12:32
1444,90,3761,8,2025-12-01 20:41:26
1445,4,4030,79,2025-11-07 07:51:51
1446,37,2280,50,2025-01-31 01:44:30
1447,84,317,74,2025-10-08 08:18:33
1448,71,4782,42,2025-09-18 05:12:48
1449,46,3076,63,2025-03-15 03:56:56
1450,57,3593,33,2026-01-27 14:52:59
1451,57,1755,38,2025-06-28 16:13:46
1452,35,1227,38,2025-05-20 18:32:28
1453,55,2053,51,2025-12-03 18:06:12
1454,61,3089,49,2025-11-18 13:27:15
1455,34,3419,39,2026-01-21 10:38:55
1456,15,4412,50,2025-04-22 03:05:33
1457,89,4092,95,2025-08-10 04:04:48
1458,68,4454,40,2025-10-31 16:48:34
1459,93,2678,99,2025-06-24 03:11:55
1460,96,606,35,2025-07-02 01:03:26
1461,55,2916,17,2025-06-09 18:18:22
1462,70,3650,64,2025-07-17 01:35:40
1463,52,1620,98,2025-05-25 07:15:22
1464,85,2801,53,2025-01-13 18:22:55
1465,87,1615,99,2025-07-12 21:20:33
1466,88,3774,28,2025-04-09 05:29:04
1467,31,3941,56,2025-06-06 17:59:51
1468,5,3665,9,2025-07-22 07:12:31
1469,38,1379,75,2025-08-15 16:05:01
1470,42,1847,73,2025-08-20 04:50:49
1471,62,2191,37,2025-11-03 13:30:36
1472,45,3412,80,2025-02-10 22:19:39
1473,99,1278,12,2025-08-17 02:13:07
1474,67,4797,15,2026-01-31 01:45:43
1475,66,4279,25,2025-02-22 01:12:45
1476,27,3642,73,2025-07-21 16:06:35
1477,69,4528,58,2026-01-16 17:19:03
1478,78,2868,34,2025-02-25 23:38:52
1479,15,2392,57,2025-09-20 16:59:29
1480,70,4377,33,2025-05-07 08:54:37
1481,76,4174,51,2025-05-07 13:51:39
1482,25,1392,21,2025-12-22 06:16:50
1483,8,2258,29,2025-12-28 22:17:27
1484,65,4598,29,2025-11-14 06:18:39
1485,28,4804,38,2025-11-10 04:33:53
1486,95,124,71,2025-08-21 07:14:18
1487,37,3747,45,2025-07-15 02:45:31
1488,16,4681,35,2025-08-25 05:56:37
1489,28,3108,48,2025-02-20 19:43:09
1490,34,2916,13,2025-06-27 23:34:28
1491,5,2686,22,2025-02-26 14:24:27
1492,10,4425,20,2025-04-23 07:48:32
1493,96,4156,91,2025-06-03 08:07:34
1494,78,1421,25,2025-12-16 03:47:18
1495,6,2045,70,2025-10-14 11:32:20
1496,99,1030,92,2025-04-25 13:01:22
1497,46,2677,66,2025-10-28 13:40:13
1498,94,3902,39,2026-01-15 12:25:08
1499,15,1909,94,2025-05-23 14:01:00
1500,53,456,15,2025-08-09 19:01:18
1501,7,100,32,2025-09-19 20:57:58
1502,27,3061,41,2025-12-09 21:19:09
1503,3,1763,65,2025-08-31 23:15:33
1504,32,797,68,2025-01-03 05:59:55
1505,92,3669,79,2025-07-09 07:53:58
1506,33,4006,93,2025-07-20 21:23:16
1507,62,2161,80,2025-12-28 16:04:34
1508,56,1579,25,2025-11-11 18:18:36
1509,42,2715,37,2026-01-13 00:06:35
1510,4,3737,7,2025-05-25 16:59:25
1511,15,1279,66,2025-07-23 06:19:05
1512,49,4372,73,2025-07-09 08:07:13
1513,9,4250,5,2025-01-28 10:33:24
1514,8,382,57,2025-10-05 03:26:03
1515,17,2594,3,2025-08-07 04:00:34
1516,32,2705,98,2025-02-15 19:05:35
1517,42,23,32,2025-11-29 14:49:12
1518,39,3546,90,2025-02-03 00:59:41
1519,84,511,37,2025-08-16 10:32:45
1520,75,3325,89,2025-08-15 21:31:20
1521,4,2888,40,2025-01-15 13:10:56
1522,24,4196,96,2025-06-07 20:46:20
1523,97,219,8,2026-01-18 16:38:02
1524,8,1684,55,2025-02-11 00:32:27
1525,9,4151,86,2025-08-22 09:53:59
1526,79,3880,74,2025-06-27 09:58:19
1527,44,3104,68,2025-08-24 22:19:08
1528,12,780,8,2025-11-07 07:04:02
1529,19,1580,12,2025-06-03 00:50:18
1530,40,4464,87,2025-09-30 09:15:43
1531,88,3827,76,2025-01-17 19:59:33
1532,86,188,40,2025-03-24 17:49:01
1533,4,2589,12,2025-03-13 11:29:13
1534,80,2845,55,2025-07-06 14:15:34
1535,10,4835,80,2025-07-31 02:58:48
1536,17,3457,77,2025-07-12 23:59:06
1537,60,876,71,2025-07-11 02:16:52
1538,9,396,64,2025-05-15 20:01:37
1539,52,4475,95,2025-03-02 05:43:35
1540,48,17,66,2025-05-04 19:15:21
1541,37,1867,70,2026-01-25 04:05:27
1542,31,674,52,2026-01-03 14:50:06
1543,69,2985,78,2025-07-11 04:42:06
1544,35,4162,37,2025-03-01 03:01:46
1545,2,205,35,2025-04-25 17:35:21
1546,5,4762,17,2025-01-21 18:02:12
1547,32,4012,35,2025-11-05 00:49:05
1548,14,3042,86,2025-07-26 08:38:47
1549,64,1177,70,2025-05-08 12:02:11
1550,85,4036,75,2025-01-31 02:26:44
1551,88,433,13,2025-09-03 16:32:15
1552,87,4710,89,2025-02-21 08:22:26
1553,56,3069,87,2025-07-12 15:35:05
1554,12,4711,16,2025-01-16 04:35:20
1555,95,2902,24,2025-06-16 01:35:36
1556,13,3630,7,2025-01-23 17:07:39
1557,52,4528,84,2026-01-23 22:29:16
1558,38,1441,59,2025-07-01 12:08:37
1559,71,1275,9,2025-10-04 23:34:24
1560,15,3018,94,2025-12-30 01:26:04
1561,63,68,7,2025-06-30 03:55:59
1562,80,101,8,2026-01-09 02:13:13
1563,73,3521,36,2025-10-18 09:49:38
1564,65,4336,80,2025-02-08 11:03:26
1565,57,649,50,2025-06-22 17:26:26
1566,98,3827,72,2025-08-27 21:11:00
1567,94,345,87,2025-03-30 20:04:50
1568,90,1225,67,2025-12-23 18:57:48
1569,1,3430,63,2025-08-24 23:56:26
1570,68,2163,84,2025-11-28 23:47:08
1571,97,2805,50,2025-02-01 22:20:47
1572,27,89,14,2025-07-16 14:08:15
1573,47,719,10,2025-08-09 20:14:23
1574,27,1695,1,2025-02-13 00:49:19
1575,68,2501,11,2025-05-09 15:13:45
1576,47,4689,59,2025-05-08 16:14:59
1577,10,3736,98,2025-01-09 03:54:54
1578,62,2183,73,2025-01-21 05:21:18
1579,3,2338,22,2026-02-04 11:18:11
1580,64,2676,13,2025-12-16 00:52:18
1581,33,3085,59,2025-12-23 00:02:35
1582,30,3489,25,2025-10-04 02:00:09
1583,24,1028,1,2025-08-01 10:28:39
1584,56,1942,16,2025-10-01 12:19:51
1585,37,240,12,2025-01-10 00:56:14
1586,93,2292,98,2025-04-25 07:42:55
1587,6,3150,48,2025-11-24 23:23:56
1588,69,2722,56,2025-03-22 23:55:09
1589,15,1610,87,2025-05-30 04:26:18
1590,53,623,50,2025-08-06 12:30:36
1591,12,1771,32,2026-01-20 20:13:30
1592,92,2342,24,2025-03-16 00:19:30
1593,83,2974,9,2025-06-26 14:41:30
1594,70,3128,27,2025-01-26 03:34:52
1595,1,1598,100,2025-05-07 04:07:49
1596,88,44,53,2025-03-28 07:06:19
1597,38,3886,9,2025-01-14 20:31:11
1598,8,954,48,2025-10-05 07:46:51
1599,74,3716,23,2025-11-07 17:33:20
1600,41,2174,70,2025-01-16 07:53:04
1601,24,1410,28,2025-09-04 04:50:31
1602,5,3596,7,2025-04-04 06:35:07
1603,17,2975,53,2026-01-14 04:46:46
1604,91,3675,78,2025-07-01 11:54:58
1605,92,3107,98,2025-04-10 22:20:01
1606,59,2174,29,2025-11-21 22:40:37
1607,100,1726,65,2025-08-18 10:26:22
1608,77,4504,84,2025-10-18 16:00:26
1609,72,4901,88,2025-01-30 05:20:11
1610,67,204,8,2025-12-16 02:43:26
1611,67,3160,45,2025-01-24 09:07:51
1612,27,2038,6,2025-01-27 05:22:41
1613,51,3412,58,2026-01-03 19:55:01
1614,58,4205,28,2025-12-30 16:09:00
1615,18,2530,84,2025-05-24 11:17:34
1616,58,763,76,2025-03-05 07:20:38
1617,26,1723,79,2025-01-20 06:43:07
1618,32,1341,8,2025-10-31 18:21:21
1619,54,3463,61,2025-06-09 21:09:32
1620,8,4816,8,2025-05-09 06:53:01
1621,61,4657,21,2025-02-07 08:41:32
1622,73,4890,33,2025-02-10 04:47:39
1623,74,4668,5,2025-07-28 16:35:00
1624,32,2112,53,2025-02-13 08:05:11
1625,91,525,16,2026-01-28 11:33:56
1626,15,493,66,2025-06-10 05:03:39
1627,18,854,41,2025-07-15 18:26:22
1628,88,3154,94,2025-04-20 15:25:54
1629,70,422,2,2025-05-16 05:21:29
1630,77,2246,31,2025-09-08 01:56:32
1631,5,3511,8,2025-11-18 11:32:49
1632,14,2649,95,2025-11-20 15:21:36
1633,88,4354,38,2025-08-20 22:15:47
1634,90,4988,60,2025-10-30 12:24:06
1635,52,4353,72,2025-08-05 15:52:31
1636,90,562,26,2025-06-15 10:11:28
1637,57,559,70,2025-02-11 04:02:06
1638,68,3932,4,2025-11-29 21:01:44
1639,28,1767,13,2025-09-01 20:59:10
1640,54,2028,48,2026-01-13 00:14:52
1641,66,4290,60,2025-06-14 06:53:15
1642,78,1348,99,2025-10-27 00:00:37
1643,23,2045,76,2025-11-16 22:41:37
1644,23,439,6,2025-12-05 13:13:52
1645,39,2624,78,2025-06-27 02:00:08
1646,11,207,4,2025-05-09 03:35:51
1647,39,4571,93,2025-01-02 09:30:35
1648,16,4919,57,2025-07-26 00:49:31
1649,97,507,52,2025-02-21 12:51:23
1650,58,1544,71,2025-10-09 08:12:04
1651,96,2132,48,2025-09-26 00:01:34
1652,79,742,89,2025-03-30 04:41:15
1653,68,3323,11,2025-07-10 22:25:57
1654,86,1891,41,2025-11-13 14:57:50
1655,31,529,40,2025-09-05 19:09:51
1656,75,934,46,2025-01-30 10:28:30
1657,91,2121,8,2025-01-10 16:38:42
1658,71,888,2,2025-07-09 18:36:29
1659,27,692,67,2025-06-29 02:19:01
1660,43,1210,58,2025-01-29 19:09:53
1661,5,1088,97,2025-06-22 09:21:37
1662,96,4262,64,2025-01-16 07:21:22
1663,61,47,42,2025-04-29 00:26:28
1664,80,2825,18,2025-06-05 13:44:27
1665,11,602,22,2025-10-02 20:20:59
1666,13,1172,33,2026-02-05 09:09:03
1667,4,3519,29,2026-01-19 23:52:22
1668,1,3482,30,2025-07-19 18:00:21
1669,22,449,22,2026-01-31 13:35:00
1670,99,3126,100,2025-09-08 23:13:42
1671,78,2339,76,2025-12-18 14:27:38
1672,73,4624,14,2025-11-29 01:07:21
1673,19,2058,28,2025-08-25 15:57:26
1674,65,1551,19,2025-05-23 08:57:46
1675,25,1084,72,2026-01-26 06:25:06
1676,30,1799,70,2026-01-24 06:15:13
1677,62,1812,86,2025-02-22 15:57:22
1678,43,4407,53,2025-09-04 01:12:39
1679,50,576,5,2025-01-01 05:30:57
1680,85,2969,14,2025-03-23 19:45:09
1681,67,1434,88,2025-05-09 02:38:19
1682,45,4210,6,2026-01-30 21:09:55
1683,65,1009,14,2025-02-19 19:02:36
1684,72,2962,62,2025-04-04 03:25:37
1685,88,1770,42,2025-07-22 23:10:11
1686,67,897,14,2025-05-13 04:09:13
1687,79,3225,36,2025-11-23 04:46:34
1688,62,3587,33,2025-08-19 04:12:26
1689,77,865,61,2025-02-03 00:34:45
1690,80,1093,84,2025-05-25 12:19:11
1691,30,362,20,2025-08-26 14:46:42
1692,91,4437,46,2025-05-07 20:56:00
1693,38,3776,47,2026-02-04 18:52:31
1694,23,1618,82,2025-09-08 05:30:34
1695,17,663,36,2025-03-28 07:49:23
1696,53,541,48,2025-11-03 11:37:36
1697,73,55,15,2025-03-17 20:37:50
1698,34,3867,70,2025-12-05 17:30:09
1699,68,228,71,2025-07-17 12:02:34
1700,71,170,17,2025-06-04 05:09:12
1701,28,1784,56,2025-08-30 00:37:20
1702,30,1586,83,2025-06-10 03:45:52
1703,44,1779,88,2025-09-05 17:33:21
1704,2,4805,92,2025-04-18 10:04:52
1705,48,4193,17,2025-06-17 16:31:26
1706,61,4611,23,2025-01-15 18:16:24
1707,57,4573,90,2025-07-31 10:23:23
1708,80,841,72,2025-05-09 18:32:19
1709,3,2608,4,2025-04-24 00:57:48
1710,15,1819,92,2025-09-26 04:30:45
1711,52,2956,76,2025-02-26 18:37:01
1712,34,736,52,2026-01-06 10:44:30
1713,40,2113,10,2025-05-27 09:48:19
1714,91,3934,22,2025-08-06 17:43:31
1715,69,3256,30,2025-08-27 08:14:45
1716,62,3460,83,2026-01-30 13:56:20
1717,82,1863,9,2025-09-23 06:00:50
1718,28,818,76,2025-12-23 07:31:52
1719,94,2007,40,2025-04-30 23:52:23
1720,38,1282,4,2025-01-16 03:50:54
1721,49,3725,76,2025-06-29 03:57:05
1722,27,2597,59,2025-09-21 17:12:01
1723,91,3269,95,2025-06-01 23:45:16
1724,22,473,79,2025-04-12 17:45:03
1725,94,2645,12,2025-09-07 21:03:38
1726,11,3605,37,2025-11-15 08:57:10
1727,69,754,79,2025-01-05 08:36:47
1728,63,1481,0,2025-10-15 07:29:53
1729,37,3131,95,2025-03-16 02:35:22
1730,8,1618,65,2025-04-10 17:51:45
1731,18,2615,34,2025-02-02 13:19:35
1732,24,2120,70,2025-08-31 06:15:57
1733,85,1508,9,2025-04-27 21:17:33
1734,75,4809,66,2025-07-01 06:02:08
1735,96,3391,91,2025-01-30 05:21:17
1736,29,3421,18,2025-02-07 09:07:29
1737,4,1364,3,2026-02-04 15:15:53
1738,60,2784,6,2026-01-09 04:47:28
1739,95,3173,15,2025-01-28 20:53:52
1740,80,4879,75,2025-11-25 03:40:51
1741,99,4159,39,2025-03-23 01:13:02
1742,42,2343,49,2025-09-26 17:12:45
1743,36,523,89,2025-04-15 05:47:15
1744,26,4884,2,2025-11-16 12:38:28
1745,15,3464,44,2026-01-30 12:49:43
1746,73,3983,15,2025-02-27 15:21:36
1747,50,2890,90,2025-06-13 14:06:09
1748,84,1289,16,2025-07-13 08:28:51
1749,23,2770,94,2025-11-21 18:30:15
1750,41,4500,36,2025-12-04 19:52:42
1751,72,4411,68,2025-03-27 13:29:16
1752,22,735,57,2025-06-23 21:30:51
1753,53,3568,47,2025-11-01 00:49:09
1754,38,1394,39,2025-01-02 11:24:27
1755,17,3090,72,2025-05-10 02:14:58
1756,42,4140,55,2025-02-24 05:01:07
1757,16,102,81,2025-03-19 22:05:28
1758,44,3956,7,2025-09-09 14:53:38
1759,38,4325,20,2025-08-07 14:23:05
1760,10,2345,75,2025-01-14 15:53:56
1761,73,1962,15,2026-01-31 16:01:30
1762,57,3884,17,2025-04-16 22:04:04
1763,9,657,13,2025-05-13 17:25:49
1764,15,4927,23,2025-02-22 11:34:56
1765,48,1295,64,2025-11-15 20:59:36
1766,58,4820,80,2025-02-15 08:39:54
1767,48,3073,75,2025-03-29 21:20:45
1768,8,2621,75,2025-03-14 06:32:46
1769,3,3787,15,2025-11-08 13:19:30
1770,85,1504,37,2025-04-29 13:44:34
1771,25,3389,34,2025-10-08 20:42:22
1772,66,4711,30,2025-03-15 00:44:47
1773,100,2849,32,2025-12-09 15:56:47
1774,24,3408,10,2025-03-11 20:27:50
1775,30,1056,32,2025-09-17 18:39:13
1776,7,2000,4,2025-10-24 10:35:59
1777,20,2917,24,2025-10-03 08:42:14
1778,13,1379,86,2025-12-25 12:50:11
1779,87,2630,4,2025-01-17 03:18:47
1780,58,197,16,2025-04-12 12:47:25
1781,70,2937,7,2025-10-11 12:13:40
1782,43,4560,81,2025-01-13 00:35:13
1783,48,3265,73,2026-01-05 15:52:11
1784,53,1152,67,2025-04-17 09:02:43
1785,9,439,8,2025-08-07 08:47:48
1786,61,4376,97,2025-04-28 15:12:24
1787,82,3498,20,2025-03-17 15:03:11
1788,6,4814,94,2025-10-27 12:32:41
1789,47,3715,45,2025-12-02 02:17:53
1790,44,4160,13,2026-01-18 22:36:13
1791,71,4490,85,2025-07-19 07:31:30
1792,75,3333,60,2025-10-28 19:20:55
1793,41,1676,27,2025-10-15 04:36:48
1794,76,3286,5,2025-12-05 10:53:50
1795,59,4304,32,2025-07-08 00:33:44
1796,48,2547,1,2025-05-10 21:03:46
1797,25,3809,80,2025-01-03 08:26:47
1798,6,4309,46,2025-11-10 07:25:43
1799,88,4562,96,2025-10-18 12:38:47
1800,18,3011,75,2025-03-01 04:33:41
1801,97,2183,96,2026-01-21 11:12:36
1802,86,54,82,2025-03-29 22:35:55
1803,4,4267,42,2025-08-15 09:55:40
1804,25,2488,6,2025-12-17 18:50:18
1805,83,141,17,2026-01-01 07:53:55
1806,72,695,31,2025-12-21 08:52:35
1807,33,1441,26,2025-09-13 01:32:24
1808,3,4388,82,2025-09-21 21:20:18
1809,7,742,89,2025-09-11 15:32:15
1810,55,962,62,2025-08-24 00:08:00
1811,47,695,36,2025-10-08 06:28:08
1812,5,2558,83,2025-12-01 09:11:13
1813,18,449,48,2025-04-02 05:00:44
1814,84,2455,5,2025-06-19 05:33:12
1815,82,1276,7,2025-11-20 07:48:14
1816,81,1200,79,2025-08-27 04:06:49
1817,65,443,61,2025-11-01 15:05:00
1818,53,479,71,2025-09-16 03:40:49
1819,28,4447,100,2025-08-31 14:04:45
1820,53,62,74,2025-03-01 01:31:12
1821,48,121,35,2025-08-10 19:15:42
1822,13,2656,81,2025-09-13 07:26:50
1823,81,1443,91,2025-02-15 13:27:06
1824,24,4714,43,2025-05-20 22:47:09
1825,48,2542,29,2025-06-28 14:39:11
1826,27,2901,38,2025-06-01 03:34:41
1827,3,1477,91,2025-05-16 01:50:03
1828,45,345,60,2025-11-04 03:00:14
1829,48,2824,75,2025-03-08 03:54:50
1830,72,4389,65,2025-01-30 20:51:31
1831,20,1070,10,2025-09-30 05:33:20
1832,3,652,88,2026-01-19 06:41:16
1833,47,3707,53,2025-12-21 15:32:21
1834,51,4974,13,2025-06-03 05:00:12
1835,21,2683,73,2026-01-20 11:59:36
1836,8,1316,4,2026-01-10 21:27:53
1837,78,2361,0,2025-09-23 03:51:02
1838,75,998,27,2026-01-15 09:00:45
1839,44,2891,17,2025-09-22 18:40:02
1840,16,3071,18,2025-04-10 00:59:34
1841,55,2316,100,2025-07-11 22:26:25
1842,57,2435,58,2025-10-26 16:03:50
1843,8,4522,36,2025-08-02 10:48:34
1844,57,3480,53,2025-07-13 10:49:03
1845,19,2087,83,2025-07-04 14:12:15
1846,24,3722,17,2025-06-15 20:36:28
1847,55,495,1,2025-10-27 18:07:24
1848,10,4196,93,2026-01-06 09:20:21
1849,7,4893,59,2025-09-08 20:08:08
1850,17,689,93,2025-12-16 17:32:49
1851,96,27,56,2025-03-10 00:11:52
1852,53,2824,19,2025-06-21 03:28:47
1853,36,1061,51,2025-01-23 04:57:44
1854,80,2858,78,2025-11-21 07:10:41
1855,28,2883,56,2025-12-22 06:12:22
1856,18,1093,56,2025-11-27 02:18:30
1857,73,3690,5,2025-04-24 14:31:51
1858,75,1670,83,2025-10-09 04:59:55
1859,69,3440,100,2025-11-30 00:44:21
1860,5,4004,12,2025-09-21 17:01:35
1861,7,2308,5,2025-12-26 13:48:36
1862,43,1060,27,2025-07-20 21:42:23
1863,56,1173,22,2025-07-09 10:27:41
1864,93,4736,41,2025-02-06 22:08:04
1865,24,3940,40,2025-03-10 01:31:07
1866,97,74,16,2025-11-14 15:24:55
1867,97,4739,59,2025-04-04 04:39:16
1868,79,1136,93,2025-02-23 13:44:34
1869,30,3007,32,2025-09-02 20:20:14
1870,66,4128,34,2025-06-25 11:20:21
1871,52,1917,95,2025-09-11 08:35:34
1872,75,3578,12,2025-03-12 23:36:09
1873,89,925,22,2025-05-09 16:36:52
1874,47,4426,90,2025-03-18 15:10:41
1875,50,4885,80,2025-03-18 11:38:25
1876,58,635,23,2025-09-12 20:13:43
1877,49,3148,11,2025-04-03 22:49:10
1878,75,3715,53,2026-01-21 02:46:19
1879,90,4679,87,2025-11-11 18:36:38
1880,59,3431,61,2025-10-26 02:23:17
1881,76,4539,15,2025-09-23 07:24:22
1882,79,3799,52,2025-05-27 12:44:01
1883,1,1323,29,2025-09-17 03:26:21
1884,83,827,38,2025-07-29 11:27:26
1885,90,1468,62,2025-11-03 16:01:20
1886,65,3521,46,2025-09-16 11:59:18
1887,19,1996,9,2025-11-22 11:02:56
1888,21,822,97,2025-08-08 23:00:46
1889,43,807,65,2025-04-29 10:33:23
1890,57,3732,56,2025-03-05 07:50:32
1891,80,689,33,2025-12-07 18:31:20
1892,43,4868,65,2025-04-05 10:43:59
1893,8,272,31,2025-01-17 08:52:01
1894,27,1700,56,2026-01-26 07:48:20
1895,20,1410,79,2025-02-20 00:25:12
1896,54,4951,35,2025-08-20 14:43:33
1897,95,747,86,2025-10-12 09:23:55
1898,50,3668,4,2025-08-02 02:20:32
1899,66,3905,45,2025-11-30 11:38:58
1900,94,1932,16,2025-04-18 07:25:57
1901,75,1721,27,2025-03-16 22:38:27
1902,60,2751,63,2025-02-16 02:32:33
1903,42,3007,34,2025-09-10 04:50:54
1904,77,180,18,2025-10-27 16:28:00
1905,44,4310,76,2025-09-22 22:08:10
1906,44,2543,31,2025-04-18 01:02:46
1907,75,516,0,2025-04-24 19:22:13
1908,9,2855,4,2025-11-29 15:43:11
1909,77,4960,43,2025-03-26 17:01:04
1910,29,4656,29,2025-11-05 15:13:34
1911,51,4011,7,2025-07-25 06:26:59
1912,83,2910,55,2025-02-20 19:20:14
1913,36,133,2,2026-01-11 15:02:54
1914,59,3341,71,2025-10-02 23:05:25
1915,12,2,59,2025-01-29 01:28:37
1916,88,651,44,2025-06-25 01:27:35
1917,70,74,15,2025-12-20 14:34:18
1918,31,1072,74,2025-07-14 15:15:43
1919,55,3360,2,2025-05-05 08:28:28
1920,41,3115,69,2025-10-08 06:57:34
1921,47,3609,56,2025-01-20 01:23:50
1922,37,3608,94,2025-09-23 05:46:19
1923,15,888,49,2026-01-28 18:14:46
1924,84,2895,60,2025-04-21 09:23:02
1925,78,3006,13,2025-02-24 18:29:42
1926,66,3897,75,2025-10-10 18:47:27
1927,17,571,36,2025-10-09 13:37:24
1928,6,1262,64,2025-08-08 19:16:00
1929,92,463,16,2025-12-09 01:28:46
1930,75,963,63,2025-04-14 21:23:25
1931,40,3352,32,2025-04-23 17:44:02
1932,86,2598,92,2025-06-17 12:05:53
1933,64,113,70,2026-01-12 06:09:48
1934,52,1521,56,2025-07-01 17:47:40
1935,81,2055,14,2025-03-27 04:10:53
1936,58,591,82,2025-09-29 17:58:36
1937,55,4760,100,2025-07-06 16:24:26
1938,45,3658,7,2025-08-25 14:15:03
1939,84,4621,29,2025-04-26 21:00:15
1940,27,2527,6,2025-09-10 11:33:11
1941,47,1634,86,2025-09-18 05:52:12
1942,51,2376,8,2026-01-17 23:10:40
1943,17,3723,42,2025-05-06 08:50:04
1944,38,29,62,2025-01-02 07:08:19
1945,37,4881,72,2025-04-18 20:23:03
1946,7,4275,89,2025-06-21 08:17:07
1947,100,316,44,2026-01-31 17:25:08
1948,100,2725,54,2025-12-21 15:22:00
1949,97,2442,99,2025-01-29 20:13:20
1950,42,4448,17,2025-09-04 16:46:07
1951,34,3730,19,2025-02-16 04:43:33
1952,81,3516,46,2026-02-02 09:36:26
1953,45,888,21,2025-07-25 16:38:54
1954,14,1700,89,2025-05-16 10:48:50
1955,40,3654,51,2025-06-01 05:06:03
1956,23,1604,69,2025-07-01 10:52:25
1957,69,2666,26,2025-08-12 11:26:10
1958,6,4427,18,2025-04-11 05:38:32
1959,37,428,31,2025-12-07 11:42:57
1960,56,4465,68,2025-03-03 09:29:57
1961,50,1636,57,2025-04-17 03:22:48
1962,74,4818,92,2025-10-12 11:15:05
1963,80,3943,67,2025-06-11 20:09:40
1964,67,3841,22,2025-10-14 17:46:20
1965,67,872,66,2025-06-16 04:46:34
1966,58,214,0,2025-11-28 12:56:26
1967,57,1362,15,2025-01-17 00:23:44
1968,20,1587,10,2026-01-13 10:11:43
1969,57,1137,35,2025-03-26 09:24:38
1970,79,4497,87,2025-08-27 21:54:23
1971,74,2094,88,2025-09-29 10:33:39
1972,24,3550,7,2025-03-12 01:30:33
1973,3,246,99,2025-06-10 22:24:34
1974,82,1696,75,2025-10-24 02:00:10
1975,45,885,61,2026-01-20 05:32:48
1976,73,67,94,2026-01-19 18:41:28
1977,23,2632,41,2025-01-19 02:16:51
1978,67,418,98,2025-04-12 13:31:30
1979,2,4783,31,2025-05-30 13:13:05
1980,85,1647,85,2026-01-14 09:14:56
1981,40,722,9,2025-10-27 02:15:34
1982,28,1172,3,2025-09-23 16:42:17
1983,3,2740,92,2025-10-25 23:59:00
1984,35,2972,6,2025-04-08 02:47:06
1985,1,87,64,2025-11-26 16:22:09
1986,7,4309,22,2025-01-13 18:04:01
1987,34,4447,50,2025-07-31 03:25:56
1988,41,4847,93,2026-01-20 16:20:27
1989,44,3069,25,2025-02-10 00:53:43
1990,66,2698,14,2025-11-04 05:36:57
1991,68,2360,82,2025-10-13 17:42:06
1992,79,3399,74,2025-09-23 13:08:06
1993,1,2816,27,2025-04-02 02:50:56
1994,34,4490,10,2025-06-21 21:38:56
1995,41,3946,29,2025-02-28 07:25:21
1996,64,3988,94,2026-01-21 13:49:50
1997,44,2047,36,2025-07-06 18:46:59
1998,19,3466,19,2025-02-01 17:21:14
1999,89,3541,19,2025-11-04 12:10:27
2000,66,2342,26,2025-08-21 20:34:35
2001,68,3164,13,2025-05-06 06:53:49
2002,36,2238,70,2025-03-21 04:18:33
2003,10,313,17,2025-05-10 19:05:01
2004,20,2549,4,2025-02-08 23:30:04
2005,59,4365,4,2025-02-17 09:15:46
2006,64,3594,37,2025-09-01 00:36:38
2007,15,1747,94,2026-01-20 02:38:13
2008,44,2032,62,2025-05-05 12:04:06
2009,60,877,49,2025-12-01 11:10:12
2010,86,3699,72,2025-04-29 07:12:17
2011,63,592,56,2025-11-27 22:49:53
2012,29,2089,83,2025-04-25 20:03:03
2013,22,2405,54,2025-05-07 13:12:45
2014,6,4581,72,2025-08-14 02:27:50
2015,54,3266,91,2025-12-02 16:03:27
2016,11,1738,76,2025-10-08 15:43:10
2017,54,403,33,2025-12-24 10:14:25
2018,9,4614,29,2026-01-10 20:54:19
2019,67,1818,32,2025-06-01 10:32:34
2020,18,4048,68,2025-04-07 22:25:23
2021,79,3689,68,2025-07-23 13:35:15
2022,78,4805,13,2025-12-21 20:26:46
2023,91,4030,1,2025-07-29 19:46:01
2024,97,4625,54,2025-11-06 19:18:50
2025,12,1579,92,2025-10-08 14:22:42
2026,1,2172,32,2025-05-20 12:51:16
2027,81,3902,54,2025-08-08 01:00:34
2028,84,1629,8,2025-03-10 16:47:45
2029,89,4537,44,2025-08-24 06:17:35
2030,96,83,38,2026-01-04 09:01:12
2031,62,2118,95,2026-01-20 18:17:03
2032,99,708,71,2025-07-22 15:59:03
2033,57,2091,36,2025-04-01 21:48:18
2034,89,3010,20,2025-12-06 05:23:48
2035,74,3854,11,2025-03-16 20:32:24
2036,60,4864,76,2025-04-25 06:49:25
2037,50,3613,95,2025-09-26 09:43:07
2038,91,4704,60,2025-01-02 15:27:49
2039,35,4949,33,2025-02-08 00:24:42
2040,90,3257,100,2025-07-16 04:15:08
2041,8,384,20,2025-06-03 13:06:06
2042,90,3148,33,2025-09-09 07:45:50
2043,78,210,33,2025-06-01 22:24:05
2044,14,353,13,2025-03-19 11:11:03
2045,82,911,0,2025-11-26 19:51:46
2046,27,2895,68,2025-09-28 09:20:27
2047,80,4438,91,2025-10-03 00:23:31
2048,86,106,60,2025-02-22 12:25:37
2049,60,2843,34,2025-06-07 03:17:20
2050,6,4903,22,2025-08-29 20:44:03
2051,12,1583,46,2026-01-07 21:54:24
2052,53,4910,74,2025-08-11 05:04:03
2053,60,4516,43,2025-09-10 00:27:59
2054,64,2904,9,2025-01-10 07:53:55
2055,29,778,5,2025-08-28 02:03:28
2056,2,2614,1,2026-01-26 20:40:56
2057,74,4511,14,2025-10-08 19:15:45
2058,20,231,20,2025-07-13 06:56:13
2059,67,397,31,2025-09-08 06:40:27
2060,24,1361,4,2025-10-06 16:05:15
2061,18,1758,61,2025-02-02 16:40:34
2062,62,1732,50,2025-03-31 21:26:28
2063,27,2156,60,2025-12-07 01:47:34
2064,29,3623,81,2025-12-21 11:36:30
2065,67,4115,94,2025-10-26 23:24:40
2066,59,1378,17,2025-09-09 08:14:20
2067,38,870,51,2025-11-19 08:24:14
2068,85,3277,77,2025-10-04 22:16:50
2069,83,2610,9,2025-11-28 02:19:32
2070,23,1233,17,2025-03-15 09:05:50
2071,72,3329,46,2025-12-22 07:01:36
2072,8,11,2,2026-01-26 10:05:42
2073,28,1686,33,2025-04-11 08:24:07
2074,71,3408,56,2025-02-11 23:09:04
2075,14,4655,51,2026-01-16 06:28:56
2076,61,1737,87,2025-03-14 16:35:02
2077,26,3298,54,2025-01-25 00:36:39
2078,6,2773,8,2025-08-11 01:22:16
2079,78,1662,6,2025-01-03 01:17:59
2080,25,2482,98,2025-06-25 16:03:53
2081,42,3434,22,2025-02-17 12:29:19
2082,42,3345,69,2025-11-05 04:36:00
2083,75,1152,92,2025-08-01 03:32:45
2084,78,4786,88,2025-09-25 13:31:53
2085,56,3489,100,2025-08-03 01:46:18
2086,52,4543,100,2025-09-25 21:27:41
2087,62,1927,20,2025-05-09 19:05:49
2088,98,4063,33,2025-11-28 18:51:35
2089,23,4847,35,2025-05-25 21:38:09
2090,48,276,72,2025-08-02 11:27:01
2091,8,2536,3,2025-06-16 13:09:46
2092,64,1234,19,2025-03-07 12:19:27
2093,42,329,28,2026-02-04 02:04:14
2094,10,3457,11,2025-01-08 01:00:32
2095,96,2506,91,2025-11-14 21:08:12
2096,37,251,37,2025-11-27 10:30:19
2097,67,1570,8,2025-11-16 20:32:06
2098,52,2937,31,2025-08-21 05:03:04
2099,18,3428,33,2025-06-19 18:48:22
2100,72,3436,22,2025-09-20 18:41:22
2101,34,4594,41,2025-11-07 13:30:15
2102,5,3262,1,2025-07-27 05:07:14
2103,83,3224,57,2025-02-04 09:22:03
2104,100,4719,27,2025-10-17 15:21:18
2105,96,65,99,2025-06-11 08:15:25
2106,22,642,38,2026-01-28 04:04:52
2107,29,3334,31,2025-10-05 07:14:29
2108,78,4536,18,2025-03-21 08:34:01
2109,23,3478,16,2025-11-27 17:12:29
2110,89,4642,86,2025-11-23 08:44:04
2111,54,3251,61,2025-01-20 00:39:40
2112,17,4638,48,2026-02-03 11:56:39
2113,3,2248,25,2026-01-05 12:10:52
2114,89,1088,7,2025-08-23 06:18:50
2115,79,4357,17,2025-12-17 09:27:37
2116,30,2440,88,2025-04-05 13:03:57
2117,76,3881,47,2025-12-28 11:15:59
2118,78,4429,45,2025-10-08 11:11:21
2119,51,942,35,2025-03-25 11:59:02
2120,88,1,71,2025-06-16 23:22:04
2121,60,1599,22,2025-12-25 11:57:35
2122,68,3835,98,2025-11-18 15:34:48
2123,55,1220,52,2025-10-01 08:17:18
2124,69,4208,23,2025-08-13 21:10:30
2125,80,1100,1,2026-01-03 08:54:37
2126,50,2385,78,2025-08-23 15:24:20
2127,37,4380,67,2025-05-11 05:34:59
2128,89,350,55,2026-02-03 09:55:40
2129,94,1083,69,2025-05-30 11:38:28
2130,88,107,56,2025-02-06 10:04:06
2131,72,1534,33,2025-06-23 14:47:43
2132,92,632,66,2025-03-06 12:28:19
2133,49,132,7,2025-02-11 19:27:37
2134,33,4138,15,2025-11-27 21:29:01
2135,93,4432,58,2025-01-23 17:38:00
2136,94,540,33,2025-09-03 18:27:06
2137,56,4785,100,2025-07-17 14:47:51
2138,69,2014,78,2025-03-01 00:28:30
2139,23,147,33,2025-05-25 00:06:52
2140,40,251,47,2025-09-24 20:28:14
2141,62,1055,44,2025-01-18 07:19:42
2142,19,1199,78,2025-10-11 09:11:54
2143,52,2496,29,2025-12-23 18:59:52
2144,96,2517,31,2025-06-29 01:00:45
2145,22,2215,40,2025-02-13 14:38:14
2146,28,2937,52,2025-09-19 08:14:01
2147,20,1569,31,2025-04-21 20:13:46
2148,1,1930,67,2025-03-07 21:41:13
2149,81,2160,13,2025-05-09 12:32:46
2150,6,1182,28,2025-07-17 06:53:18
2151,49,1125,28,2025-02-01 09:25:18
2152,25,1259,50,2025-03-20 21:03:34
2153,99,3800,56,2025-07-09 06:11:21
2154,31,2241,82,2025-08-07 02:30:00
2155,89,36,92,2025-03-03 10:39:58
2156,94,2516,78,2025-05-20 08:12:46
2157,2,63,50,2025-02-02 10:40:15
2158,20,865,44,2026-01-02 16:24:36
2159,95,740,37,2025-05-28 11:41:46
2160,48,4249,2,2025-10-21 06:21:51
2161,82,3260,25,2025-01-11 02:28:42
2162,54,4194,1,2025-02-05 00:11:42
2163,65,1730,39,2025-09-01 22:06:43
2164,53,2191,76,2025-10-21 03:59:09
2165,89,683,97,2025-11-18 23:20:03
2166,52,226,50,2025-02-04 21:30:11
2167,75,2048,82,2025-11-28 02:35:13
2168,86,1045,69,2025-10-24 13:14:25
2169,53,847,8,2025-10-17 13:21:39
2170,57,181,48,2025-02-14 03:35:33
2171,91,4318,58,2025-09-30 12:42:55
2172,28,779,85,2025-03-08 13:35:31
2173,78,1053,38,2025-07-02 04:57:03
2174,29,1766,41,2025-04-29 17:47:40
2175,17,2617,98,2025-01-01 04:59:35
2176,37,685,16,2025-01-18 01:07:54
2177,72,4,77,2025-07-12 19:29:44
2178,36,794,7,2025-02-25 12:14:42
2179,16,995,96,2025-04-11 03:37:58
2180,39,684,6,2025-05-04 07:48:01
2181,38,4922,17,2025-12-06 13:27:07
2182,58,2691,13,2025-09-24 22:38:10
2183,61,3581,51,2025-08-26 13:05:37
2184,36,2112,33,2025-09-17 21:44:40
2185,8,669,64,2025-06-13 15:44:34
2186,81,2785,11,2025-08-08 08:15:57
2187,8,1564,60,2025-09-01 18:45:37
2188,57,1337,4,2025-05-14 21:11:48
2189,99,3945,74,2025-09-01 02:58:11
2190,31,1849,54,2025-11-09 03:01:10
2191,39,4878,73,2025-08-28 17:28:01
2192,4,416,74,2025-08-28 19:45:33
2193,3,1668,71,2025-06-11 11:59:04
2194,52,1951,87,2025-01-29 23:58:49
2195,61,1238,78,2025-06-30 17:44:08
2196,44,4473,11,2025-09-30 23:28:40
2197,62,4524,16,2025-03-22 06:50:30
2198,6,2365,54,2025-12-11 13:36:18
2199,95,1183,10,2025-10-29 21:33:39
2200,100,1188,37,2025-09-18 21:52:09
2201,98,1040,22,2025-02-15 19:33:29
2202,45,42,61,2025-01-14 11:51:36
2203,82,3544,1,2025-07-12 02:35:16
2204,65,3747,93,2025-06-01 11:53:41
2205,41,1543,99,2025-05-10 05:38:06
2206,25,3716,69,2026-01-03 09:06:52
2207,11,4040,98,2025-12-24 12:18:42
2208,64,4306,35,2025-01-18 23:57:50
2209,55,3023,65,2025-09-28 20:51:41
2210,23,4876,70,2025-04-20 03:01:59
2211,46,1031,84,2025-05-23 21:09:43
2212,90,4521,71,2025-09-05 11:33:56
2213,74,3981,25,2025-04-22 16:02:00
2214,53,1393,19,2025-07-18 22:01:21
2215,94,4718,65,2025-05-13 14:50:35
2216,83,3863,56,2025-09-03 12:07:53
2217,93,2130,70,2025-12-25 17:15:55
2218,9,3755,7,2025-02-18 11:24:19
2219,47,4581,72,2025-06-22 07:58:42
2220,80,2046,20,2025-02-26 04:42:15
2221,76,2505,99,2025-04-15 14:25:07
2222,76,1642,33,2025-10-19 10:51:58
2223,79,2763,26,2025-04-09 09:35:39
2224,2,277,65,2025-01-06 04:14:37
2225,48,630,34,2026-01-25 15:19:39
2226,55,3687,88,2025-11-07 13:14:31
2227,91,1641,31,2025-05-01 10:14:57
2228,65,2803,99,2025-10-02 13:40:12
2229,4,3761,67,2025-12-05 17:08:00
2230,75,4539,67,2025-10-18 08:25:11
2231,47,37,23,2025-03-23 03:25:49
2232,92,4508,90,2025-01-28 13:21:40
2233,54,3842,4,2025-09-14 20:08:56
2234,97,2651,22,2025-03-16 15:58:36
2235,79,4527,6,2025-04-20 03:21:30
2236,99,1446,94,2025-02-04 12:08:07
2237,33,3977,94,2025-09-04 17:31:03
2238,23,3480,96,2025-08-11 09:03:22
2239,16,4298,9,2025-07-28 01:37:53
2240,25,3476,32,2025-06-09 07:55:34
2241,30,442,16,2025-01-13 05:18:53
2242,20,3801,42,2025-10-25 05:10:47
2243,29,2278,15,2025-04-08 08:06:20
2244,99,4051,98,2025-03-16 09:00:28
2245,76,4798,28,2025-07-13 01:35:36
2246,94,1021,38,2025-08-18 22:06:52
2247,65,2203,42,2025-03-21 17:11:54
2248,71,3194,89,2025-04-12 02:10:58
2249,73,466,65,2025-11-23 14:04:34
2250,40,4454,0,2025-02-09 21:37:55
2251,38,2444,68,2025-01-29 21:58:36
2252,22,3277,5,2025-07-13 21:31:15
2253,98,2235,96,2026-01-02 15:27:07
2254,47,2718,25,2025-08-19 05:52:40
2255,73,81,16,2025-02-20 20:13:34
2256,55,4916,10,2025-01-18 00:32:20
2257,16,2073,1,2025-06-30 11:21:21
2258,39,4949,17,2025-02-28 05:05:15
2259,82,3363,92,2025-12-17 23:59:51
2260,58,4998,82,2025-10-04 22:41:14
2261,29,271,52,2025-08-09 16:19:42
2262,100,1067,23,2025-10-01 03:27:51
2263,1,1949,36,2025-04-23 12:28:06
2264,45,120,32,2025-11-03 04:07:43
2265,28,335,7,2025-12-21 04:17:34
2266,63,2917,63,2025-11-11 08:01:31
2267,82,1824,33,2025-03-06 06:10:41
2268,29,1743,79,2025-08-31 06:25:44
2269,33,4694,73,2025-05-19 04:21:39
2270,29,1941,27,2025-02-21 04:09:16
2271,49,318,71,2025-01-21 14:29:33
2272,46,1126,52,2025-07-25 09:03:32
2273,9,4189,19,2025-03-23 03:41:13
2274,69,4754,79,2025-10-20 04:46:33
2275,22,3811,32,2025-07-04 04:14:40
2276,22,4915,36,2025-08-06 00:57:36
2277,44,1179,10,2025-11-02 18:37:40
2278,41,4705,46,2025-07-09 19:28:19
2279,39,41,34,2025-03-04 13:43:12
2280,49,3266,77,2025-02-01 20:10:10
2281,31,89,25,2025-04-20 06:28:00
2282,27,4397,14,2025-10-31 11:44:51
2283,54,3350,85,2025-08-05 06:52:48
2284,25,204,0,2025-02-18 16:12:58
2285,15,2984,79,2025-01-31 13:54:00
2286,94,1567,9,2025-04-25 19:43:52
2287,81,2131,53,2025-11-25 08:09:28
2288,22,3566,46,2025-03-10 04:30:05
2289,18,1575,37,2025-04-02 01:51:04
2290,75,4241,33,2025-02-08 17:25:33
2291,39,1212,76,2025-09-02 06:55:33
2292,41,618,25,2025-01-25 18:03:19
2293,67,4406,5,2026-01-15 10:06:34
2294,88,4421,65,2026-01-06 22:31:33
2295,75,3353,87,2026-01-23 19:18:24
2296,1,1484,35,2025-11-22 00:33:11
2297,50,857,80,2025-06-09 22:09:22
2298,65,2974,75,2025-04-16 12:58:04
2299,20,2872,3,2025-10-20 08:53:01
2300,38,354,83,2025-04-15 14:33:53
2301,29,546,41,2026-02-05 20:47:35
2302,12,3268,89,2025-10-02 13:55:34
2303,38,3063,16,2025-06-08 18:16:18
2304,58,2518,5,2025-01-28 12:27:25
2305,49,785,50,2025-10-08 00:27:48
2306,57,1005,0,2025-06-02 06:44:21
2307,16,2294,84,2025-01-17 15:31:07
2308,4,4045,45,2025-12-27 07:25:42
2309,50,4129,45,2025-12-11 00:11:12
2310,74,3608,2,2025-11-01 15:44:31
2311,89,72,67,2025-07-23 14:13:05
2312,65,1788,85,2025-05-01 16:49:58
2313,35,3795,60,2025-06-11 01:04:40
2314,43,1567,66,2025-07-14 23:11:21
2315,43,2954,57,2025-09-25 04:43:26
2316,3,1432,34,2026-01-05 03:12:33
2317,90,4411,50,2025-04-30 00:42:17
2318,63,3199,89,2025-03-15 21:22:28
2319,72,343,53,2025-04-22 18:00:38
2320,87,3831,15,2025-06-15 17:48:07
2321,89,2671,70,2025-08-20 15:51:46
2322,29,3620,59,2025-02-26 03:31:25
2323,10,3472,16,2025-12-09 10:18:11
2324,35,4177,67,2025-06-16 23:40:26
2325,73,2653,24,2025-11-11 03:56:20
2326,84,798,58,2025-10-12 10:28:39
2327,79,1381,22,2025-08-26 21:50:58
2328,87,2047,22,2025-01-19 13:11:23
2329,77,4394,18,2025-03-25 13:10:00
2330,4,3761,39,2025-12-26 15:17:20
2331,45,785,30,2026-01-29 02:13:39
2332,74,3999,54,2026-01-30 17:21:42
2333,63,814,71,2025-08-06 10:20:03
2334,68,1641,66,2025-07-23 23:19:48
2335,72,1470,60,2025-08-12 19:08:37
2336,68,75,21,2025-07-11 08:03:05
2337,4,2026,32,2025-07-10 12:35:30
2338,85,694,88,2025-09-21 01:28:53
2339,1,4020,61,2025-01-04 18:07:11
2340,49,4555,24,2025-02-03 06:32:01
2341,14,4020,4,2025-02-19 07:56:27
2342,42,3035,91,2025-12-21 22:57:53
2343,88,1272,25,2025-11-23 16:17:12
2344,80,3226,15,2025-06-15 07:25:37
2345,74,3724,34,2025-06-02 00:10:52
2346,18,4344,62,2025-04-22 07:24:43
2347,42,4640,45,2025-06-10 22:34:44
2348,27,2414,77,2025-08-12 22:56:39
2349,17,4007,38,2025-09-25 00:45:03
2350,16,565,82,2025-07-29 16:44:40
2351,80,4322,38,2025-07-05 19:14:47
2352,24,2077,81,2025-10-19 07:25:17
2353,98,4586,86,2025-09-23 14:24:42
2354,35,4128,57,2025-08-07 12:38:21
2355,50,3803,43,2025-04-26 05:01:51
2356,13,3449,48,2025-03-23 21:58:05
2357,33,3218,16,2026-01-18 12:59:59
2358,33,297,15,2026-01-06 09:03:54
2359,22,768,32,2025-02-10 03:04:30
2360,49,1105,62,2025-06-24 22:32:05
2361,63,2232,6,2025-06-21 20:15:52
2362,58,3591,95,2025-04-17 02:46:53
2363,9,3929,87,2025-06-28 13:44:11
2364,81,3992,58,2025-03-08 01:58:42
2365,26,2933,46,2026-01-05 11:36:11
2366,83,788,44,2025-06-20 08:41:17
2367,86,585,10,2025-09-21 17:04:48
2368,16,2485,51,2025-05-23 07:27:13
2369,22,3951,34,2025-10-31 02:05:29
2370,43,4717,71,2025-06-19 01:26:39
2371,96,1162,42,2025-10-21 15:57:14
2372,80,1923,53,2025-11-19 03:11:27
2373,29,219,6,2025-09-06 12:18:06
2374,87,3396,11,2025-01-07 01:58:35
2375,42,1283,90,2025-02-06 22:18:59
2376,7,2705,69,2025-06-08 10:38:04
2377,84,3528,33,2025-06-30 11:13:30
2378,21,1116,68,2025-11-13 10:43:33
2379,70,3123,4,2025-03-10 03:13:08
2380,1,4690,0,2025-05-21 19:31:33
2381,89,3436,68,2025-03-08 10:42:35
2382,7,1931,92,2025-03-13 23:34:17
2383,38,922,26,2025-10-12 17:15:29
2384,52,2542,100,2025-08-19 20:09:54
2385,86,405,99,2025-12-24 19:15:06
2386,88,4875,37,2025-04-18 10:36:50
2387,26,3980,55,2025-08-26 20:59:29
2388,30,1676,7,2025-10-04 00:53:18
2389,53,1780,34,2025-06-04 22:27:42
2390,11,1254,95,2025-06-27 15:51:41
2391,11,4662,52,2025-07-23 14:16:19
2392,41,3042,1,2025-12-31 18:35:15
2393,90,873,93,2025-03-25 07:08:31
2394,50,2567,25,2025-10-10 03:50:11
2395,36,2762,33,2025-06-21 21:56:37
2396,79,3341,20,2026-01-25 05:05:49
2397,67,4,1,2025-12-28 11:30:02
2398,14,2261,4,2025-10-10 08:55:51
2399,43,4850,77,2025-03-13 06:59:04
2400,64,4119,64,2025-11-14 23:34:11
2401,98,1383,77,2025-07-15 23:41:17
2402,74,805,13,2025-05-20 12:09:56
2403,45,3,54,2025-01-15 15:35:38
2404,56,1837,17,2025-10-31 01:59:59
2405,35,3902,2,2026-02-05 13:30:21
2406,62,4414,69,2025-10-29 10:29:52
2407,50,2537,22,2025-06-06 07:15:46
2408,66,3762,12,2025-07-14 23:26:01
2409,18,3807,34,2025-12-28 20:48:13
2410,66,4318,3,2025-05-31 22:08:01
2411,46,1642,6,2025-05-28 15:12:55
2412,16,4558,3,2025-07-12 18:44:05
2413,18,4892,78,2025-12-31 02:43:16
2414,27,4211,49,2025-01-17 13:36:17
2415,21,1819,4,2025-10-25 06:04:03
2416,13,2584,29,2025-03-14 12:09:31
2417,50,2294,25,2025-03-21 06:28:27
2418,23,4253,5,2026-01-28 08:52:33
2419,55,3522,81,2025-03-09 19:30:51
2420,89,4298,20,2025-03-31 21:49:48
2421,80,2402,3,2025-11-02 15:42:36
2422,13,4040,1,2025-08-07 23:32:16
2423,76,1662,51,2025-12-12 14:59:59
2424,60,3714,81,2025-07-26 16:13:33
2425,88,399,89,2026-02-02 09:41:13
2426,7,3416,7,2025-02-04 19:19:36
2427,6,4559,72,2025-08-03 19:19:21
2428,61,211,92,2025-11-30 19:13:24
2429,66,2208,57,2025-03-11 14:41:19
2430,90,442,43,2025-08-12 14:09:00
2431,16,1581,7,2025-12-16 13:59:03
2432,85,1681,30,2025-09-11 10:35:28
2433,8,2643,73,2025-05-21 09:28:12
2434,86,4767,86,2025-04-05 11:45:13
2435,66,230,0,2025-04-25 08:12:27
2436,19,1749,6,2025-01-03 17:39:26
2437,89,4830,2,2025-05-07 17:29:34
2438,98,3719,52,2025-07-09 21:20:44
2439,94,2474,80,2026-01-31 19:27:52
2440,86,2689,79,2026-01-24 06:59:40
2441,55,3648,10,2026-01-29 18:14:36
2442,20,691,60,2025-09-02 08:32:27
2443,24,3112,16,2025-02-17 07:28:22
2444,26,4345,76,2025-07-28 00:18:10
2445,15,4574,88,2025-08-13 13:59:33
2446,61,2028,69,2025-06-08 15:54:56
2447,70,4345,80,2025-04-07 18:36:07
2448,77,3036,60,2025-10-28 21:45:36
2449,88,3690,14,2025-09-15 13:44:28
2450,70,3324,66,2025-08-21 17:12:03
2451,37,1610,91,2025-10-20 01:48:54
2452,88,1625,62,2025-10-06 19:00:13
2453,25,2728,70,2025-08-06 11:55:04
2454,39,3601,90,2026-01-02 20:13:16
2455,17,3434,49,2025-08-31 02:11:53
2456,72,3119,80,2025-07-14 05:13:07
2457,14,4914,79,2025-10-17 05:26:08
2458,13,2518,88,2025-12-13 01:00:04
2459,73,2056,80,2025-01-01 01:59:33
2460,79,695,48,2026-01-28 04:33:17
2461,53,851,60,2025-09-21 06:17:04
2462,17,2037,33,2025-07-22 09:13:09
2463,76,1958,64,2025-11-22 15:24:34
2464,31,118,87,2025-03-02 10:23:41
2465,29,1158,68,2025-02-07 11:00:38
2466,97,4397,88,2025-03-11 13:12:30
2467,2,3293,68,2025-09-16 18:36:07
2468,90,143,82,2026-01-18 01:14:12
2469,13,1052,33,2025-03-25 18:04:11
2470,34,749,49,2025-01-21 10:02:01
2471,16,1506,7,2025-09-09 09:20:03
2472,7,3410,34,2026-01-01 16:15:02
2473,54,1707,51,2025-07-01 09:50:50
2474,48,2548,67,2025-07-08 06:06:47
2475,43,2411,50,2025-12-25 22:07:15
2476,78,1642,15,2025-10-14 18:51:04
2477,4,1545,97,2025-10-26 05:37:10
2478,92,2830,94,2025-09-02 01:59:11
2479,34,4116,5,2025-03-11 16:22:34
2480,16,1675,29,2025-10-05 05:17:02
2481,96,2783,69,2025-08-28 20:18:29
2482,66,2004,57,2025-04-18 16:22:07
2483,76,4793,68,2025-06-12 00:12:55
2484,44,4708,14,2025-10-25 13:52:25
2485,22,2067,23,2025-08-23 23:21:57
2486,80,981,62,2025-06-20 20:21:09
2487,31,151,3,2025-07-17 04:31:14
2488,48,130,93,2025-08-24 06:42:30
2489,18,3237,56,2025-08-01 14:37:20
2490,89,1684,89,2025-04-04 11:45:03
2491,8,4046,67,2025-01-12 23:36:33
2492,28,4493,35,2025-11-15 19:51:40
2493,91,4735,69,2025-04-30 06:46:41
2494,36,1099,95,2025-03-17 09:38:17
2495,64,2878,30,2025-06-24 22:36:48
2496,83,2710,18,2025-08-18 02:42:47
2497,88,1057,5,2025-01-26 20:27:14
2498,97,1185,24,2025-04-22 05:01:37
2499,31,1353,58,2025-10-02 05:53:30
2500,6,814,6,2025-08-26 12:46:19
2501,84,3951,10,2025-04-16 22:37:41
2502,96,4275,52,2025-06-14 19:01:51
2503,23,1383,56,2025-09-23 20:39:20
2504,83,2185,69,2025-02-01 15:37:12
2505,92,3123,81,2025-07-09 04:14:19
2506,96,281,86,2025-01-15 15:10:15
2507,100,1132,80,2025-01-27 18:21:23
2508,43,3810,2,2025-11-05 07:10:51
2509,6,4479,95,2025-08-25 10:51:50
2510,36,3470,38,2025-06-15 08:54:54
2511,9,3633,50,2025-07-07 16:42:49
2512,58,4652,9,2025-08-24 04:02:48
2513,84,3837,56,2025-03-24 04:16:48
2514,58,3285,50,2025-10-05 18:13:24
2515,79,4760,21,2025-09-13 22:49:51
2516,31,3212,24,2025-11-18 10:47:39
2517,89,3716,85,2025-11-14 09:29:48
2518,13,3772,59,2025-09-16 05:13:57
2519,75,4807,33,2025-01-06 09:14:41
2520,32,894,83,2025-02-25 07:40:51
2521,52,3361,62,2025-01-17 20:45:52
2522,34,1778,0,2025-08-31 18:08:19
2523,83,4189,65,2025-10-16 10:49:16
2524,57,2117,24,2025-06-10 21:14:30
2525,22,392,19,2025-11-14 11:12:04
2526,13,1704,54,2025-10-12 08:17:36
2527,90,1657,10,2026-01-26 19:07:25
2528,55,2463,56,2025-03-16 23:32:04
2529,82,1944,79,2025-06-22 16:29:19
2530,60,2501,2,2025-01-10 11:36:00
2531,69,1392,26,2025-08-13 01:24:43
2532,65,3341,12,2025-08-07 06:40:56
2533,42,1126,97,2026-01-21 04:06:25
2534,74,1422,3,2025-02-24 07:15:06
2535,73,2609,45,2025-10-12 01:04:04
2536,79,1656,59,2025-05-29 02:45:16
2537,54,4999,81,2025-09-20 10:14:21
2538,74,4801,40,2025-05-09 13:27:16
2539,57,2497,2,2025-02-20 15:43:15
2540,15,3061,77,2025-05-03 05:58:20
2541,77,1295,17,2025-03-11 17:59:00
2542,32,3232,7,2025-08-27 22:04:46
2543,80,2387,74,2025-02-10 13:58:22
2544,35,237,26,2025-10-08 11:39:41
2545,80,1545,50,2025-07-29 20:34:50
2546,49,3634,38,2025-05-30 04:49:16
2547,1,4097,72,2025-03-23 09:38:15
2548,35,4949,5,2025-05-18 18:59:13
2549,98,3006,90,2025-05-19 15:25:38
2550,63,3865,21,2025-08-06 23:58:10
2551,15,4979,53,2025-11-01 05:54:00
2552,92,373,87,2025-01-29 14:54:57
2553,45,2866,48,2025-12-15 20:04:06
2554,67,4306,88,2025-06-15 13:34:12
2555,68,2601,3,2025-12-05 10:56:21
2556,66,2809,55,2025-01-19 05:54:55
2557,70,2918,60,2025-08-16 17:19:07
2558,69,3402,26,2025-09-01 16:11:47
2559,82,1477,6,2025-04-29 11:45:34
2560,46,1265,33,2025-11-14 07:03:00
2561,50,2603,86,2026-01-20 17:07:21
2562,99,3018,75,2025-12-05 18:33:29
2563,64,4841,34,2025-09-26 09:55:40
2564,62,4751,78,2025-07-28 15:09:27
2565,54,4294,36,2025-09-11 06:51:01
2566,29,2202,26,2025-10-10 14:43:51
2567,71,1439,11,2025-07-10 16:26:46
2568,77,4604,24,2025-09-24 04:22:33
2569,1,1182,34,2025-12-28 16:33:53
2570,81,2557,77,2025-03-07 20:25:11
2571,53,4229,84,2025-03-11 06:45:41
2572,58,503,97,2025-03-03 12:47:23
2573,34,754,57,2025-12-16 22:03:24
2574,84,2294,95,2025-08-05 08:26:09
2575,29,1726,92,2025-03-17 19:00:52
2576,55,4081,14,2025-07-22 15:31:26
2577,95,1661,11,2026-01-18 22:16:15
2578,72,385,81,2026-02-03 04:48:26
2579,35,3153,76,2025-09-29 18:42:11
2580,85,3760,86,2025-09-22 03:04:46
2581,37,3656,96,2025-08-03 12:53:23
2582,22,2732,68,2025-03-15 00:31:38
2583,19,346,86,2025-03-31 15:42:15
2584,85,1376,12,2025-03-06 22:06:58
2585,93,2675,25,2025-04-11 13:54:29
2586,11,1047,62,2025-06-28 09:24:13
2587,21,4311,56,2025-03-04 02:57:24
2588,19,822,63,2025-02-25 16:42:47
2589,76,411,81,2025-12-06 20:53:33
2590,73,3052,28,2025-01-08 20:09:56
2591,18,883,29,2025-11-10 08:03:31
2592,59,4061,73,2025-07-27 09:48:00
2593,80,4602,15,2026-01-29 09:32:40
2594,11,2179,84,2026-01-11 17:40:42
2595,36,3839,6,2026-01-20 22:19:40
2596,64,3170,22,2025-11-01 07:07:15
2597,57,2117,99,2025-09-08 22:22:26
2598,16,365,88,2025-08-04 06:55:08
2599,67,992,70,2025-08-30 06:13:05
2600,79,4796,39,2025-07-06 20:44:45
2601,6,1376,42,2025-03-08 13:19:18
2602,10,864,96,2025-08-20 03:49:20
2603,5,483,70,2025-12-18 07:16:30
2604,12,180,93,2025-12-07 13:59:36
2605,95,4543,91,2025-03-14 08:44:27
2606,50,1564,38,2025-09-30 14:18:05
2607,79,724,16,2025-05-25 13:26:28
2608,78,4865,28,2025-12-06 12:18:45
2609,95,3382,26,2025-07-28 09:19:34
2610,75,4293,32,2025-11-05 16:23:53
2611,30,4742,25,2025-01-11 21:11:29
2612,77,2933,3,2025-07-23 03:49:24
2613,99,1682,48,2025-04-25 21:34:45
2614,45,4386,12,2026-01-10 18:35:08
2615,82,4374,76,2025-10-10 08:02:12
2616,30,1324,95,2025-06-30 13:04:50
2617,4,4431,34,2026-01-26 11:14:38
2618,99,1872,63,2025-01-29 04:17:14
2619,15,4423,26,2025-01-08 23:34:07
2620,100,122,9,2025-03-17 10:14:58
2621,66,976,29,2025-06-03 12:52:09
2622,1,3600,23,2025-07-27 20:59:42
2623,100,3337,11,2026-01-29 13:32:56
2624,46,327,59,2025-08-09 18:15:37
2625,66,3069,30,2025-04-13 13:53:07
2626,54,413,22,2025-10-17 14:37:32
2627,3,2624,0,2026-01-17 02:51:43
2628,95,167,39,2025-08-11 15:14:56
2629,50,4786,77,2025-12-30 21:48:38
2630,80,2700,53,2025-03-07 09:47:43
2631,82,2598,17,2025-04-04 11:12:24
2632,63,1397,26,2025-01-13 09:50:46
2633,98,609,18,2025-02-25 12:06:56
2634,52,4098,45,2025-06-18 21:16:14
2635,85,3627,53,2025-04-02 16:27:45
2636,25,1694,25,2025-08-31 03:46:58
2637,52,3370,36,2025-04-05 06:39:25
2638,30,2579,38,2026-01-22 03:35:55
2639,100,940,36,2025-01-07 13:47:00
2640,47,884,6,2025-04-09 11:14:45
2641,66,1644,18,2025-10-05 09:51:39
2642,11,4694,79,2025-12-27 13:51:47
2643,84,2021,41,2025-03-02 04:53:40
2644,68,3042,64,2025-07-03 02:49:23
2645,35,276,30,2026-01-24 17:25:06
2646,48,236,95,2025-06-20 14:10:26
2647,79,4375,68,2025-01-10 07:51:06
2648,19,1157,99,2025-02-11 17:34:07
2649,96,4573,72,2025-01-30 02:29:52
2650,19,1143,75,2025-02-26 13:02:24
2651,74,2567,60,2025-08-16 16:33:30
2652,32,4151,65,2025-06-03 12:42:08
2653,5,1811,7,2025-08-06 11:48:52
2654,80,1673,28,2025-03-11 10:07:55
2655,96,1109,7,2025-09-21 14:55:26
2656,65,1558,78,2025-03-14 19:59:24
2657,93,942,84,2026-02-05 13:07:12
2658,31,3919,86,2025-07-05 05:44:13
2659,78,2573,5,2025-12-17 06:03:12
2660,13,774,93,2026-01-09 19:13:13
2661,13,1252,20,2026-02-01 11:37:32
2662,31,3753,80,2025-08-24 03:03:49
2663,63,4827,71,2026-01-11 07:23:00
2664,20,2559,52,2025-05-02 05:07:15
2665,87,1516,81,2025-01-25 04:29:53
2666,27,725,100,2025-09-16 17:02:00
2667,48,537,57,2025-09-13 12:58:06
2668,64,3793,14,2025-02-25 22:22:45
2669,84,1304,22,2025-08-16 01:28:28
2670,82,3012,82,2025-04-22 08:27:05
2671,40,2384,93,2025-04-03 17:30:16
2672,41,3574,94,2025-05-27 16:16:22
2673,7,888,45,2025-04-28 23:14:11
2674,29,391,68,2025-02-03 11:11:28
2675,90,1570,89,2025-05-15 18:21:12
2676,32,2953,18,2025-05-03 10:42:20
2677,50,1089,61,2025-10-20 11:15:56
2678,19,1213,81,2025-08-11 07:58:34
2679,61,2436,30,2025-08-31 14:10:38
2680,35,3712,73,2025-12-19 07:32:01
2681,78,103,10,2025-12-12 12:16:07
2682,14,3486,91,2025-05-16 03:38:17
2683,65,1964,1,2025-05-09 19:56:36
2684,68,4943,59,2025-03-20 01:24:23
2685,7,1179,43,2025-04-28 19:20:07
2686,87,637,8,2026-01-01 09:44:23
2687,52,3480,14,2025-08-12 18:01:09
2688,50,715,67,2025-06-08 11:27:25
2689,32,4165,7,2025-09-09 16:25:19
2690,90,2828,16,2026-01-28 06:21:25
2691,22,2068,83,2025-01-28 20:50:24
2692,22,2065,92,2025-07-27 06:59:32
2693,6,2527,88,2025-02-04 04:35:20
2694,93,1905,62,2025-10-30 11:00:02
2695,29,2858,29,2025-12-26 22:46:43
2696,47,2679,35,2025-09-10 03:23:15
2697,52,1217,68,2025-06-01 04:29:38
2698,19,3409,100,2025-11-30 03:41:50
2699,26,2424,62,2026-01-31 20:15:51
2700,35,4869,35,2025-09-02 17:57:00
2701,54,4511,74,2025-09-13 10:41:22
2702,27,1196,83,2026-01-15 06:19:08
2703,77,412,35,2025-06-03 02:25:55
2704,73,124,29,2025-08-29 21:42:52
2705,35,2877,97,2025-03-05 04:43:12
2706,34,3016,58,2025-06-20 16:13:25
2707,32,4133,95,2025-05-07 01:24:15
2708,20,4589,86,2025-03-26 17:02:37
2709,85,2076,45,2025-04-19 04:55:39
2710,53,2591,20,2025-08-07 18:47:59
2711,35,68,23,2025-08-13 16:20:09
2712,71,2368,78,2025-08-01 08:26:19
2713,77,4333,66,2025-04-11 22:46:41
2714,10,4481,2,2025-10-01 01:02:28
2715,87,2316,70,2025-11-02 15:58:59
2716,80,3760,26,2026-01-31 19:22:02
2717,95,1862,0,2025-02-03 09:07:34
2718,21,306,35,2025-10-08 14:07:48
2719,96,292,10,2025-08-08 06:25:51
2720,33,4842,84,2025-10-17 23:16:12
2721,16,2416,94,2025-06-10 21:30:56
2722,14,4948,11,2025-01-30 15:28:25
2723,83,4191,58,2025-08-11 00:35:19
2724,52,1520,5,2026-01-13 17:50:50
2725,97,4907,93,2025-04-10 18:16:48
2726,78,3484,61,2025-07-26 16:21:38
2727,20,852,10,2025-10-29 18:21:14
2728,100,608,45,2025-10-13 04:44:51
2729,2,4402,90,2025-10-14 03:48:17
2730,8,3434,62,2025-06-24 13:10:52
2731,67,5,35,2026-01-01 12:58:18
2732,73,1551,41,2025-10-25 18:02:13
2733,31,4310,78,2025-01-09 11:08:38
2734,30,4951,78,2026-01-18 23:37:37
2735,21,2637,41,2025-09-17 10:26:33
2736,58,4639,82,2025-06-16 18:41:45
2737,23,4153,37,2025-08-11 18:57:12
2738,41,2484,51,2025-02-23 05:41:04
2739,5,1336,67,2025-12-27 17:37:12
2740,60,1507,39,2025-03-07 13:02:41
2741,54,4588,75,2026-01-05 22:41:46
2742,84,4523,96,2026-02-04 09:20:23
2743,74,1455,65,2025-02-12 01:06:49
2744,38,2916,23,2025-09-28 21:39:14
2745,80,4933,1,2025-11-24 00:20:27
2746,81,4058,18,2025-01-12 09:55:57
2747,66,3524,54,2026-01-24 01:04:08
2748,87,3261,61,2025-10-03 02:24:09
2749,8,3204,83,2025-06-23 14:59:35
2750,52,4805,59,2025-02-04 03:36:32
2751,38,1018,23,2026-02-01 02:12:14
2752,61,3787,53,2025-02-19 08:45:34
2753,98,2763,39,2025-09-07 22:22:17
2754,84,333,80,2025-10-05 00:44:27
2755,76,664,20,2025-06-04 12:51:39
2756,31,1257,78,2025-05-09 10:28:51
2757,23,3543,4,2025-10-04 08:31:00
2758,7,3945,88,2025-01-12 09:33:55
2759,36,4427,97,2025-12-04 03:47:51
2760,4,1546,45,2025-06-14 17:56:59
2761,36,4719,13,2025-12-26 11:13:31
2762,18,1579,79,2025-11-09 00:53:10
2763,45,1219,85,2025-11-02 16:03:17
2764,80,3974,34,2025-07-02 04:40:06
2765,5,2937,90,2025-10-20 18:46:31
2766,92,382,44,2025-04-23 20:42:08
2767,69,2892,20,2025-12-12 22:18:12
2768,50,2964,67,2025-01-11 19:26:51
2769,10,444,66,2025-11-18 13:48:03
2770,77,2212,85,2025-06-25 07:25:49
2771,31,4096,96,2025-01-11 21:24:22
2772,2,4226,65,2025-02-05 07:39:21
2773,32,4272,91,2026-01-19 14:28:17
2774,48,496,58,2025-11-06 09:31:34
2775,44,3398,30,2025-04-09 18:26:12
2776,71,2462,67,2025-07-05 02:03:47
2777,67,141,53,2025-04-29 11:20:39
2778,67,4943,96,2025-04-06 16:27:10
2779,8,747,10,2025-09-19 14:33:15
2780,74,4704,29,2025-06-19 18:30:42
2781,16,574,90,2025-12-03 07:45:32
2782,2,3837,67,2025-12-03 12:08:42
2783,86,1005,13,2025-12-05 18:06:20
2784,8,2848,11,2025-05-13 14:14:22
2785,28,1764,48,2025-09-14 20:57:57
2786,51,316,69,2025-06-14 08:24:19
2787,53,4308,5,2026-01-01 06:06:35
2788,87,3299,77,2025-10-29 22:46:34
2789,71,4784,43,2025-01-20 03:19:15
2790,68,4437,36,2025-09-01 00:52:29
2791,74,4976,87,2025-11-15 21:42:59
2792,42,4007,86,2025-02-17 22:42:09
2793,7,2011,47,2025-07-05 04:37:42
2794,66,2158,0,2025-06-24 09:41:03
2795,45,4601,10,2025-07-23 07:26:56
2796,31,3746,82,2025-03-19 18:35:39
2797,96,4710,51,2025-05-29 11:20:45
2798,46,398,30,2025-11-17 11:50:58
2799,35,919,60,2025-12-25 14:09:26
2800,69,2622,73,2025-06-07 02:10:59
2801,89,1234,24,2025-07-18 08:47:09
2802,22,2183,89,2025-12-14 11:53:56
2803,92,2095,52,2025-09-13 05:20:26
2804,66,4613,18,2025-05-28 18:13:32
2805,60,2503,3,2025-04-09 22:14:07
2806,63,3295,75,2025-06-05 06:55:07
2807,16,1612,81,2025-09-14 22:25:34
2808,11,4441,38,2025-04-01 22:59:24
2809,87,4322,53,2025-07-19 00:49:41
2810,2,4483,90,2025-11-21 10:29:59
2811,77,4890,36,2025-11-13 21:47:36
2812,88,4361,61,2025-10-08 19:23:48
2813,74,2642,77,2025-10-21 21:01:24
2814,65,795,65,2025-02-05 21:18:22
2815,40,4867,81,2025-04-12 22:47:25
2816,92,800,2,2025-11-22 22:07:45
2817,5,1989,9,2025-12-18 13:28:40
2818,15,4729,30,2025-09-26 07:56:45
2819,6,2994,62,2025-02-22 08:47:25
2820,91,4119,0,2025-10-25 12:12:42
2821,86,636,72,2025-11-17 04:48:08
2822,25,684,94,2025-11-27 07:38:43
2823,42,1807,78,2025-09-08 13:31:15
2824,66,3561,19,2025-12-22 17:03:21
2825,71,3842,67,2025-07-19 06:44:52
2826,29,764,51,2025-01-09 06:53:05
2827,47,2620,6,2025-01-26 10:10:55
2828,74,1888,89,2025-07-29 19:19:08
2829,10,3692,2,2025-07-22 12:10:07
2830,67,755,93,2025-07-12 03:00:06
2831,32,370,32,2025-06-04 23:23:35
2832,92,1874,34,2025-12-18 06:13:59
2833,90,504,9,2025-03-09 21:18:45
2834,21,3560,24,2026-01-11 07:01:21
2835,88,796,0,2025-03-21 10:59:22
2836,91,3822,31,2025-02-23 18:18:51
2837,83,4942,46,2025-06-22 12:14:14
2838,8,235,20,2025-09-11 09:28:43
2839,14,3175,83,2025-12-01 15:15:23
2840,63,2138,86,2025-11-25 09:21:08
2841,61,115,3,2025-10-22 23:11:31
2842,6,4002,15,2025-12-09 21:20:02
2843,22,4382,13,2025-08-01 08:02:15
2844,75,3700,31,2025-03-21 03:11:43
2845,77,2813,0,2025-08-12 09:55:42
2846,10,2995,60,2025-02-16 23:36:24
2847,14,2729,44,2025-11-15 04:34:09
2848,18,829,51,2026-01-29 01:45:36
2849,50,3651,91,2025-07-10 22:29:20
2850,11,1111,93,2025-05-01 17:46:18
2851,74,2139,14,2025-03-10 02:28:09
2852,36,2587,63,2025-04-09 19:03:50
2853,85,3672,53,2025-08-07 23:32:21
2854,31,3845,77,2025-03-30 13:49:07
2855,87,2995,19,2025-01-01 23:49:00
2856,35,3574,26,2026-01-04 11:25:26
2857,2,724,65,2026-01-26 22:33:25
2858,69,3139,100,2025-06-23 05:36:32
2859,58,2774,11,2025-08-02 16:44:57
2860,43,3586,85,2025-05-28 11:24:29
2861,62,4243,12,2025-04-16 07:47:14
2862,45,2186,91,2026-01-21 02:47:15
2863,29,3942,29,2025-11-27 16:11:53
2864,17,628,48,2025-12-18 05:56:36
2865,32,871,72,2025-03-13 17:04:10
2866,62,4453,81,2025-12-07 17:17:27
2867,46,3239,56,2025-12-17 20:36:25
2868,87,1757,48,2025-12-03 08:14:06
2869,31,1223,4,2026-02-03 01:07:41
2870,61,1230,70,2025-10-28 12:59:21
2871,68,4501,67,2025-06-16 11:37:55
2872,37,3448,68,2025-11-08 19:21:21
2873,56,32,88,2025-01-17 10:22:20
2874,1,3583,74,2025-03-18 11:54:28
2875,33,4562,72,2025-12-14 05:25:35
2876,81,4903,63,2025-10-27 16:28:02
2877,62,196,8,2025-11-30 18:53:33
2878,66,1306,28,2025-07-31 03:47:05
2879,87,375,10,2025-11-21 15:33:23
2880,33,679,23,2025-07-22 05:02:12
2881,58,511,33,2025-09-17 20:53:53
2882,4,1257,4,2025-12-11 20:52:31
2883,84,4895,77,2025-06-20 07:08:33
2884,14,3060,31,2025-09-12 01:51:32
2885,78,4390,100,2025-06-20 13:57:58
2886,56,2352,60,2025-07-28 15:09:03
2887,78,1788,81,2025-03-29 04:58:01
2888,75,3374,38,2025-02-06 18:56:53
2889,50,1609,44,2025-07-09 08:21:57
2890,59,4799,42,2025-05-01 20:26:55
2891,70,621,29,2025-12-08 10:11:01
2892,84,2189,4,2025-11-03 02:40:09
2893,1,1417,30,2025-01-27 18:35:54
2894,54,1707,70,2025-04-02 02:28:07
2895,59,4303,32,2025-09-21 16:05:30
2896,25,3404,69,2025-06-03 00:29:10
2897,12,3094,36,2025-03-01 05:00:52
2898,34,3302,57,2025-03-21 07:48:31
2899,63,93,41,2025-06-25 11:29:28
2900,76,1449,39,2025-04-26 16:18:14
2901,42,4351,48,2025-11-07 04:35:31
2902,98,4390,65,2025-09-06 02:12:14
2903,38,4595,38,2025-08-02 10:46:06
2904,31,827,100,2026-01-23 13:30:49
2905,24,4518,45,2025-04-14 12:52:40
2906,1,3767,56,2025-07-30 21:51:39
2907,70,4909,90,2025-03-29 18:57:21
2908,23,3452,36,2025-01-22 17:30:54
2909,42,2974,58,2025-06-17 21:09:25
2910,79,3161,39,2025-01-12 01:17:04
2911,12,2066,41,2025-09-28 17:02:51
2912,83,304,54,2025-12-22 07:05:10
2913,84,3945,71,2025-12-08 06:43:39
2914,53,34,44,2025-06-04 20:25:40
2915,72,4290,41,2025-11-15 02:49:57
2916,6,4603,22,2025-10-08 14:58:18
2917,53,3675,86,2025-06-16 07:10:04
2918,85,2014,45,2025-01-19 01:12:41
2919,17,1262,50,2025-08-10 00:44:53
2920,50,2373,37,2025-03-13 07:39:30
2921,16,2710,0,2025-03-03 07:43:11
2922,22,1214,9,2025-01-17 22:38:23
2923,69,2983,99,2025-02-03 19:41:18
2924,58,787,33,2025-04-22 20:33:38
2925,47,1544,26,2025-01-29 22:03:33
2926,60,304,51,2025-10-24 11:12:34
2927,1,4913,6,2025-12-08 03:12:40
2928,72,1893,41,2025-04-20 03:59:18
2929,94,2918,50,2025-03-09 17:11:38
2930,8,1629,18,2025-06-03 10:40:31
2931,1,598,28,2025-12-02 12:50:44
2932,90,3471,62,2026-01-21 12:46:24
2933,1,1530,12,2025-01-05 05:05:57
2934,48,1196,68,2025-12-19 08:59:49
2935,15,2098,10,2025-06-02 16:55:14
2936,93,2531,17,2025-05-29 07:34:11
2937,98,3560,24,2025-02-15 13:23:10
2938,3,3850,0,2025-10-10 04:25:44
2939,52,1965,53,2026-01-15 09:24:41
2940,4,4145,47,2025-06-18 01:50:08
2941,88,2019,77,2026-01-07 20:22:04
2942,82,3156,3,2025-12-14 05:46:10
2943,1,3784,72,2025-09-22 13:49:14
2944,44,2170,97,2025-05-23 20:34:11
2945,51,1875,5,2025-11-05 19:06:41
2946,14,1429,65,2026-01-17 20:10:53
2947,55,4938,26,2025-09-02 01:53:34
2948,39,4557,54,2025-04-14 07:18:43
2949,53,4217,70,2025-12-08 17:30:37
2950,26,4941,67,2025-02-27 15:42:07
2951,40,2315,70,2025-03-09 17:02:42
2952,38,2579,9,2025-03-18 05:11:48
2953,94,220,61,2026-01-05 03:23:40
2954,15,2026,11,2025-06-13 15:57:55
2955,29,1674,24,2025-09-02 16:43:01
2956,70,2920,77,2026-01-03 14:35:15
2957,62,430,46,2025-07-07 23:08:33
2958,3,2439,20,2026-01-01 15:09:24
2959,34,2649,83,2025-12-30 07:05:44
2960,92,2453,66,2025-01-08 21:20:38
2961,70,2905,5,2025-03-18 12:13:43
2962,14,1056,3,2025-06-25 13:00:40
2963,52,4742,44,2025-01-11 09:08:58
2964,69,3391,34,2025-03-07 22:09:11
2965,92,2507,56,2025-12-30 00:36:28
2966,89,4547,5,2025-08-05 19:23:46
2967,36,527,14,2025-12-26 22:29:01
2968,72,572,61,2025-02-22 12:39:23
2969,61,1147,76,2025-05-31 10:07:56
2970,96,3461,17,2025-03-16 04:50:59
2971,2,3346,91,2025-01-18 19:51:21
2972,48,4102,57,2025-07-26 05:28:41
2973,14,1354,31,2025-09-22 16:08:17
2974,23,1482,61,2026-01-26 12:43:02
2975,75,1333,22,2025-05-27 19:06:11
2976,54,689,40,2025-02-21 16:18:50
2977,17,3237,60,2025-11-10 09:27:43
2978,98,3874,53,2025-11-22 17:46:05
2979,28,4741,84,2025-01-23 00:58:13
2980,11,1037,99,2025-04-06 11:49:59
2981,11,3933,43,2025-04-09 10:03:23
2982,11,4265,41,2026-01-13 05:32:37
2983,31,4693,51,2025-02-28 01:33:31
2984,76,3325,12,2025-05-08 11:46:28
2985,98,1748,54,2025-11-27 18:24:53
2986,92,2593,38,2025-09-07 09:31:53
2987,97,4660,18,2025-05-01 10:40:27
2988,31,3349,55,2025-03-28 13:11:35
2989,8,1838,59,2025-11-06 04:01:07
2990,93,3823,55,2025-12-08 04:42:38
2991,46,1733,17,2025-10-28 00:20:57
2992,72,1987,96,2025-10-18 13:27:41
2993,68,1444,11,2025-12-06 18:22:41
2994,55,1773,92,2025-10-04 18:38:41
2995,17,4153,39,2025-03-02 22:17:50
2996,85,868,34,2025-01-03 20:58:41
2997,24,1669,36,2025-04-01 01:35:37
2998,95,107,0,2025-02-17 18:55:19
2999,78,4265,98,2025-02-24 16:48:10
3000,42,4833,31,2025-07-04 03:50:37
3001,65,746,74,2025-04-13 01:59:57
3002,86,825,65,2025-12-22 23:18:59
3003,13,3772,19,2025-03-27 16:46:31
3004,71,404,7,2025-10-29 04:54:23
3005,59,2939,56,2025-08-02 03:30:41
3006,29,1129,5,2026-01-01 10:25:24
3007,79,4619,36,2026-01-07 06:03:43
3008,76,1551,7,2025-07-12 20:48:34
3009,34,2737,43,2025-03-30 02:59:34
3010,39,2486,89,2025-06-08 18:45:05
3011,96,940,62,2025-01-30 03:20:36
3012,37,2085,91,2025-07-06 05:54:56
3013,21,2086,20,2025-06-16 16:10:38
3014,85,1688,76,2025-02-03 00:10:50
3015,92,1571,25,2025-01-13 23:15:44
3016,31,3927,49,2025-01-11 23:32:31
3017,66,617,40,2025-02-10 01:46:46
3018,83,4948,44,2025-06-15 12:05:59
3019,31,404,66,2025-11-25 19:39:09
3020,42,1889,82,2025-03-03 18:32:36
3021,73,2767,78,2025-10-03 22:59:59
3022,31,1429,31,2025-11-06 07:23:56
3023,47,4102,46,2025-04-07 05:16:03
3024,72,3839,84,2025-11-14 02:22:52
3025,6,4161,65,2025-03-26 16:25:15
3026,47,1616,91,2025-08-11 11:17:38
3027,21,4495,2,2025-11-04 04:42:42
3028,61,4174,75,2025-06-07 13:17:53
3029,75,2705,30,2025-05-20 05:34:26
3030,66,4034,57,2025-10-12 19:25:33
3031,22,1611,2,2025-11-15 16:56:51
3032,76,3114,30,2025-10-07 06:15:58
3033,15,1162,95,2026-01-16 15:20:57
3034,93,3169,30,2026-01-27 20:50:13
3035,25,4668,43,2025-05-05 12:43:21
3036,8,4829,76,2026-01-15 12:07:42
3037,37,4753,38,2025-08-28 02:26:44
3038,67,1441,77,2025-09-07 12:07:38
3039,66,297,7,2025-01-11 22:01:13
3040,93,2167,89,2025-01-17 13:20:47
3041,6,3827,51,2025-07-05 09:11:29
3042,51,1051,68,2025-04-19 15:40:28
3043,62,1662,34,2026-02-03 04:32:52
3044,93,4247,31,2025-10-05 23:07:49
3045,93,3972,82,2025-02-13 23:54:14
3046,47,4702,43,2025-11-04 15:06:38
3047,65,1108,95,2025-05-05 12:18:38
3048,42,299,19,2025-07-06 02:20:50
3049,21,2039,12,2025-12-10 16:02:16
3050,95,4369,53,2025-03-02 06:26:46
3051,53,3294,52,2026-01-24 10:23:42
3052,55,4064,54,2025-01-05 14:08:30
3053,98,2010,99,2025-08-25 20:08:35
3054,10,3200,32,2025-04-06 18:55:39
3055,99,448,33,2025-05-26 01:15:31
3056,60,3526,61,2026-01-31 01:38:58
3057,9,1082,43,2026-01-15 09:19:13
3058,52,3406,91,2025-10-28 16:20:37
3059,43,988,21,2025-12-07 19:44:18
3060,66,3561,10,2025-08-25 11:15:12
3061,85,1068,65,2025-05-09 23:01:40
3062,26,1088,62,2025-04-25 21:01:49
3063,90,999,60,2025-01-03 00:29:52
3064,18,2137,34,2025-01-21 18:06:49
3065,81,4616,28,2025-05-25 18:01:02
3066,1,420,76,2026-01-01 12:01:05
3067,57,1677,87,2025-02-11 13:21:02
3068,85,1498,35,2025-07-02 07:52:51
3069,20,1989,99,2025-12-08 21:30:41
3070,52,4197,8,2025-09-03 04:46:53
3071,16,3967,45,2026-01-29 20:25:53
3072,3,3417,69,2025-08-20 09:09:36
3073,100,681,46,2025-09-14 17:35:42
3074,3,3654,37,2025-04-02 12:00:00
3075,58,3271,64,2025-05-22 06:08:05
3076,92,3674,44,2025-12-08 14:27:28
3077,26,3499,80,2025-02-19 13:23:10
3078,90,284,9,2025-01-20 15:27:27
3079,14,1074,29,2025-06-07 19:46:21
3080,61,4783,72,2025-12-27 07:59:51
3081,49,1821,42,2025-10-04 07:07:45
3082,16,3067,14,2025-09-30 02:41:28
3083,43,286,93,2025-02-20 22:01:01
3084,62,3814,74,2025-11-11 11:07:07
3085,95,2742,77,2025-06-06 17:35:48
3086,69,3846,45,2025-11-01 01:12:32
3087,99,3716,26,2025-02-02 22:44:13
3088,42,3935,29,2025-08-04 09:07:44
3089,48,3110,89,2025-08-19 11:45:31
3090,100,334,25,2025-05-26 04:35:52
3091,16,3101,12,2026-01-13 20:19:10
3092,58,4595,8,2025-01-22 12:19:57
3093,17,3024,57,2025-07-26 06:39:51
3094,6,2995,42,2025-08-15 09:29:14
3095,83,216,43,2025-05-31 07:26:05
3096,79,712,30,2025-07-29 08:10:07
3097,85,3787,32,2025-07-30 03:28:16
3098,92,4062,86,2025-11-10 13:50:45
3099,79,2238,17,2025-03-26 14:43:39
3100,96,2769,5,2025-04-06 21:45:29
3101,36,2053,27,2025-05-18 20:07:01
3102,26,2630,63,2025-01-22 02:08:36
3103,57,4159,35,2026-01-01 05:56:13
3104,76,2118,3,2025-07-21 02:48:45
3105,42,4296,33,2026-01-11 09:01:20
3106,36,3922,40,2025-12-08 03:09:01
3107,17,2499,17,2025-01-26 15:27:17
3108,76,571,61,2026-01-20 05:10:32
3109,41,867,3,2025-02-05 02:57:34
3110,68,2374,62,2025-05-19 01:15:24
3111,24,1531,95,2025-05-14 03:39:15
3112,10,1202,76,2025-04-01 14:50:29
3113,78,3413,27,2025-02-24 10:24:34
3114,83,2250,80,2025-07-18 15:40:49
3115,90,2633,80,2025-03-30 08:07:07
3116,46,2257,100,2025-06-08 10:34:57
3117,48,1367,89,2025-10-18 17:46:47
3118,1,2527,34,2025-01-27 19:11:23
3119,64,541,92,2025-12-02 00:23:07
3120,37,590,18,2025-05-29 21:48:43
3121,22,183,16,2025-06-06 04:10:54
3122,26,1709,7,2025-04-04 04:37:58
3123,22,3547,69,2025-11-02 09:57:55
3124,89,2123,86,2025-05-27 16:43:44
3125,36,3811,47,2025-02-03 20:46:20
3126,90,4903,47,2025-10-11 14:37:22
3127,99,526,29,2025-11-09 05:24:10
3128,32,3983,92,2025-07-31 21:55:54
3129,54,4275,18,2025-06-15 02:54:09
3130,6,4458,82,2025-08-11 21:39:37
3131,55,3840,76,2025-07-07 07:36:37
3132,67,2529,29,2026-01-22 09:47:45
3133,27,3480,24,2025-07-28 10:35:38
3134,61,2413,12,2025-02-18 16:11:06
3135,19,2683,82,2025-01-29 03:02:57
3136,16,423,20,2025-06-28 00:55:30
3137,9,3777,40,2025-07-17 14:32:18
3138,25,1093,15,2025-02-05 09:23:27
3139,54,600,48,2025-04-20 10:43:17
3140,79,1540,83,2025-09-11 03:30:30
3141,21,2290,84,2025-03-05 19:30:20
3142,22,290,93,2025-08-28 17:11:11
3143,73,1184,15,2025-07-09 20:24:34
3144,79,518,56,2025-02-23 07:09:12
3145,65,2321,12,2025-01-16 03:16:03
3146,6,2471,68,2025-03-08 09:40:02
3147,93,237,87,2025-03-10 16:08:29
3148,94,2522,81,2025-04-06 13:37:16
3149,20,1924,72,2025-11-08 10:03:01
3150,10,4076,40,2025-09-23 16:43:33
3151,28,669,63,2025-02-01 01:13:15
3152,78,3951,31,2025-06-13 13:14:52
3153,90,2379,83,2025-04-06 15:59:58
3154,13,2889,36,2025-04-06 09:56:45
3155,64,3015,61,2025-11-05 17:26:37
3156,32,4402,62,2025-11-19 14:07:03
3157,57,2143,58,2025-12-06 23:59:00
3158,44,2467,69,2025-12-02 11:46:26
3159,93,4019,93,2025-05-02 16:17:46
3160,6,679,17,2025-01-28 17:54:45
3161,45,426,51,2025-06-28 17:13:52
3162,48,694,75,2025-09-10 10:20:20
3163,11,2477,61,2025-04-16 04:42:26
3164,61,4582,70,2025-10-25 04:50:43
3165,76,2594,20,2025-12-12 02:06:08
3166,53,1359,28,2025-11-20 12:04:53
3167,58,2717,68,2025-04-04 01:20:04
3168,72,2327,72,2025-01-19 14:22:16
3169,7,2885,22,2025-10-13 00:24:46
3170,20,1351,16,2025-10-30 12:56:19
3171,25,4110,88,2025-01-17 09:37:20
3172,83,3503,3,2025-01-04 05:33:23
3173,79,932,38,2025-09-30 00:21:03
3174,58,2802,22,2025-02-18 19:29:33
3175,11,218,71,2025-02-08 09:23:40
3176,28,3702,72,2025-06-03 05:03:13
3177,3,15,47,2025-11-21 18:48:32
3178,55,1566,12,2025-05-07 16:30:40
3179,63,2203,30,2025-10-18 20:09:39
3180,19,849,93,2026-02-05 12:57:27
3181,58,4521,79,2026-01-02 16:00:26
3182,94,2433,83,2026-02-05 14:53:02
3183,8,79,83,2026-01-26 09:02:34
3184,54,317,92,2025-07-25 08:07:56
3185,89,2409,99,2025-05-21 16:42:24
3186,94,3498,29,2025-05-16 01:36:06
3187,45,4539,71,2025-07-10 20:04:43
3188,2,1069,94,2025-02-16 07:17:19
3189,39,4106,69,2025-01-30 14:22:16
3190,15,4590,70,2025-08-18 05:30:11
3191,18,811,23,2025-06-20 17:41:49
3192,96,4754,68,2025-12-01 04:57:46
3193,4,1405,95,2026-01-20 02:03:43
3194,80,4186,36,2025-05-27 02:37:14
3195,30,3434,95,2025-09-01 04:11:03
3196,64,509,54,2025-01-29 18:32:18
3197,67,3465,53,2025-11-02 08:22:30
3198,64,1034,13,2026-01-17 02:08:22
3199,2,2047,2,2025-06-22 05:57:12
3200,97,4919,1,2025-07-30 16:37:10
3201,8,33,40,2026-01-20 04:34:02
3202,87,611,54,2025-05-17 12:01:06
3203,72,4663,16,2025-05-18 17:18:16
3204,46,3655,55,2025-04-25 11:38:49
3205,97,4220,59,2025-01-13 13:53:58
3206,7,3917,29,2025-07-20 11:34:19
3207,97,2581,79,2025-03-05 11:59:28
3208,32,2326,43,2025-08-01 01:55:00
3209,93,927,15,2025-06-07 22:33:25
3210,14,1249,87,2025-02-15 12:43:03
3211,80,4462,53,2025-06-11 20:58:33
3212,82,3677,80,2025-09-30 04:49:50
3213,16,3717,71,2025-06-07 11:45:43
3214,50,4415,48,2025-09-05 06:58:23
3215,37,1730,38,2025-11-10 22:59:34
3216,60,3517,58,2025-05-18 01:35:35
3217,58,4157,85,2025-11-06 09:58:10
3218,96,2559,8,2025-08-07 07:35:51
3219,58,4449,82,2025-04-20 05:01:45
3220,7,924,30,2025-08-25 20:36:17
3221,38,2309,91,2025-11-27 03:14:26
3222,3,1625,64,2025-06-06 18:54:50
3223,9,3226,72,2025-02-12 03:03:55
3224,3,2820,93,2025-02-20 21:02:54
3225,80,1295,34,2025-11-06 17:10:36
3226,48,864,84,2025-09-01 16:57:13
3227,33,2529,32,2025-10-22 02:00:11
3228,13,2073,65,2025-10-18 15:51:55
3229,56,3260,97,2025-06-05 23:29:34
3230,17,4923,79,2025-10-17 14:05:09
3231,29,241,88,2026-01-12 05:55:44
3232,25,101,95,2025-08-19 07:57:29
3233,83,553,37,2025-10-05 08:09:49
3234,65,91,9,2025-06-25 12:14:49
3235,3,771,91,2026-01-07 11:43:10
3236,78,789,33,2025-09-29 07:19:56
3237,31,1048,66,2025-03-04 04:29:33
3238,54,3359,41,2025-04-21 09:23:36
3239,85,2344,12,2025-12-16 05:51:19
3240,83,1678,38,2025-12-01 12:44:01
3241,77,3019,25,2025-06-03 22:47:46
3242,61,3647,29,2025-06-17 20:14:54
3243,98,4671,12,2025-07-11 12:33:47
3244,53,133,84,2025-11-01 14:42:14
3245,40,2298,6,2025-08-01 23:08:24
3246,62,4553,66,2025-09-12 14:00:00
3247,17,2384,90,2025-08-10 07:15:53
3248,49,274,32,2025-09-27 22:54:20
3249,87,3716,80,2025-02-11 22:23:31
3250,45,4506,29,2025-12-25 07:52:20
3251,78,1971,76,2025-11-09 08:49:20
3252,94,4032,85,2025-07-04 13:05:29
3253,80,1397,56,2025-12-09 04:02:24
3254,12,703,5,2025-02-19 10:11:41
3255,29,1873,97,2025-09-04 05:45:14
3256,94,2006,85,2025-11-01 14:49:41
3257,51,4523,22,2025-11-26 04:52:01
3258,42,2808,13,2025-03-08 21:32:53
3259,43,3513,19,2025-02-09 20:04:10
3260,48,1386,51,2025-03-09 16:10:57
3261,26,3677,39,2025-07-18 02:08:16
3262,89,1222,11,2025-04-12 00:43:35
3263,74,2369,32,2025-06-15 12:50:37
3264,39,2162,41,2025-11-27 10:45:59
3265,83,508,44,2025-10-06 17:27:54
3266,52,1998,33,2025-02-12 20:19:36
3267,29,2720,68,2025-12-20 19:42:51
3268,75,4306,26,2025-07-14 20:47:38
3269,18,3054,58,2025-06-13 23:17:13
3270,25,4534,17,2025-05-09 11:49:30
3271,44,963,31,2026-01-13 14:36:39
3272,26,3229,27,2025-07-11 19:29:23
3273,1,1647,35,2025-10-13 23:10:28
3274,27,4191,12,2025-11-03 08:14:42
3275,22,761,57,2026-01-08 20:11:17
3276,44,1055,20,2026-01-31 01:27:47
3277,11,4199,29,2026-02-03 05:43:52
3278,96,1302,3,2025-03-10 15:55:23
3279,16,344,68,2025-01-18 09:29:18
3280,29,3495,45,2025-10-05 03:42:06
3281,45,1395,91,2025-08-19 01:28:50
3282,23,2842,49,2025-01-04 22:24:54
3283,52,2578,41,2025-05-24 05:52:32
3284,39,4218,11,2025-06-26 13:04:08
3285,5,2412,60,2025-08-05 11:24:27
3286,57,3623,40,2025-01-18 05:20:12
3287,81,545,1,2025-06-06 16:17:36
3288,98,2700,28,2025-01-09 16:30:08
3289,84,1003,29,2025-03-17 21:21:28
3290,86,1384,84,2025-12-14 14:56:49
3291,31,3132,99,2025-12-13 11:54:33
3292,45,205,92,2026-01-10 14:08:09
3293,35,2338,78,2025-03-17 21:52:50
3294,69,1122,15,2025-01-01 22:50:48
3295,57,4370,100,2025-02-22 21:25:00
3296,70,3460,64,2025-11-13 10:44:44
3297,9,3169,11,2025-06-22 08:12:50
3298,9,1450,18,2025-04-09 04:09:27
3299,37,4284,40,2025-08-27 21:53:34
3300,7,3995,14,2025-01-29 05:50:42
3301,79,3631,100,2025-01-29 19:21:16
3302,8,413,50,2025-08-30 15:32:57
3303,11,3718,86,2025-08-09 04:18:30
3304,60,1643,75,2025-06-17 21:34:01
3305,64,6,93,2025-10-21 18:03:17
3306,64,3138,21,2025-05-30 10:07:13
3307,96,4033,79,2025-02-05 06:24:51
3308,40,2816,7,2025-09-24 06:56:05
3309,48,2577,100,2025-02-26 02:07:29
3310,13,3413,51,2025-08-22 12:01:49
3311,63,3076,41,2025-06-18 09:33:20
3312,33,2719,84,2025-03-07 17:47:20
3313,59,2277,93,2025-10-21 09:23:19
3314,78,3570,80,2025-10-20 07:35:11
3315,37,3005,2,2025-11-11 19:39:25
3316,55,2256,37,2025-10-14 00:43:11
3317,67,4444,90,2025-03-12 22:12:05
3318,68,506,99,2025-04-27 19:32:12
3319,71,2804,87,2025-11-17 06:05:06
3320,29,4608,51,2025-02-16 18:12:39
3321,37,3862,92,2025-08-06 13:24:41
3322,8,537,45,2025-01-27 01:25:45
3323,44,398,63,2025-08-30 06:07:32
3324,82,3427,88,2025-12-21 14:11:14
3325,33,286,66,2025-10-18 08:54:07
3326,76,306,98,2025-06-16 19:25:46
3327,60,1094,39,2026-02-04 11:13:07
3328,33,1279,3,2025-12-17 05:50:37
3329,56,745,3,2025-05-14 18:55:44
3330,53,884,45,2025-06-14 00:46:47
3331,59,3071,100,2026-01-22 09:45:44
3332,64,1324,95,2025-02-09 05:04:04
3333,54,2986,45,2025-02-24 21:10:01
3334,69,3175,3,2025-10-10 05:17:44
3335,6,2582,2,2025-02-06 17:12:47
3336,13,3116,90,2025-12-28 17:43:18
3337,9,3809,65,2025-06-26 13:27:54
3338,2,1978,67,2026-01-28 18:41:32
3339,4,606,80,2025-06-04 08:35:20
3340,12,4599,66,2025-09-11 07:19:21
3341,80,1523,97,2025-11-01 21:31:45
3342,97,2763,94,2025-03-09 09:09:18
3343,38,1833,73,2025-08-24 15:14:44
3344,99,425,18,2025-05-24 08:59:08
3345,47,3312,26,2025-07-16 15:22:55
3346,1,308,46,2025-01-10 15:01:11
3347,4,613,11,2025-06-24 20:20:41
3348,61,4542,6,2025-11-10 22:23:55
3349,35,410,19,2025-10-28 00:39:11
3350,98,2870,62,2025-12-01 20:58:55
3351,4,617,54,2025-04-17 04:01:23
3352,95,1799,93,2025-08-16 20:32:21
3353,14,2038,17,2025-09-02 11:09:46
3354,30,3575,83,2025-12-01 21:58:09
3355,2,2846,19,2025-12-24 09:14:21
3356,65,255,20,2025-11-25 02:10:02
3357,35,2888,65,2025-08-11 13:39:18
3358,66,4952,100,2025-01-12 11:57:15
3359,90,3370,12,2025-10-22 01:04:38
3360,33,902,93,2025-06-10 20:54:43
3361,94,4371,67,2025-05-31 19:23:05
3362,94,721,1,2025-03-28 21:44:46
3363,9,1585,60,2025-04-14 22:58:01
3364,9,411,80,2025-03-15 07:56:49
3365,76,521,3,2025-04-29 03:56:19
3366,42,2489,73,2025-05-07 02:18:01
3367,16,3405,45,2025-02-19 22:13:07
3368,85,4975,30,2025-08-09 19:09:26
3369,40,1414,39,2026-02-04 22:16:19
3370,68,1444,56,2025-09-23 15:17:39
3371,1,4816,74,2025-06-12 22:28:43
3372,61,4709,79,2025-12-03 13:20:15
3373,41,489,95,2025-07-20 23:57:36
3374,77,1786,30,2025-07-09 10:48:25
3375,92,1492,21,2026-01-15 01:20:26
3376,45,4112,61,2025-10-24 05:56:13
3377,10,194,29,2025-02-23 23:34:08
3378,76,4575,62,2025-05-05 05:11:12
3379,51,4990,20,2025-06-10 08:31:52
3380,26,2965,48,2025-09-21 13:20:42
3381,69,498,5,2025-03-16 07:37:08
3382,57,1450,16,2025-01-15 16:45:11
3383,29,4993,64,2025-01-27 10:40:36
3384,29,3959,53,2025-06-02 19:09:20
3385,20,629,2,2025-10-27 05:45:09
3386,49,4667,25,2025-01-08 05:07:39
3387,39,4490,5,2026-01-27 03:07:06
3388,59,326,28,2026-01-09 21:45:32
3389,92,457,3,2025-05-12 07:31:31
3390,36,2141,83,2025-12-19 07:06:28
3391,77,224,63,2025-12-03 04:01:43
3392,49,3155,19,2025-04-02 05:42:47
3393,25,2522,6,2025-08-13 17:17:25
3394,24,431,65,2025-06-24 19:36:26
3395,87,4338,88,2025-01-18 15:51:08
3396,26,337,22,2025-05-20 08:40:59
3397,10,3250,31,2025-05-07 03:53:52
3398,81,3757,12,2025-10-30 18:04:54
3399,11,3848,80,2025-08-24 08:25:12
3400,72,4309,62,2025-03-29 10:39:27
3401,99,947,68,2026-01-27 11:28:26
3402,58,3441,47,2025-01-31 19:52:19
3403,1,4843,69,2025-12-24 13:18:18
3404,9,146,70,2025-01-30 02:08:10
3405,37,2489,23,2025-03-20 10:14:12
3406,9,2588,90,2025-08-28 09:55:26
3407,25,2517,39,2026-01-24 09:32:29
3408,88,2796,78,2025-02-09 23:38:01
3409,21,4820,28,2025-05-13 22:50:50
3410,8,2707,49,2026-01-01 00:02:42
3411,15,3441,9,2025-06-04 12:33:15
3412,7,3408,1,2026-02-02 10:03:58
3413,49,3775,94,2026-01-15 11:06:27
3414,39,1861,39,2025-09-10 17:29:42
3415,68,4164,56,2025-09-06 01:30:52
3416,48,4339,19,2025-03-27 03:30:31
3417,78,3268,43,2025-09-20 10:23:56
3418,17,2394,90,2025-03-20 21:04:09
3419,40,1600,23,2025-06-26 05:53:38
3420,55,3829,96,2025-08-06 14:50:12
3421,39,3332,56,2025-11-04 01:03:25
3422,23,749,39,2025-12-11 12:43:10
3423,4,4885,48,2025-05-19 13:08:10
3424,44,132,10,2025-03-07 18:56:18
3425,48,4951,2,2025-03-01 17:18:48
3426,12,1100,76,2025-09-17 20:44:15
3427,20,384,37,2025-01-16 16:17:44
3428,55,3830,37,2025-11-14 17:58:17
3429,65,3346,13,2025-07-25 10:32:50
3430,67,329,12,2025-07-09 23:12:20
3431,92,3482,57,2025-10-20 10:10:42
3432,22,2501,43,2025-09-28 15:45:36
3433,61,4697,49,2025-03-23 07:39:26
3434,94,3091,0,2025-02-20 04:59:51
3435,64,3191,36,2025-01-31 12:59:39
3436,28,474,38,2025-02-23 01:44:51
3437,81,3348,36,2026-02-04 20:23:44
3438,75,3053,43,2025-11-27 10:33:39
3439,50,1496,58,2025-10-19 22:47:21
3440,12,4726,55,2025-12-29 12:22:16
3441,49,1096,77,2025-11-20 04:03:18
3442,8,1911,9,2025-06-01 12:53:31
3443,35,3602,41,2025-02-09 16:07:25
3444,25,4261,0,2025-12-07 12:36:14
3445,64,2092,78,2025-04-09 10:31:33
3446,10,1364,15,2025-10-10 16:42:17
3447,60,4875,65,2025-12-19 01:13:01
3448,39,1957,93,2025-01-14 19:04:25
3449,2,4473,80,2025-01-24 13:28:21
3450,86,2892,86,2025-07-29 09:07:16
3451,18,4327,10,2025-09-02 00:42:56
3452,76,1844,26,2026-01-07 16:25:55
3453,46,4902,76,2025-06-16 07:08:15
3454,66,3591,51,2025-08-24 15:00:36
3455,60,2966,60,2025-07-03 23:56:27
3456,27,4285,61,2025-07-21 11:35:26
3457,49,4775,98,2025-04-14 09:18:24
3458,19,2728,42,2025-07-28 10:43:51
3459,36,816,11,2025-03-15 00:04:01
3460,12,3989,65,2025-04-14 06:19:22
3461,1,1569,42,2025-04-19 21:46:32
3462,77,1160,54,2025-01-28 13:08:12
3463,47,3139,36,2025-08-14 18:52:03
3464,5,618,17,2026-01-11 10:35:55
3465,87,2656,46,2025-06-20 12:53:43
3466,29,4705,72,2025-03-31 21:26:49
3467,30,403,75,2025-01-19 00:11:09
3468,32,4348,18,2025-05-01 02:51:45
3469,91,4730,89,2025-05-11 05:01:50
3470,39,3444,50,2025-07-26 09:07:39
3471,21,3480,57,2025-02-23 14:32:10
3472,43,4614,4,2025-02-25 19:09:20
3473,47,435,2,2025-07-05 04:39:14
3474,47,2700,20,2025-04-30 01:36:59
3475,86,489,64,2025-04-01 13:30:42
3476,84,3222,35,2025-09-25 19:58:03
3477,23,1678,99,2025-06-05 23:22:11
3478,81,3368,4,2026-01-27 19:35:12
3479,69,2297,65,2025-12-24 06:45:25
3480,99,1971,81,2025-02-16 23:30:44
3481,61,4391,70,2025-10-08 00:36:06
3482,22,3793,35,2025-03-16 22:51:33
3483,22,4349,10,2025-09-19 16:37:30
3484,83,1103,38,2025-02-12 16:39:30
3485,34,1989,25,2025-10-29 21:57:45
3486,21,1520,73,2025-10-22 04:34:49
3487,56,1949,21,2025-05-09 14:40:09
3488,66,3778,72,2025-09-08 11:15:03
3489,98,4675,45,2025-01-09 07:02:13
3490,34,2663,23,2025-02-13 13:46:48
3491,43,4505,91,2025-10-18 03:00:42
3492,100,4848,36,2025-01-15 13:53:55
3493,57,308,85,2025-05-20 04:28:50
3494,46,2958,89,2025-09-14 11:30:03
3495,15,2711,55,2025-09-14 05:40:37
3496,34,2912,29,2025-06-08 08:11:16
3497,98,4786,55,2025-07-02 07:01:16
3498,86,1739,30,2025-12-17 12:18:55
3499,91,1077,99,2025-07-19 07:45:24
3500,82,1923,8,2025-07-02 09:49:21
3501,43,2820,34,2025-05-03 16:09:52
3502,1,2202,43,2025-06-29 23:36:13
3503,66,3616,79,2026-02-05 11:26:55
3504,91,3411,71,2025-10-25 22:52:49
3505,56,2180,45,2025-12-03 05:32:16
3506,48,3015,57,2025-04-26 18:36:29
3507,64,540,62,2025-08-10 01:41:56
3508,49,1500,27,2025-08-02 07:28:45
3509,41,1108,71,2025-10-23 19:58:10
3510,21,338,65,2025-02-01 00:42:02
3511,31,3877,80,2026-01-04 04:09:39
3512,2,292,92,2026-01-05 20:50:45
3513,77,3080,41,2025-04-28 19:15:28
3514,35,1716,61,2025-07-03 18:59:30
3515,79,3205,99,2025-10-22 20:44:41
3516,40,4742,22,2025-07-09 08:01:09
3517,58,4626,99,2025-10-25 04:08:50
3518,77,4010,25,2025-12-25 14:56:31
3519,83,4949,100,2025-06-14 01:24:08
3520,28,4268,89,2025-09-30 18:44:51
3521,88,1251,32,2026-01-17 19:20:57
3522,76,959,41,2025-03-22 18:26:38
3523,28,4480,8,2025-01-14 23:37:12
3524,62,1409,46,2025-11-06 06:03:39
3525,23,3815,17,2025-04-20 09:16:37
3526,79,266,15,2025-11-10 17:37:10
3527,53,1704,92,2025-10-10 07:50:37
3528,65,569,37,2025-01-07 21:35:29
3529,49,3621,34,2025-02-21 23:21:31
3530,3,3321,90,2025-04-27 12:42:52
3531,97,1187,84,2025-09-17 16:25:57
3532,67,4297,54,2025-05-18 07:39:36
3533,70,2405,32,2025-06-11 11:18:44
3534,69,1257,8,2025-06-20 22:06:23
3535,29,2477,3,2025-01-02 12:53:04
3536,79,3300,91,2025-06-27 11:59:46
3537,8,4263,96,2025-04-29 10:55:56
3538,23,2413,10,2025-10-13 22:50:21
3539,70,4157,1,2025-08-09 09:34:48
3540,3,758,29,2025-11-17 09:37:49
3541,29,1097,94,2025-08-27 05:12:22
3542,71,951,6,2025-03-30 02:35:07
3543,13,3493,52,2025-11-08 17:53:09
3544,43,3475,42,2025-03-23 14:35:46
3545,9,1164,89,2025-11-02 23:46:00
3546,97,1649,32,2025-04-11 01:22:28
3547,92,3355,42,2025-06-02 16:00:35
3548,97,432,19,2025-02-27 14:20:32
3549,22,4698,19,2025-11-26 00:42:35
3550,61,1703,17,2025-09-14 09:00:15
3551,30,4514,75,2025-04-05 20:14:25
3552,1,2434,87,2025-02-04 03:50:01
3553,15,1401,6,2025-08-18 17:18:48
3554,13,4583,36,2026-01-21 10:35:26
3555,83,926,73,2025-11-07 21:00:07
3556,81,2519,96,2025-11-05 04:46:58
3557,17,4546,40,2025-04-20 04:07:47
3558,80,874,7,2025-04-24 05:40:50
3559,9,1051,47,2025-07-25 11:13:02
3560,87,623,43,2025-12-28 18:04:54
3561,46,1651,100,2025-01-06 00:21:37
3562,88,3008,78,2026-01-29 22:48:59
3563,34,1870,9,2025-01-10 12:19:14
3564,95,3902,3,2025-12-28 19:43:58
3565,10,2545,13,2025-12-06 21:51:57
3566,100,1767,65,2025-01-25 01:11:55
3567,38,3892,10,2025-08-05 23:00:53
3568,35,2313,35,2025-05-06 07:32:46
3569,8,1680,73,2025-02-24 00:58:23
3570,60,161,13,2025-10-14 09:08:00
3571,86,2214,57,2025-11-13 22:27:28
3572,29,1669,82,2025-10-12 06:23:40
3573,94,3291,68,2025-06-08 03:22:17
3574,88,4556,13,2025-06-27 05:48:22
3575,75,2479,67,2025-05-21 06:27:17
3576,21,3687,52,2026-01-20 23:29:20
3577,69,4234,5,2025-07-11 22:34:47
3578,15,1925,28,2025-07-15 13:10:31
3579,24,4873,40,2025-08-13 22:41:57
3580,96,857,20,2026-01-12 06:09:36
3581,3,1433,87,2025-05-07 18:01:33
3582,34,1293,61,2025-06-05 08:16:22
3583,38,3024,14,2025-09-06 07:55:35
3584,94,730,100,2026-01-21 12:50:42
3585,42,2879,74,2025-12-03 03:14:14
3586,33,2295,58,2025-10-08 08:54:39
3587,65,4856,95,2025-12-14 23:42:33
3588,75,4324,70,2025-07-07 08:26:36
3589,37,2894,37,2025-01-05 00:47:27
3590,37,2790,98,2025-03-11 13:50:00
3591,97,3559,90,2025-03-01 11:43:09
3592,39,2807,70,2025-01-11 04:28:04
3593,37,4825,2,2025-04-18 06:04:15
3594,14,3654,40,2025-06-21 12:24:41
3595,55,2024,34,2025-10-02 15:25:31
3596,98,1865,90,2025-12-24 07:57:12
3597,7,4340,61,2026-01-09 01:56:46
3598,53,3063,45,2025-05-31 07:37:50
3599,66,4685,99,2025-06-15 14:03:55
3600,9,175,10,2025-07-04 23:07:50
3601,95,2479,73,2025-11-14 08:54:27
3602,40,3193,92,2025-04-03 22:08:49
3603,86,2729,29,2025-02-05 13:35:14
3604,57,613,24,2026-02-02 16:08:51
3605,54,927,97,2025-10-17 21:09:52
3606,5,4653,24,2025-07-07 13:52:35
3607,27,90,89,2025-01-15 12:37:46
3608,89,4620,44,2026-01-19 16:38:04
3609,13,2705,6,2025-10-18 11:25:06
3610,47,1509,60,2025-05-23 08:57:47
3611,71,2186,84,2025-02-07 16:06:26
3612,13,2518,51,2025-04-04 10:56:13
3613,82,1122,88,2025-10-26 07:58:47
3614,71,4106,42,2025-11-30 20:19:01
3615,62,1691,75,2025-07-25 02:50:15
3616,27,2210,99,2026-01-09 13:02:21
3617,42,2046,3,2025-10-10 16:48:04
3618,60,1418,92,2025-12-29 18:41:58
3619,97,1351,98,2025-02-19 07:46:35
3620,84,753,55,2025-05-31 00:15:29
3621,44,1702,42,2025-06-10 15:57:00
3622,43,1747,52,2025-02-14 05:07:14
3623,5,1470,10,2025-04-07 15:27:24
3624,98,2898,50,2025-01-23 18:44:39
3625,98,3503,11,2025-07-08 20:15:27
3626,65,1529,42,2025-01-17 18:36:20
3627,50,3702,62,2025-07-22 13:22:01
3628,66,3698,90,2025-04-11 17:48:21
3629,98,4001,95,2025-06-07 13:39:45
3630,73,3302,99,2025-12-25 04:15:35
3631,33,4620,46,2025-01-31 08:48:52
3632,2,2868,37,2025-04-11 22:35:33
3633,66,483,6,2025-03-20 15:50:48
3634,19,329,50,2025-01-21 16:02:52
3635,44,1629,66,2025-06-08 15:48:50
3636,5,4145,70,2025-09-15 05:30:26
3637,81,3756,29,2025-03-02 10:33:16
3638,43,1182,87,2025-12-26 12:25:43
3639,96,1191,3,2025-08-07 18:41:28
3640,80,3996,58,2025-07-21 08:41:59
3641,20,2567,83,2025-11-03 11:07:59
3642,40,2468,63,2025-01-30 12:33:25
3643,53,4226,63,2026-01-31 07:55:18
3644,41,1445,18,2025-12-21 09:47:55
3645,34,536,9,2025-11-01 03:26:42
3646,14,865,10,2025-12-21 10:28:14
3647,63,1229,70,2026-02-02 10:45:16
3648,74,1118,21,2025-10-01 17:13:14
3649,94,4590,57,2025-08-18 21:02:52
3650,59,956,45,2026-01-07 20:31:26
3651,44,3295,71,2025-04-05 00:44:33
3652,4,2771,8,2026-01-29 22:31:39
3653,24,3811,34,2025-07-24 15:25:55
3654,40,4449,83,2025-01-07 21:51:46
3655,87,2159,42,2025-05-15 19:12:45
3656,50,4971,16,2025-06-22 10:39:25
3657,67,3880,98,2025-04-14 11:21:05
3658,6,3299,96,2025-08-20 07:06:36
3659,94,2276,72,2025-09-15 03:50:55
3660,34,3858,74,2025-12-07 15:00:47
3661,50,995,87,2025-07-03 21:19:57
3662,80,541,11,2025-11-10 05:14:20
3663,8,2098,77,2025-05-25 09:54:43
3664,43,2112,7,2025-04-17 21:49:34
3665,74,2695,52,2025-07-21 06:15:00
3666,72,2085,8,2026-01-04 21:51:03
3667,92,2014,64,2025-11-03 17:25:18
3668,73,4788,82,2025-10-23 08:11:54
3669,29,4395,78,2025-10-12 08:26:02
3670,65,2293,13,2025-03-17 17:18:06
3671,55,4211,33,2025-10-19 19:30:52
3672,12,3557,1,2025-10-25 20:47:44
3673,85,2326,22,2025-01-13 00:45:41
3674,5,4261,21,2025-06-13 11:01:10
3675,34,3820,75,2025-09-22 06:59:44
3676,20,206,8,2025-12-23 11:06:31
3677,100,996,90,2025-06-14 16:15:10
3678,35,1351,74,2025-10-31 04:11:21
3679,12,2565,78,2025-10-02 15:44:54
3680,23,1452,85,2025-08-20 22:58:19
3681,69,1560,90,2025-09-05 08:07:48
3682,40,2086,78,2025-01-15 06:18:12
3683,40,1465,17,2025-12-23 20:00:37
3684,99,2557,67,2025-10-30 05:29:50
3685,74,4383,20,2026-02-02 06:10:11
3686,47,1415,16,2025-12-22 17:17:17
3687,100,1221,63,2025-09-03 16:11:01
3688,74,3849,58,2025-06-02 03:52:45
3689,1,2986,19,2025-07-02 02:46:53
3690,97,2082,25,2025-12-08 02:31:31
3691,39,3778,66,2025-05-11 22:28:36
3692,94,1921,0,2025-03-18 10:31:26
3693,45,1225,26,2025-10-15 12:34:49
3694,19,2395,39,2025-08-03 22:16:01
3695,24,546,15,2025-07-31 06:10:30
3696,76,1801,35,2025-07-17 06:34:21
3697,39,3660,29,2025-01-16 20:02:25
3698,4,3933,72,2025-02-06 21:40:22
3699,50,2264,94,2025-03-21 12:59:35
3700,27,3372,95,2025-02-28 01:53:19
3701,34,1166,13,2025-05-18 05:29:11
3702,79,444,42,2025-10-07 22:10:21
3703,55,3674,49,2025-03-22 17:47:05
3704,67,4408,96,2025-02-11 12:51:10
3705,89,4596,12,2025-07-24 18:46:12
3706,67,878,16,2025-05-25 20:36:55
3707,57,1850,43,2025-10-07 08:13:24
3708,15,580,95,2025-08-12 06:30:29
3709,53,1297,77,2025-02-07 05:19:47
3710,56,3157,89,2025-08-24 11:50:03
3711,93,2125,26,2025-11-01 12:15:57
3712,68,2707,59,2025-12-16 18:45:00
3713,50,3415,60,2026-01-09 22:15:24
3714,5,276,60,2025-08-06 11:45:40
3715,6,4535,0,2026-01-07 17:57:13
3716,44,1589,46,2025-08-15 02:06:16
3717,86,2313,88,2025-01-15 19:33:03
3718,54,306,76,2025-02-13 15:18:52
3719,34,3568,9,2025-08-04 19:42:03
3720,15,1364,68,2025-08-03 05:13:51
3721,32,4516,35,2025-12-12 22:44:28
3722,1,3772,76,2025-06-01 12:11:27
3723,90,3780,45,2025-11-01 13:22:35
3724,25,877,0,2025-09-12 22:21:04
3725,52,4072,98,2025-02-08 18:23:58
3726,4,1854,89,2025-10-09 07:09:59
3727,81,1032,51,2025-10-17 07:20:14
3728,84,3089,8,2025-02-25 10:26:14
3729,38,3155,2,2025-02-14 03:22:11
3730,16,2722,25,2025-02-08 06:10:00
3731,97,511,70,2025-07-25 17:09:27
3732,99,1693,1,2026-01-26 01:47:20
3733,12,62,99,2026-01-09 19:46:39
3734,59,1479,9,2026-01-17 12:03:42
3735,85,2053,58,2025-04-14 07:58:42
3736,33,963,39,2025-01-29 11:14:06
3737,39,4259,94,2025-06-12 17:22:38
3738,27,1596,3,2025-12-06 07:54:14
3739,15,842,34,2025-05-22 01:57:14
3740,7,4149,24,2025-12-19 15:44:00
3741,43,839,72,2025-12-28 17:39:24
3742,69,4755,70,2025-12-22 00:43:08
3743,83,888,48,2025-08-06 05:47:38
3744,81,3349,40,2025-01-01 04:55:44
3745,77,4867,25,2025-05-11 22:45:52
3746,54,333,93,2025-12-23 14:58:25
3747,76,3508,41,2025-04-20 20:12:14
3748,77,1170,76,2025-02-20 20:19:49
3749,25,675,76,2025-08-22 08:53:06
3750,62,3848,13,2025-11-11 06:49:27
3751,29,3782,82,2025-04-23 07:21:07
3752,53,4868,0,2025-02-09 12:17:58
3753,81,4680,43,2025-02-06 13:32:40
3754,24,362,8,2025-01-12 04:26:20
3755,52,804,98,2025-02-03 02:46:16
3756,62,1721,9,2026-01-15 09:38:44
3757,28,2851,72,2025-08-04 12:29:14
3758,87,765,27,2025-09-17 14:54:14
3759,100,4276,39,2025-11-30 04:42:47
3760,17,1728,20,2025-11-15 09:59:30
3761,99,913,54,2025-06-14 17:19:12
3762,4,831,70,2025-03-05 14:51:48
3763,13,2660,23,2025-01-29 11:15:18
3764,97,853,24,2026-01-26 01:46:39
3765,13,2929,0,2025-04-22 17:43:49
3766,25,3955,1,2025-04-04 13:03:46
3767,83,3681,21,2025-11-08 06:52:28
3768,12,1964,72,2025-10-24 05:21:33
3769,32,2047,83,2025-07-02 08:12:54
3770,6,1827,34,2025-10-01 12:46:12
3771,97,4021,60,2025-08-24 05:15:35
3772,41,1676,33,2025-05-28 20:56:07
3773,74,3645,80,2025-09-12 19:57:48
3774,57,1896,5,2025-05-27 05:44:29
3775,55,3981,59,2025-08-08 01:02:13
3776,29,3732,90,2025-01-10 07:02:58
3777,85,4638,9,2025-12-03 04:27:11
3778,57,2087,52,2025-05-26 11:10:01
3779,68,4852,79,2025-05-16 06:18:40
3780,47,408,97,2026-01-09 08:14:58
3781,21,3872,14,2025-12-05 02:18:39
3782,57,373,25,2026-01-20 17:47:20
3783,88,4653,22,2025-11-01 03:56:48
3784,38,4538,51,2026-01-18 09:01:54
3785,48,1067,73,2025-08-16 02:23:42
3786,21,2728,69,2025-01-26 13:37:49
3787,30,1666,82,2025-09-10 18:50:35
3788,92,4980,67,2025-12-09 13:21:21
3789,39,4024,99,2025-12-06 04:17:47
3790,92,452,30,2025-08-31 00:34:09
3791,75,2077,52,2025-07-22 15:22:18
3792,19,1241,66,2025-07-18 07:03:16
3793,23,209,19,2025-04-13 15:10:03
3794,83,4365,11,2025-05-08 15:04:41
3795,18,3211,32,2025-11-23 03:41:48
3796,82,3425,70,2025-07-08 06:01:36
3797,58,1786,73,2026-01-08 16:53:29
3798,79,4911,27,2025-02-09 09:01:38
3799,71,4777,45,2025-02-04 09:35:50
3800,68,1667,100,2025-04-16 20:41:56
3801,47,3527,16,2025-03-10 23:24:02
3802,96,2200,17,2025-10-29 22:38:56
3803,14,2947,49,2026-01-03 17:41:33
3804,12,4719,55,2025-12-05 07:29:08
3805,89,1524,1,2025-10-24 21:48:16
3806,24,538,30,2025-04-15 11:36:15
3807,31,1892,11,2025-05-14 23:04:15
3808,49,2685,4,2026-01-06 17:10:54
3809,100,3087,17,2025-02-21 09:33:35
3810,68,4300,7,2025-09-08 19:59:30
3811,8,2187,26,2025-04-13 23:15:58
3812,21,1030,100,2025-05-22 16:58:06
3813,75,1417,32,2025-06-23 03:52:45
3814,47,4027,94,2025-12-31 08:38:56
3815,60,554,42,2025-09-13 22:20:43
3816,87,12,94,2025-12-08 16:45:25
3817,86,3094,78,2025-09-22 18:32:24
3818,53,56,40,2025-12-09 00:58:12
3819,2,3224,1,2025-06-01 15:01:44
3820,85,2502,25,2025-04-26 04:47:35
3821,73,1387,89,2025-01-10 04:44:14
3822,60,591,7,2025-10-27 04:47:34
3823,12,2404,86,2025-10-03 08:04:54
3824,76,2777,68,2025-10-04 15:55:15
3825,15,2386,27,2025-01-19 23:41:13
3826,76,688,6,2025-04-25 20:28:46
3827,1,1442,79,2025-05-30 10:20:45
3828,9,3760,44,2025-05-01 18:33:07
3829,44,470,92,2025-03-16 22:03:30
3830,77,4992,43,2026-01-31 01:53:28
3831,51,1435,25,2026-01-26 14:51:43
3832,97,3208,48,2025-06-25 14:51:23
3833,98,102,43,2025-08-27 04:01:41
3834,63,2949,61,2025-01-29 04:42:50
3835,76,4198,46,2025-05-29 14:00:49
3836,17,3420,74,2025-11-18 18:16:35
3837,86,3741,52,2025-07-11 20:43:41
3838,76,2875,97,2025-01-04 13:23:09
3839,79,1741,6,2026-01-20 23:13:58
3840,27,4805,35,2025-04-16 00:24:44
3841,94,1545,17,2025-07-04 04:02:03
3842,11,1813,74,2025-04-28 03:55:22
3843,59,109,33,2025-05-26 23:27:56
3844,49,1562,82,2025-08-27 03:53:56
3845,26,1840,11,2025-01-15 09:23:05
3846,23,1587,6,2025-12-20 13:32:30
3847,45,6,56,2025-07-20 11:19:02
3848,7,524,47,2025-05-24 01:39:48
3849,14,3018,76,2025-11-14 17:28:07
3850,16,2444,61,2025-06-29 07:38:15
3851,46,3752,96,2025-12-10 22:44:22
3852,67,2226,58,2025-07-13 22:40:39
3853,94,403,21,2025-06-23 10:46:29
3854,57,2845,36,2025-06-25 09:19:32
3855,34,3184,74,2025-02-03 18:54:01
3856,85,3363,45,2025-10-16 07:46:11
3857,15,3228,50,2025-01-31 12:32:34
3858,35,4465,15,2025-02-25 00:58:43
3859,27,1516,67,2025-06-02 07:13:43
3860,95,2448,15,2025-08-03 08:10:38
3861,54,2572,54,2025-10-31 19:55:01
3862,71,2055,7,2025-05-02 14:37:52
3863,71,4643,68,2026-01-25 05:29:50
3864,10,2990,35,2025-02-20 21:42:15
3865,10,3952,52,2025-05-01 18:02:16
3866,70,2254,0,2025-02-23 23:27:49
3867,85,4493,91,2025-03-29 10:47:35
3868,10,3318,41,2025-01-19 06:02:27
3869,68,1876,22,2025-09-17 20:13:18
3870,1,3652,97,2026-01-02 17:44:42
3871,25,4623,60,2025-08-29 23:35:35
3872,56,3585,20,2025-12-21 05:47:02
3873,59,2248,9,2025-02-19 21:59:42
3874,3,2606,82,2025-06-17 03:19:31
3875,89,4101,35,2025-03-03 16:46:21
3876,36,2397,30,2026-01-11 22:21:58
3877,83,966,6,2025-04-11 19:30:37
3878,93,2156,36,2025-09-17 07:58:42
3879,87,4037,0,2025-09-22 08:25:24
3880,71,2760,34,2025-01-11 12:26:46
3881,91,1653,76,2025-08-25 04:44:37
3882,5,666,79,2025-11-29 08:42:48
3883,2,3235,100,2025-03-22 13:15:07
3884,60,4956,66,2025-07-03 20:31:21
3885,100,2860,18,2025-06-13 16:20:58
3886,78,1874,21,2025-01-24 03:13:29
3887,1,1162,32,2025-12-06 20:09:07
3888,57,3034,2,2025-06-19 21:16:54
3889,39,4995,12,2025-10-19 20:47:15
3890,21,346,81,2025-06-12 20:31:14
3891,98,1437,8,2025-04-08 17:23:17
3892,68,3019,41,2025-07-11 20:39:26
3893,53,1267,10,2025-09-23 10:15:46
3894,11,2229,77,2025-01-30 22:57:21
3895,10,2318,35,2025-12-27 06:23:06
3896,47,441,60,2025-06-04 11:05:15
3897,52,2324,100,2025-10-09 07:14:13
3898,15,3768,89,2025-02-19 10:44:17
3899,94,2092,52,2026-01-15 12:45:43
3900,17,1567,83,2025-10-31 18:56:18
3901,35,3053,38,2025-09-04 13:37:24
3902,38,3593,100,2025-03-29 06:07:43
3903,62,4864,68,2025-06-30 10:05:42
3904,58,3826,39,2025-04-20 05:53:33
3905,33,3897,15,2025-10-27 16:48:26
3906,9,2451,40,2025-08-30 12:56:29
3907,29,4285,0,2025-01-03 19:35:30
3908,20,641,80,2026-02-01 00:56:16
3909,53,2903,70,2025-10-13 16:59:46
3910,28,223,23,2025-09-22 22:15:00
3911,52,258,69,2025-06-04 15:06:52
3912,29,4702,83,2025-05-14 07:23:53
3913,16,2287,34,2025-06-09 21:56:20
3914,47,3695,55,2025-12-07 13:32:47
3915,68,443,95,2025-01-29 15:17:33
3916,96,553,75,2025-08-12 16:10:47
3917,4,2162,27,2025-08-12 03:28:23
3918,73,1682,88,2025-06-06 13:42:12
3919,12,177,9,2025-09-24 06:31:58
3920,91,3204,96,2025-03-09 23:26:29
3921,92,783,27,2025-05-14 21:56:29
3922,65,2421,79,2025-01-27 10:24:14
3923,72,2171,85,2025-04-08 22:50:51
3924,16,3168,31,2025-02-15 20:19:31
3925,63,3160,55,2026-02-01 21:40:51
3926,73,4068,48,2025-06-07 12:14:15
3927,66,3782,70,2025-05-11 22:12:41
3928,6,4814,44,2025-08-27 11:02:18
3929,83,3205,19,2025-10-21 05:01:34
3930,11,1240,67,2026-01-31 15:42:27
3931,14,480,93,2025-12-23 02:17:03
3932,71,4362,25,2025-08-22 15:17:11
3933,7,2563,33,2025-09-05 01:55:42
3934,8,3429,34,2025-03-25 14:00:19
3935,8,476,19,2025-03-23 22:56:15
3936,25,2768,41,2025-02-22 07:22:50
3937,37,691,49,2025-03-01 14:48:11
3938,79,2598,11,2025-12-09 10:42:15
3939,15,4026,89,2025-08-31 13:00:11
3940,34,57,61,2025-01-24 09:55:40
3941,23,4324,95,2026-01-18 13:12:30
3942,33,1471,50,2025-03-03 10:24:36
3943,27,2289,5,2025-08-06 14:32:36
3944,29,4135,90,2025-04-23 17:32:30
3945,25,1907,26,2025-06-08 02:51:02
3946,28,854,37,2025-11-02 11:21:22
3947,32,4904,92,2025-09-04 09:04:45
3948,21,1622,71,2025-10-25 12:22:15
3949,39,4844,80,2025-04-07 14:27:07
3950,7,2593,91,2025-08-11 03:20:10
3951,39,725,95,2025-08-07 15:33:06
3952,62,3958,63,2025-05-11 04:21:39
3953,53,3181,98,2025-06-22 09:22:19
3954,67,4792,71,2025-09-11 23:21:06
3955,3,3722,22,2025-05-02 23:11:35
3956,41,4424,25,2025-09-06 06:44:36
3957,45,4475,35,2026-01-10 21:26:55
3958,12,1897,62,2025-07-21 11:08:28
3959,17,1255,71,2025-05-06 18:04:28
3960,12,4474,5,2025-03-03 14:46:34
3961,3,4242,87,2025-06-18 17:11:19
3962,51,1883,18,2025-10-15 01:47:06
3963,15,3601,97,2025-10-11 15:39:35
3964,35,3003,94,2025-04-02 20:58:29
3965,24,3316,10,2025-08-29 08:35:19
3966,69,4413,67,2025-09-25 19:38:44
3967,71,2796,98,2025-10-06 03:40:47
3968,59,3946,20,2025-12-03 11:21:16
3969,19,2782,21,2025-02-13 22:13:16
3970,19,3570,41,2025-08-08 04:00:18
3971,88,3774,10,2025-01-27 21:54:48
3972,88,3113,75,2025-06-12 16:57:28
3973,69,773,96,2025-03-31 13:16:32
3974,61,2235,73,2025-01-15 01:27:21
3975,5,1372,100,2026-02-03 02:55:30
3976,31,548,49,2025-01-28 17:32:46
3977,7,1080,38,2025-07-23 04:11:15
3978,65,4894,17,2025-06-22 06:49:59
3979,48,24,84,2025-06-27 20:50:16
3980,64,181,1,2025-10-03 18:48:00
3981,44,836,42,2025-08-01 10:43:40
3982,50,2976,31,2025-09-24 20:34:00
3983,39,4781,25,2025-02-04 23:22:16
3984,69,1601,26,2025-03-01 14:12:15
3985,37,2627,31,2025-10-08 10:11:32
3986,82,3939,79,2025-10-30 08:12:31
3987,90,197,74,2025-09-24 11:57:36
3988,87,2148,15,2025-08-29 14:10:41
3989,57,1288,33,2025-03-06 14:58:32
3990,32,236,49,2025-08-01 13:50:35
3991,10,3215,75,2025-09-05 19:19:09
3992,91,3810,50,2025-04-16 02:48:22
3993,21,1536,37,2025-07-01 01:59:24
3994,44,1983,47,2025-09-04 01:57:28
3995,22,1620,94,2026-01-07 14:27:50
3996,78,3384,13,2025-07-18 21:39:18
3997,53,1627,78,2025-07-23 10:24:41
3998,100,472,7,2025-05-18 09:53:45
3999,78,4206,89,2026-01-29 09:44:39
4000,12,308,44,2025-04-07 19:09:50
4001,23,3734,51,2025-02-09 16:20:21
4002,99,2490,69,2026-02-03 10:05:18
4003,85,3900,58,2025-08-12 17:43:56
4004,11,4213,1,2025-07-11 09:32:10
4005,93,4355,96,2025-04-23 16:40:53
4006,94,2915,65,2025-08-30 11:27:20
4007,36,1648,6,2025-06-21 01:43:01
4008,40,174,7,2026-01-19 14:08:38
4009,16,2189,44,2025-07-19 13:07:48
4010,49,688,43,2025-07-03 16:22:43
4011,55,3308,53,2025-05-19 11:50:43
4012,80,612,87,2025-05-14 07:25:57
4013,14,6,33,2025-08-26 11:49:13
4014,18,1773,100,2025-06-07 10:58:22
4015,64,361,6,2025-03-10 14:38:47
4016,98,340,53,2025-02-01 11:30:11
4017,57,3403,59,2025-04-05 22:32:05
4018,68,1078,48,2025-06-20 07:24:57
4019,3,4184,25,2025-03-16 08:04:11
4020,91,701,17,2025-05-27 19:01:17
4021,41,1132,63,2025-06-06 09:41:34
4022,19,2591,18,2025-03-19 14:00:24
4023,69,1031,12,2025-06-04 04:28:17
4024,77,4766,67,2025-12-26 18:50:16
4025,35,373,66,2026-01-03 01:58:15
4026,8,3761,73,2025-12-13 02:04:01
4027,39,3736,11,2025-04-07 05:33:50
4028,17,2227,36,2025-04-08 16:54:35
4029,90,1221,21,2025-09-24 00:17:43
4030,82,4529,53,2025-12-17 14:16:06
4031,41,2013,68,2025-06-26 16:12:12
4032,3,27,13,2025-01-28 18:37:56
4033,72,2541,90,2025-04-02 07:33:54
4034,38,4913,75,2025-07-09 10:22:15
4035,2,2457,18,2026-01-22 05:01:07
4036,13,1730,39,2025-01-02 07:51:09
4037,91,999,95,2025-05-17 20:01:15
4038,72,1818,70,2025-04-09 19:37:55
4039,12,1769,12,2025-08-05 03:18:47
4040,53,1973,90,2025-02-15 02:58:41
4041,64,2391,11,2026-01-20 21:13:57
4042,71,3154,62,2025-04-05 07:11:22
4043,39,3450,55,2025-10-02 21:15:40
4044,5,118,69,2025-01-03 17:18:31
4045,98,1038,1,2025-02-08 04:00:05
4046,47,2307,58,2025-12-27 10:31:53
4047,12,458,27,2025-12-09 20:54:24
4048,25,2034,85,2025-07-31 09:23:06
4049,51,353,32,2025-08-15 12:29:08
4050,87,4237,31,2025-08-02 05:58:17
4051,86,3055,2,2025-04-21 06:32:10
4052,70,3619,16,2025-06-22 19:20:21
4053,81,1761,11,2025-02-06 12:38:24
4054,26,2281,28,2025-03-04 16:52:17
4055,88,546,83,2025-11-02 05:39:52
4056,56,1410,25,2025-12-22 19:24:52
4057,49,1911,29,2025-09-03 09:17:14
4058,93,4162,96,2025-01-10 22:24:55
4059,55,2987,35,2025-03-05 17:19:00
4060,33,2086,28,2025-10-23 21:51:46
4061,45,4268,18,2025-04-20 11:35:50
4062,43,788,93,2025-06-14 20:15:19
4063,75,3760,53,2025-08-15 08:40:59
4064,99,197,52,2025-03-09 14:59:41
4065,31,4434,73,2025-12-01 23:14:14
4066,77,4632,6,2025-07-27 18:50:21
4067,82,71,32,2025-11-30 18:04:42
4068,50,38,5,2025-07-02 06:45:03
4069,14,4890,6,2025-11-21 09:17:34
4070,92,340,64,2025-05-02 14:51:19
4071,61,4640,14,2025-04-05 10:21:06
4072,100,1399,64,2025-08-30 18:11:18
4073,33,1366,71,2025-11-08 10:12:30
4074,93,1776,4,2025-03-08 08:02:11
4075,9,3148,73,2025-09-30 18:48:21
4076,43,375,100,2025-04-28 21:50:52
4077,14,4726,48,2025-05-28 01:06:35
4078,13,4251,7,2025-07-18 14:22:36
4079,42,2155,100,2025-09-15 02:42:48
4080,73,2622,5,2025-10-21 18:14:12
4081,86,1327,6,2025-01-15 00:32:53
4082,48,1282,98,2025-12-02 13:35:19
4083,77,3538,44,2025-09-18 23:49:47
4084,2,169,65,2025-08-21 04:14:08
4085,54,587,53,2025-08-25 23:50:47
4086,55,3049,50,2025-06-29 16:55:46
4087,8,1327,76,2025-03-09 07:04:29
4088,33,2943,47,2025-07-22 06:52:48
4089,72,4794,96,2025-04-27 14:24:11
4090,97,334,75,2025-05-28 10:51:45
4091,62,1417,4,2025-09-19 07:39:18
4092,97,4912,15,2025-08-16 11:23:34
4093,91,2224,88,2025-02-10 12:10:46
4094,10,4966,82,2025-01-08 05:52:16
4095,89,2207,10,2025-06-25 15:59:05
4096,23,292,58,2025-10-03 14:06:40
4097,75,1240,40,2025-03-22 11:39:05
4098,9,2377,4,2025-09-18 15:31:12
4099,30,3338,57,2025-12-14 14:34:12
4100,43,1169,1,2025-08-15 21:09:17
4101,19,4441,87,2025-09-13 10:30:31
4102,89,4449,68,2025-04-02 18:58:28
4103,46,4301,6,2025-02-28 19:30:46
4104,54,1766,89,2025-08-17 14:53:34
4105,76,845,91,2025-04-03 11:09:56
4106,88,2548,65,2025-04-15 15:34:11
4107,60,4390,100,2025-02-17 21:13:15
4108,51,3290,64,2025-03-02 06:46:20
4109,87,4581,62,2025-06-25 06:46:31
4110,71,4570,96,2025-02-04 06:42:53
4111,5,430,45,2025-06-08 04:11:08
4112,66,533,17,2025-07-03 23:07:34
4113,22,4635,12,2025-03-24 17:52:24
4114,31,1542,96,2025-10-02 03:48:36
4115,76,1809,89,2025-05-18 07:22:39
4116,79,2280,77,2025-05-27 23:58:52
4117,14,2215,95,2025-04-05 03:14:36
4118,51,4131,0,2025-07-29 00:04:19
4119,71,1632,75,2026-01-30 13:47:42
4120,6,840,2,2026-01-30 05:28:00
4121,71,1094,0,2025-07-10 21:02:18
4122,94,1833,26,2026-01-05 05:48:07
4123,40,4284,54,2025-11-27 23:23:09
4124,59,2839,58,2025-12-30 08:20:00
4125,97,136,78,2025-02-06 22:11:37
4126,47,292,47,2025-06-13 00:50:54
4127,45,3800,29,2025-08-12 22:02:04
4128,97,3261,19,2025-06-19 08:32:15
4129,100,1469,85,2025-04-02 03:51:40
4130,87,320,46,2025-02-24 18:43:36
4131,66,814,51,2025-03-05 15:47:06
4132,91,623,35,2025-08-14 14:01:40
4133,27,4626,12,2025-04-20 10:22:53
4134,77,212,22,2025-04-12 11:41:19
4135,1,3387,91,2025-03-13 14:51:43
4136,37,4119,76,2026-01-06 07:59:00
4137,73,428,62,2026-01-02 09:25:21
4138,85,2874,40,2025-08-21 14:57:54
4139,34,4378,83,2025-03-02 15:16:31
4140,28,655,70,2026-02-04 00:40:33
4141,73,1433,78,2025-06-26 08:18:15
4142,33,793,21,2026-01-12 14:51:01
4143,65,3225,87,2025-06-20 20:34:34
4144,97,1693,11,2025-04-01 02:43:16
4145,5,209,93,2025-10-22 03:04:43
4146,7,1282,35,2026-01-15 20:16:39
4147,44,2103,24,2025-04-25 00:27:55
4148,15,3484,10,2025-03-25 12:01:03
4149,34,269,76,2025-10-24 01:49:46
4150,64,861,12,2025-05-12 08:18:36
4151,38,3054,2,2025-03-06 01:00:25
4152,63,1703,5,2025-07-04 04:15:31
4153,24,3494,29,2025-07-31 03:56:25
4154,51,2899,75,2026-02-04 23:55:52
4155,31,2665,46,2025-07-17 23:51:12
4156,35,1926,12,2025-04-15 18:13:23
4157,90,4792,8,2025-03-10 17:48:54
4158,37,1310,53,2026-01-07 04:47:23
4159,59,3065,75,2026-01-03 21:06:53
4160,70,1822,60,2025-10-01 17:38:04
4161,91,4873,19,2025-08-15 18:54:02
4162,12,2781,70,2025-09-22 13:51:17
4163,83,2748,55,2025-10-19 19:53:58
4164,42,962,77,2025-05-25 11:52:29
4165,27,2255,10,2025-03-23 11:49:03
4166,31,4847,28,2025-02-15 10:50:35
4167,29,4866,48,2025-10-01 18:53:25
4168,54,2695,47,2025-01-25 14:19:36
4169,57,511,72,2025-08-23 18:17:57
4170,57,3423,92,2025-01-05 02:47:08
4171,74,3525,15,2025-07-09 22:07:32
4172,72,2298,4,2025-06-29 02:23:50
4173,83,4410,22,2025-02-15 23:08:29
4174,39,943,93,2025-09-27 05:44:43
4175,84,1095,44,2025-04-28 08:01:53
4176,64,3309,36,2025-09-13 11:51:08
4177,5,4970,64,2025-05-25 19:30:52
4178,49,1508,7,2025-06-20 21:58:32
4179,54,2562,20,2025-04-26 17:45:28
4180,9,812,99,2025-02-16 06:11:42
4181,55,4965,13,2025-12-16 07:09:00
4182,58,2990,73,2025-06-02 05:26:03
4183,59,2914,11,2025-10-13 02:26:21
4184,29,4519,32,2025-09-11 09:15:00
4185,76,2220,44,2025-10-06 13:04:47
4186,27,624,2,2025-01-29 08:18:39
4187,54,4204,36,2025-11-01 07:41:45
4188,38,2868,10,2025-10-20 06:52:29
4189,5,416,34,2025-06-26 04:11:28
4190,99,739,35,2025-12-20 10:53:24
4191,39,4644,25,2025-04-08 20:41:44
4192,45,2865,3,2025-09-15 02:17:02
4193,100,1136,6,2025-08-17 07:23:31
4194,89,2954,47,2026-01-17 13:54:49
4195,73,4340,74,2026-01-24 06:19:48
4196,24,2118,56,2026-01-07 01:37:02
4197,38,2334,10,2025-11-05 05:05:54
4198,25,15,73,2025-07-22 03:47:42
4199,43,1504,63,2025-05-27 05:09:53
4200,46,2374,38,2025-02-01 16:03:13
4201,94,2255,23,2025-12-24 09:43:32
4202,35,2313,2,2025-07-31 05:13:19
4203,31,451,26,2026-01-06 09:28:40
4204,100,4487,50,2025-04-05 22:25:52
4205,38,4964,14,2025-06-28 16:32:22
4206,10,3376,47,2025-12-15 23:21:24
4207,8,1762,4,2025-04-23 02:09:40
4208,4,2115,88,2025-03-15 21:43:07
4209,36,2407,22,2025-02-13 21:27:24
4210,35,1560,11,2025-10-22 07:45:34
4211,90,2914,21,2025-09-24 08:50:52
4212,5,691,45,2025-11-19 12:33:26
4213,66,2438,61,2025-01-30 03:39:21
4214,28,3832,34,2025-08-14 10:37:43
4215,16,4942,46,2025-06-25 15:22:49
4216,98,2703,15,2025-06-15 17:09:56
4217,96,3907,98,2026-01-02 03:25:26
4218,19,3536,39,2025-05-22 07:16:40
4219,85,254,98,2025-01-29 04:44:08
4220,84,3112,89,2025-08-28 12:25:16
4221,14,802,74,2025-10-25 19:57:54
4222,64,2856,35,2025-01-12 21:10:50
4223,21,2438,29,2025-11-09 20:54:57
4224,97,1235,45,2025-05-04 12:16:04
4225,5,1163,66,2025-06-13 09:02:26
4226,50,966,15,2025-03-31 01:48:13
4227,75,3382,9,2025-02-08 19:14:53
4228,97,1256,79,2025-08-21 03:24:57
4229,68,321,20,2025-05-28 13:41:36
4230,71,1227,16,2026-01-24 17:57:52
4231,13,4366,31,2025-03-05 17:17:50
4232,97,4150,87,2025-04-02 14:32:26
4233,55,4244,67,2025-05-30 03:04:03
4234,70,418,0,2026-01-28 02:00:29
4235,68,4137,17,2025-04-12 12:41:29
4236,5,4676,87,2025-10-14 07:58:38
4237,21,1679,16,2026-01-23 21:56:10
4238,25,4765,20,2025-03-02 22:46:57
4239,46,3893,22,2025-11-30 00:39:46
4240,7,4860,75,2025-08-26 11:41:33
4241,89,4430,56,2026-01-02 12:07:45
4242,21,4141,47,2025-11-08 17:00:01
4243,99,942,63,2025-07-30 02:01:08
4244,29,2135,79,2025-05-17 00:55:22
4245,83,3264,88,2026-01-28 20:44:31
4246,36,2432,78,2025-02-15 10:36:25
4247,19,1792,55,2026-02-01 17:15:32
4248,27,1643,99,2025-04-25 23:42:18
4249,87,2834,71,2026-01-27 00:11:30
4250,16,4898,55,2025-11-25 07:37:55
4251,78,1992,37,2025-01-17 06:50:14
4252,50,807,74,2025-10-10 18:06:31
4253,23,200,58,2025-10-14 10:56:02
4254,16,3455,74,2025-02-28 21:13:10
4255,40,527,76,2025-09-04 06:57:59
4256,79,4852,21,2025-09-11 12:53:46
4257,40,1559,35,2026-01-25 03:20:31
4258,34,1082,0,2025-05-18 23:58:44
4259,12,465,33,2025-12-09 12:51:26
4260,76,4475,93,2025-08-20 20:47:33
4261,26,1164,58,2025-10-11 14:04:36
4262,80,3199,34,2025-11-20 22:56:38
4263,86,4484,58,2025-01-31 08:30:09
4264,27,1128,91,2026-02-01 05:09:22
4265,93,4587,34,2025-11-23 13:20:31
4266,59,545,96,2025-08-19 19:35:08
4267,37,3587,84,2025-05-12 14:16:23
4268,93,3178,56,2025-01-11 22:26:57
4269,97,3827,99,2025-07-25 13:32:01
4270,53,651,25,2025-08-07 01:31:05
4271,59,105,69,2025-03-14 18:36:28
4272,78,3872,74,2025-11-20 22:18:53
4273,73,4217,91,2025-06-25 23:52:48
4274,68,1359,62,2025-04-28 09:00:26
4275,3,905,81,2025-07-04 09:21:06
4276,32,1406,67,2025-03-13 16:10:15
4277,21,859,19,2025-02-20 08:12:29
4278,41,733,86,2025-11-06 07:56:05
4279,78,1226,52,2025-06-19 06:21:28
4280,92,4661,69,2025-07-14 13:24:21
4281,16,3100,57,2025-07-10 13:57:39
4282,72,464,51,2025-05-27 19:29:11
4283,93,3431,77,2025-10-24 08:45:10
4284,87,2679,19,2025-11-11 10:43:45
4285,8,2114,98,2025-10-18 16:37:44
4286,65,4162,25,2025-08-12 07:38:13
4287,81,406,78,2025-12-17 07:34:24
4288,22,3810,68,2025-05-22 14:15:29
4289,41,1639,55,2025-05-01 00:16:07
4290,23,1050,71,2025-08-12 18:12:24
4291,9,3594,15,2025-02-04 09:36:37
4292,100,3631,10,2025-05-27 12:15:42
4293,98,399,45,2025-09-18 02:18:19
4294,33,2089,83,2025-12-26 04:50:29
4295,28,196,85,2026-01-21 18:10:33
4296,90,453,89,2025-10-14 07:56:29
4297,57,3502,75,2025-02-12 06:44:00
4298,36,645,82,2025-11-27 02:34:41
4299,92,2984,5,2025-12-06 15:41:26
4300,80,3292,30,2025-06-27 13:34:02
4301,78,2815,10,2025-10-12 15:10:03
4302,82,2672,28,2026-01-02 15:02:04
4303,85,1939,9,2025-07-17 20:06:19
4304,70,3912,23,2025-02-16 23:16:08
4305,7,4536,55,2025-03-22 05:34:52
4306,68,953,1,2025-11-30 20:02:50
4307,85,4292,70,2026-01-04 23:53:47
4308,53,1686,66,2025-05-13 17:23:05
4309,16,3244,57,2026-01-17 22:32:27
4310,48,410,64,2025-01-13 04:52:52
4311,32,1325,10,2025-07-23 13:32:10
4312,73,1043,43,2025-03-04 06:54:29
4313,85,1307,11,2025-01-19 01:03:48
4314,87,1187,27,2025-06-21 07:18:20
4315,77,567,80,2025-02-25 02:42:02
4316,77,3680,100,2025-01-29 03:47:27
4317,29,41,98,2025-03-30 18:03:39
4318,61,274,5,2025-02-17 01:42:53
4319,51,2135,75,2025-07-02 12:16:07
4320,77,124,73,2025-09-17 11:44:02
4321,44,2491,65,2026-01-03 14:16:10
4322,54,426,27,2025-05-12 05:47:07
4323,72,922,99,2025-06-30 19:46:27
4324,100,1838,38,2025-03-31 02:57:35
4325,2,1179,83,2025-08-26 03:07:09
4326,45,657,43,2025-07-10 15:17:48
4327,58,1730,50,2025-11-28 00:45:17
4328,11,829,85,2025-08-09 07:05:17
4329,6,4143,87,2025-03-11 09:26:20
4330,6,121,55,2025-02-20 00:28:47
4331,2,142,0,2025-02-02 17:17:19
4332,53,4436,47,2025-03-19 09:40:25
4333,70,1081,56,2025-11-22 23:18:54
4334,93,1617,0,2025-10-07 03:56:21
4335,77,111,19,2025-09-29 01:31:14
4336,3,1446,29,2025-08-10 08:42:09
4337,17,4416,18,2025-06-21 19:33:03
4338,94,2656,59,2025-02-13 12:25:58
4339,10,2379,46,2025-09-09 23:22:11
4340,59,3934,52,2025-04-18 20:24:24
4341,38,1578,98,2025-08-11 06:53:02
4342,99,1370,79,2025-03-09 04:58:56
4343,64,3300,96,2025-06-18 02:47:09
4344,18,3410,41,2025-08-02 08:08:09
4345,55,1795,87,2025-03-05 17:00:26
4346,72,3851,85,2025-05-10 08:54:09
4347,23,3644,72,2025-07-09 16:10:50
4348,57,992,98,2025-09-25 14:12:27
4349,33,169,10,2025-10-17 00:59:22
4350,11,1799,6,2026-01-20 14:00:43
4351,49,3971,58,2025-07-14 18:59:23
4352,77,4152,92,2025-08-14 22:48:52
4353,76,2276,23,2025-05-20 19:06:33
4354,31,4493,21,2025-08-12 10:11:16
4355,19,3134,9,2025-05-19 00:01:22
4356,3,1407,99,2025-12-17 06:14:03
4357,90,4998,81,2025-06-16 06:22:38
4358,61,2918,28,2025-08-02 18:21:50
4359,46,3015,27,2025-07-14 22:07:36
4360,54,3431,16,2025-05-07 18:42:51
4361,27,1202,66,2025-06-09 22:15:41
4362,60,3812,31,2025-01-16 06:45:21
4363,38,956,80,2025-02-17 16:16:54
4364,11,3473,52,2025-11-17 02:40:35
4365,96,1185,9,2025-12-16 02:09:57
4366,78,1184,17,2025-03-11 15:10:08
4367,71,1418,49,2025-07-05 19:15:47
4368,92,625,53,2025-12-26 19:15:36
4369,54,1613,84,2025-11-01 12:01:02
4370,26,4352,0,2025-10-14 14:12:09
4371,76,589,92,2025-05-16 12:44:53
4372,4,3040,99,2026-01-30 22:55:28
4373,45,3142,84,2025-11-18 02:03:14
4374,73,2471,70,2025-11-05 23:57:30
4375,35,4136,41,2025-07-21 11:33:34
4376,86,4520,2,2025-03-31 20:18:42
4377,43,3091,8,2025-01-20 15:28:32
4378,18,1340,56,2025-11-21 08:26:58
4379,19,669,69,2025-04-25 11:21:01
4380,26,4565,26,2025-07-22 16:42:14
4381,17,2005,51,2025-01-23 01:20:58
4382,34,1016,6,2025-05-30 06:15:41
4383,62,4958,31,2025-01-21 16:11:29
4384,2,3530,45,2025-12-14 10:41:06
4385,51,1938,67,2025-11-23 12:18:49
4386,77,3848,8,2025-07-31 03:14:11
4387,51,919,40,2025-03-25 23:10:12
4388,36,811,99,2025-10-24 15:54:14
4389,30,3631,50,2025-05-17 14:27:46
4390,79,3551,9,2025-10-28 08:11:29
4391,77,507,58,2025-07-24 14:21:15
4392,5,4724,49,2025-03-13 13:34:10
4393,75,4620,84,2025-05-05 18:01:19
4394,51,3772,23,2025-03-24 11:48:26
4395,49,1685,50,2025-12-11 05:35:31
4396,9,49,36,2025-01-16 15:14:41
4397,49,3471,29,2025-11-04 05:25:52
4398,60,2559,1,2025-02-08 07:57:05
4399,19,4072,39,2025-04-29 11:06:01
4400,73,2466,11,2026-02-04 23:50:32
4401,76,4453,84,2025-08-10 11:29:33
4402,51,2904,6,2026-01-17 08:21:53
4403,89,3921,50,2025-01-05 05:09:13
4404,27,2555,30,2025-09-17 04:49:35
4405,91,4890,1,2025-02-22 05:52:37
4406,60,4023,30,2025-10-30 08:18:34
4407,5,2608,39,2025-09-10 08:42:54
4408,7,2019,34,2025-05-20 16:16:41
4409,5,868,62,2025-04-24 22:51:09
4410,67,440,10,2025-03-26 20:38:41
4411,28,810,36,2025-06-01 00:37:35
4412,37,4760,89,2025-01-21 11:48:18
4413,86,3446,63,2025-09-05 14:32:30
4414,10,3462,96,2025-06-10 16:18:14
4415,57,3706,31,2025-11-28 13:43:09
4416,29,3966,73,2025-09-21 07:12:03
4417,24,2965,38,2025-08-17 14:33:56
4418,47,682,95,2025-04-12 00:07:56
4419,19,981,65,2025-06-11 07:53:19
4420,36,2068,54,2025-07-28 18:25:24
4421,34,3523,21,2025-08-21 22:27:31
4422,17,2525,64,2025-03-22 15:21:50
4423,9,1277,74,2026-02-05 01:58:00
4424,32,984,99,2025-05-18 00:33:46
4425,9,2302,78,2025-10-10 05:49:29
4426,80,4665,33,2025-01-08 14:01:05
4427,27,2212,89,2025-03-21 18:30:03
4428,95,1393,48,2025-03-08 21:59:01
4429,26,4559,45,2025-02-26 11:56:40
4430,49,1148,48,2025-08-25 03:29:38
4431,67,851,4,2025-02-24 23:54:32
4432,8,3341,65,2025-02-11 13:30:00
4433,21,1498,82,2025-06-21 03:18:28
4434,54,220,44,2026-01-17 03:05:48
4435,4,1623,11,2025-09-05 05:39:12
4436,5,2813,15,2025-04-05 00:35:13
4437,63,4836,68,2026-01-08 06:35:41
4438,50,4894,94,2026-01-29 00:18:49
4439,76,3040,63,2025-04-01 00:36:35
4440,45,3369,53,2025-01-08 16:23:47
4441,80,3632,83,2025-08-31 10:33:34
4442,46,2778,73,2025-06-24 13:12:00
4443,96,2692,50,2025-08-16 11:59:16
4444,92,1523,8,2025-06-03 14:15:48
4445,14,1362,86,2026-01-06 12:55:32
4446,14,3240,23,2025-02-22 15:38:08
4447,86,4008,51,2025-04-03 04:24:11
4448,22,2137,51,2025-12-27 02:01:25
4449,5,349,83,2025-10-14 10:57:28
4450,72,3533,53,2026-01-01 04:47:51
4451,34,3920,77,2025-10-24 14:07:31
4452,17,2255,34,2025-12-22 07:40:41
4453,8,3014,11,2025-02-16 21:22:52
4454,85,3201,41,2025-03-11 10:37:32
4455,21,2296,0,2025-09-17 01:41:42
4456,61,4586,15,2025-09-03 01:03:36
4457,23,1116,80,2025-04-18 20:23:52
4458,76,327,100,2025-05-24 01:53:30
4459,29,1018,41,2025-03-16 19:19:45
4460,92,3632,72,2025-01-27 08:00:56
4461,36,3378,100,2025-07-30 16:26:29
4462,49,2181,73,2025-03-11 01:08:54
4463,36,90,73,2025-10-07 03:07:18
4464,10,4189,39,2025-02-27 13:30:41
4465,17,1290,90,2025-11-17 08:58:00
4466,19,1754,67,2025-09-25 07:23:13
4467,45,2826,56,2025-06-19 09:04:46
4468,50,925,47,2025-11-18 20:41:23
4469,49,3461,48,2025-12-18 02:52:00
4470,14,3052,77,2025-10-22 18:16:24
4471,100,2198,28,2025-10-11 02:30:36
4472,6,2005,99,2025-10-07 18:05:47
4473,85,786,98,2025-09-06 12:11:47
4474,60,4730,25,2025-10-20 19:44:55
4475,16,4317,35,2025-04-11 14:48:46
4476,46,4650,81,2025-10-13 13:21:53
4477,89,4635,35,2025-05-02 02:26:25
4478,54,4075,11,2026-01-23 06:12:21
4479,11,4362,19,2025-05-16 00:14:48
4480,86,3023,8,2025-04-11 11:58:31
4481,43,2447,39,2025-03-01 22:35:09
4482,64,4678,20,2025-10-12 17:44:15
4483,16,1520,20,2025-01-29 04:59:37
4484,97,292,84,2025-10-17 22:41:51
4485,41,755,76,2025-02-13 09:14:48
4486,48,3995,46,2025-01-07 11:24:54
4487,70,2354,100,2026-02-01 03:21:44
4488,73,1724,81,2026-01-07 01:51:06
4489,98,2839,88,2025-02-21 07:41:11
4490,34,2428,68,2025-06-22 08:19:04
4491,16,267,73,2025-06-13 13:24:35
4492,32,1752,37,2025-03-20 06:56:35
4493,7,3476,15,2026-01-15 21:37:48
4494,77,2350,57,2026-01-06 18:27:58
4495,84,1450,49,2025-02-08 17:53:38
4496,58,3802,54,2025-03-18 09:44:04
4497,25,3954,71,2025-05-03 09:49:03
4498,28,4309,12,2025-01-09 15:01:15
4499,39,3848,62,2026-01-12 10:40:09
4500,36,4406,60,2025-06-25 21:10:38
4501,93,2844,29,2026-01-20 05:58:35
4502,15,1759,52,2025-01-12 00:36:06
4503,31,1264,25,2025-09-08 13:40:12
4504,30,2878,24,2025-08-09 05:10:24
4505,89,337,7,2025-08-11 13:57:19
4506,58,1497,93,2025-01-25 18:37:56
4507,18,788,85,2025-09-01 08:16:03
4508,87,4252,64,2025-10-21 22:46:17
4509,82,4565,36,2025-08-06 16:44:45
4510,83,249,98,2025-05-01 08:20:40
4511,43,4330,3,2025-09-18 07:57:26
4512,52,3395,72,2025-01-14 18:52:26
4513,1,1217,32,2026-01-29 19:29:33
4514,14,4857,77,2025-07-13 11:18:38
4515,1,2780,72,2025-05-18 23:08:23
4516,32,388,36,2026-01-27 06:22:22
4517,18,1052,42,2025-11-19 23:43:19
4518,96,4487,43,2025-02-17 06:22:16
4519,1,4947,70,2025-12-07 04:28:12
4520,25,2601,39,2025-04-06 11:42:23
4521,64,775,85,2025-07-06 02:05:15
4522,25,1294,35,2025-03-20 02:37:12
4523,81,2795,3,2025-12-18 03:35:53
4524,52,869,86,2026-01-20 20:46:44
4525,62,4640,65,2025-10-22 20:03:31
4526,94,3849,29,2025-08-01 18:00:33
4527,24,2646,8,2025-05-26 13:47:16
4528,28,600,38,2025-10-28 16:47:04
4529,42,2064,62,2025-09-27 21:04:39
4530,73,464,79,2025-01-06 02:17:32
4531,73,4213,18,2025-05-11 02:44:54
4532,17,1363,41,2025-02-23 04:48:46
4533,14,4915,68,2025-03-02 23:48:01
4534,91,265,82,2025-03-29 17:10:18
4535,63,87,93,2025-04-28 03:18:37
4536,69,400,16,2025-02-05 00:54:52
4537,94,2309,53,2025-04-23 10:41:49
4538,9,4435,47,2025-03-10 21:05:50
4539,65,3764,40,2025-09-04 02:59:31
4540,62,3548,39,2025-02-13 05:30:18
4541,16,3136,11,2025-08-28 09:01:16
4542,33,1033,17,2025-01-18 05:48:58
4543,67,222,24,2025-12-26 02:44:47
4544,60,3123,97,2025-10-05 01:51:00
4545,39,4897,1,2025-10-28 05:08:54
4546,31,866,77,2025-05-30 11:28:46
4547,87,1543,43,2025-05-26 02:08:03
4548,50,4604,94,2025-04-18 14:00:43
4549,96,1729,98,2025-07-23 04:01:06
4550,37,3661,75,2025-11-15 20:37:21
4551,85,4676,74,2025-12-15 00:53:33
4552,15,3162,77,2025-10-04 01:38:45
4553,70,3513,86,2025-11-07 04:59:33
4554,1,448,20,2025-04-13 04:39:25
4555,3,4107,48,2025-02-23 09:17:15
4556,59,3546,30,2026-01-12 17:05:12
4557,29,4520,4,2025-02-20 00:45:11
4558,81,4486,0,2025-05-20 21:49:15
4559,88,1223,34,2025-10-12 12:56:20
4560,88,672,62,2025-05-12 17:19:13
4561,18,1293,4,2025-07-14 15:51:16
4562,66,2988,69,2025-04-23 01:00:46
4563,73,606,77,2025-08-03 00:08:01
4564,31,2097,27,2025-07-21 07:48:30
4565,57,472,92,2025-05-09 00:00:40
4566,48,314,39,2025-05-17 01:43:24
4567,25,3249,6,2025-07-09 15:51:25
4568,30,4182,85,2025-12-25 17:14:55
4569,34,2464,17,2025-05-20 08:55:35
4570,10,2441,4,2025-12-10 22:23:05
4571,5,753,3,2025-02-07 02:30:07
4572,32,2117,25,2025-07-05 04:15:58
4573,91,4007,57,2025-04-22 06:38:47
4574,76,1360,37,2025-09-17 21:50:36
4575,9,2492,76,2025-06-22 20:00:03
4576,41,2063,29,2025-03-14 01:05:42
4577,77,1245,24,2025-03-15 17:03:57
4578,76,3784,69,2025-12-21 06:11:50
4579,95,707,30,2025-02-21 15:21:59
4580,11,4119,83,2025-05-13 00:13:46
4581,91,3216,64,2025-08-26 10:11:59
4582,87,2727,65,2025-09-19 23:19:39
4583,76,2760,42,2025-10-12 17:45:04
4584,98,3439,79,2025-05-23 01:55:27
4585,36,1103,95,2025-09-14 14:17:00
4586,72,3853,57,2025-09-15 19:12:26
4587,41,4694,16,2025-10-23 15:47:49
4588,19,27,40,2025-08-20 22:14:08
4589,22,2780,61,2025-02-26 19:19:12
4590,40,4526,83,2025-05-03 04:46:21
4591,7,1234,73,2025-12-18 17:18:00
4592,55,4455,88,2025-05-02 21:26:58
4593,51,55,42,2025-08-28 09:06:51
4594,30,519,8,2025-03-08 00:04:51
4595,46,2087,18,2025-02-06 12:58:08
4596,20,4650,57,2025-05-10 02:03:32
4597,50,2576,11,2025-04-06 22:33:09
4598,12,1747,7,2025-03-10 19:43:38
4599,11,732,51,2025-03-15 06:52:05
4600,73,2922,6,2025-01-14 08:32:44
4601,65,2656,28,2025-06-27 03:33:46
4602,45,244,82,2025-12-21 19:20:48
4603,97,3106,56,2025-10-25 19:27:08
4604,77,1638,21,2025-11-05 09:32:20
4605,5,1628,68,2025-02-04 19:44:08
4606,18,110,60,2025-01-02 06:50:03
4607,35,650,40,2025-08-29 04:40:52
4608,4,4117,88,2025-09-05 06:46:29
4609,87,3622,23,2025-02-18 16:19:47
4610,58,793,50,2025-09-02 02:46:41
4611,3,1152,68,2025-02-02 19:38:13
4612,25,366,14,2025-08-06 21:53:50
4613,48,4223,23,2025-05-29 12:37:41
4614,76,283,45,2025-05-17 16:21:06
4615,32,3797,64,2026-01-01 07:42:05
4616,84,4480,89,2025-04-17 05:13:30
4617,35,1523,65,2025-09-07 23:36:05
4618,80,3365,99,2025-09-19 23:59:21
4619,92,3704,14,2026-01-15 03:10:04
4620,55,3411,89,2025-12-12 09:25:09
4621,100,1396,41,2025-04-04 00:41:45
4622,38,3764,53,2025-06-14 11:47:28
4623,65,2672,45,2025-05-13 17:48:30
4624,28,355,94,2025-01-03 13:44:20
4625,26,3542,64,2025-10-02 15:54:52
4626,90,278,95,2025-11-10 01:02:34
4627,53,4887,81,2025-04-16 09:58:41
4628,41,2469,74,2025-02-27 13:17:08
4629,6,1229,79,2025-04-15 16:04:27
4630,29,1309,33,2025-11-07 08:29:58
4631,98,4663,41,2025-05-05 08:50:49
4632,44,2180,1,2025-11-04 01:36:11
4633,33,260,39,2025-11-04 23:52:28
4634,85,3911,100,2025-05-12 00:40:19
4635,53,2446,87,2025-05-15 22:39:37
4636,55,272,67,2025-01-27 21:41:29
4637,40,4199,85,2025-07-15 15:14:46
4638,13,421,55,2026-01-06 05:49:58
4639,48,3662,9,2025-07-31 09:27:26
4640,55,4383,4,2025-12-17 20:17:47
4641,100,3037,16,2025-05-24 14:53:12
4642,7,1721,53,2025-01-09 12:40:40
4643,72,3766,15,2025-07-07 16:05:09
4644,45,1569,28,2025-02-09 03:29:48
4645,48,4236,93,2025-08-17 11:56:19
4646,73,4843,86,2025-06-20 22:20:29
4647,98,2962,27,2025-12-08 01:43:58
4648,15,4294,33,2025-12-20 02:52:09
4649,23,3865,40,2025-04-29 21:30:20
4650,100,608,23,2025-09-25 09:39:34
4651,20,969,97,2025-04-14 20:59:47
4652,20,3163,39,2026-01-31 10:16:43
4653,97,3098,26,2025-03-10 05:52:46
4654,28,4615,69,2025-11-28 09:08:50
4655,81,475,100,2025-04-26 00:10:16
4656,44,209,55,2025-08-22 18:05:34
4657,49,3962,51,2025-01-14 15:45:59
4658,47,2349,51,2025-01-09 14:50:49
4659,33,4272,78,2025-11-25 01:23:12
4660,94,200,53,2025-02-20 03:04:29
4661,99,4947,81,2025-03-08 16:24:53
4662,45,3501,36,2025-05-06 10:08:35
4663,51,4124,73,2025-05-10 19:29:13
4664,83,2385,83,2025-02-25 14:57:59
4665,83,78,39,2026-01-03 14:39:01
4666,60,3560,57,2025-02-26 18:49:30
4667,61,4860,56,2025-03-04 08:09:19
4668,85,3174,10,2026-01-24 08:46:42
4669,34,1686,65,2026-01-27 03:14:54
4670,43,3262,24,2025-04-26 12:23:12
4671,34,4785,71,2025-05-10 03:01:26
4672,35,2357,41,2025-07-04 08:31:07
4673,85,2471,74,2025-04-11 08:56:09
4674,76,2119,66,2025-01-01 14:08:35
4675,36,1504,91,2025-04-09 01:33:40
4676,60,1407,95,2025-02-12 02:48:45
4677,84,2887,46,2025-01-15 13:26:05
4678,32,4294,97,2025-09-10 05:51:50
4679,3,2906,87,2026-02-01 17:46:37
4680,50,3425,27,2025-10-23 04:48:37
4681,61,1035,4,2026-01-19 15:31:39
4682,88,4408,67,2026-01-04 19:39:27
4683,5,4021,51,2025-10-16 11:44:13
4684,6,595,80,2025-08-19 17:44:35
4685,94,3248,87,2026-01-20 08:18:51
4686,58,2873,44,2025-10-28 10:50:45
4687,47,1112,19,2025-07-20 07:10:44
4688,43,4985,99,2025-12-24 03:09:38
4689,94,4980,45,2025-01-24 08:12:26
4690,60,2442,64,2025-01-23 23:48:29
4691,11,4073,24,2025-03-25 23:36:31
4692,79,4889,95,2025-07-10 09:11:40
4693,25,3288,98,2025-09-07 11:23:49
4694,83,1060,22,2025-02-25 00:56:48
4695,44,4404,2,2025-10-04 10:46:13
4696,67,1185,83,2025-07-07 20:24:22
4697,11,3945,72,2025-02-28 20:36:31
4698,79,622,46,2025-11-04 01:59:04
4699,28,4910,12,2026-01-30 10:12:10
4700,46,4742,49,2025-09-03 17:12:15
4701,15,3572,17,2025-07-28 11:04:55
4702,93,1140,71,2025-05-01 13:39:55
4703,16,3088,61,2025-05-26 22:15:31
4704,90,134,50,2025-02-08 19:24:06
4705,71,4299,39,2025-07-28 12:06:25
4706,50,4084,75,2025-06-14 14:35:04
4707,34,91,37,2025-10-25 02:44:25
4708,37,3146,34,2025-05-30 18:34:32
4709,23,3893,64,2025-12-10 21:33:26
4710,83,1003,32,2025-04-26 02:35:12
4711,23,3921,23,2025-05-25 16:25:54
4712,87,4350,85,2025-04-02 15:10:47
4713,18,3321,34,2025-06-08 05:17:16
4714,26,3700,13,2026-02-02 11:28:47
4715,16,1206,58,2026-01-17 16:19:00
4716,8,3538,86,2025-10-05 07:39:32
4717,46,4171,8,2025-10-01 05:19:22
4718,54,3486,18,2025-10-30 15:39:31
4719,33,2389,15,2025-07-06 10:20:48
4720,43,1575,32,2025-11-10 04:12:27
4721,23,4754,96,2026-01-19 22:28:17
4722,48,1553,23,2026-01-30 16:31:36
4723,96,3113,52,2025-01-21 13:44:43
4724,73,1240,25,2025-08-31 08:17:40
4725,83,4016,19,2025-06-17 19:08:39
4726,41,4310,94,2025-11-16 17:17:25
4727,50,2948,27,2025-05-04 14:04:36
4728,53,1487,17,2025-10-22 10:28:37
4729,75,382,77,2026-01-30 14:57:29
4730,4,397,44,2025-08-16 06:41:32
4731,50,1418,21,2025-05-24 03:49:46
4732,34,1705,11,2025-08-02 14:05:48
4733,98,659,100,2025-02-27 17:43:52
4734,83,4433,32,2026-01-28 14:51:48
4735,62,4316,22,2025-03-27 20:24:51
4736,40,2089,48,2025-09-06 19:06:15
4737,25,276,66,2025-04-03 10:32:54
4738,97,4034,7,2025-03-22 03:03:24
4739,86,1832,62,2025-11-25 07:35:32
4740,19,887,3,2025-04-14 16:46:59
4741,14,3499,69,2025-08-15 05:25:36
4742,33,2139,22,2025-05-20 20:30:29
4743,79,823,20,2025-11-15 16:22:15
4744,5,4438,63,2025-05-23 01:33:28
4745,4,2693,26,2025-12-10 13:18:04
4746,18,1639,27,2025-03-24 09:12:21
4747,100,4510,59,2025-07-09 05:47:07
4748,62,1848,22,2025-02-17 03:56:32
4749,98,3738,63,2025-01-24 02:48:47
4750,64,10,33,2025-06-14 12:29:48
4751,46,706,62,2025-03-20 11:40:00
4752,85,381,27,2025-09-17 10:38:32
4753,17,4984,83,2025-01-16 17:54:23
4754,6,213,5,2025-09-06 17:34:03
4755,14,3878,47,2025-03-03 00:43:29
4756,88,2232,70,2025-04-22 06:01:24
4757,25,1481,21,2025-07-29 15:59:49
4758,21,1293,41,2025-06-29 20:18:45
4759,50,4351,1,2025-01-23 21:32:23
4760,30,4869,28,2026-01-26 02:09:47
4761,94,4685,70,2025-12-05 10:45:07
4762,53,1286,4,2025-07-17 00:04:30
4763,98,1052,37,2025-02-08 23:22:05
4764,93,1549,16,2025-10-19 21:33:51
4765,67,835,5,2025-02-23 15:00:45
4766,62,851,65,2025-04-14 12:11:37
4767,68,3158,0,2025-01-28 05:13:18
4768,13,4331,91,2025-05-17 03:27:28
4769,25,3329,95,2025-08-13 02:00:17
4770,44,872,18,2025-12-12 00:11:27
4771,84,902,62,2025-04-05 19:07:24
4772,47,3944,7,2025-10-04 04:26:02
4773,37,1291,70,2025-04-03 15:28:08
4774,30,706,74,2025-11-19 06:13:41
4775,51,1672,27,2025-12-14 23:39:39
4776,7,4520,20,2025-12-13 06:33:33
4777,43,4629,27,2025-11-01 16:52:31
4778,94,278,12,2025-11-05 20:58:01
4779,21,4876,48,2025-10-13 15:11:51
4780,39,957,50,2025-12-16 12:36:44
4781,62,560,53,2025-03-20 07:35:32
4782,99,449,37,2025-02-11 01:56:55
4783,35,756,11,2025-07-12 07:47:15
4784,2,1044,17,2025-08-05 21:41:45
4785,9,1648,59,2025-12-13 03:57:44
4786,15,4418,84,2025-05-23 08:40:01
4787,54,1044,98,2025-10-23 20:03:55
4788,72,2625,71,2025-02-04 15:27:34
4789,83,1888,13,2025-04-12 15:29:15
4790,4,4653,9,2025-12-17 23:55:44
4791,12,3840,16,2025-11-26 23:35:04
4792,49,1705,39,2025-02-27 08:04:33
4793,21,3877,19,2025-06-27 13:33:21
4794,21,2944,40,2025-10-07 22:32:56
4795,52,351,64,2025-08-16 15:06:40
4796,38,1723,82,2025-07-11 07:27:00
4797,64,4374,11,2025-04-28 16:16:56
4798,51,4678,22,2025-02-12 10:08:04
4799,65,4258,86,2025-06-17 07:34:32
4800,43,4244,97,2025-05-03 14:26:50
4801,10,1052,28,2025-11-26 03:04:21
4802,16,1139,85,2025-11-18 07:10:42
4803,12,2841,95,2025-07-24 06:44:45
4804,76,4768,85,2025-06-17 12:08:47
4805,39,3612,91,2025-04-03 12:57:19
4806,88,3259,33,2025-01-05 08:50:32
4807,2,1350,62,2025-06-29 11:12:33
4808,79,959,82,2026-01-18 21:52:27
4809,68,2819,53,2025-12-10 05:43:13
4810,54,1396,42,2025-09-12 13:31:48
4811,48,1043,81,2025-07-08 01:20:24
4812,38,4123,43,2025-07-27 22:26:36
4813,45,4582,81,2025-10-27 11:14:55
4814,58,1343,27,2025-02-12 18:16:41
4815,84,1267,70,2025-04-15 10:04:39
4816,62,3871,13,2026-01-11 11:09:18
4817,40,4598,85,2025-08-24 03:15:02
4818,87,787,48,2025-11-17 06:49:54
4819,37,1670,10,2025-10-22 22:53:46
4820,78,1321,65,2025-04-15 10:13:00
4821,38,4940,55,2025-11-12 19:28:11
4822,12,1693,10,2025-09-03 11:58:07
4823,14,3319,35,2025-02-11 21:02:45
4824,17,2877,17,2025-02-10 19:26:22
4825,20,4223,37,2025-04-08 22:55:41
4826,55,1996,70,2025-09-05 11:45:02
4827,73,568,40,2025-04-16 18:40:51
4828,36,4085,82,2025-10-13 04:51:39
4829,85,2774,15,2025-10-27 23:22:19
4830,64,3269,38,2025-06-12 15:59:08
4831,40,2447,91,2026-01-31 06:57:40
4832,61,4485,73,2025-02-16 05:37:48
4833,32,3359,79,2025-07-12 09:46:25
4834,78,952,100,2025-10-06 06:02:13
4835,15,337,76,2025-08-14 07:00:48
4836,15,3466,45,2025-05-28 09:21:37
4837,72,2505,41,2025-01-28 16:38:25
4838,71,1621,95,2025-01-19 05:19:56
4839,78,496,75,2025-07-24 09:52:24
4840,43,928,73,2025-08-07 01:50:19
4841,68,712,20,2025-11-20 20:11:19
4842,7,1930,54,2025-04-23 12:58:56
4843,78,1434,33,2025-05-28 03:08:21
4844,42,1287,95,2025-05-04 08:35:33
4845,52,4058,7,2025-10-31 23:34:33
4846,19,2559,24,2025-09-16 18:23:07
4847,79,2808,12,2025-10-02 22:45:35
4848,56,1952,36,2025-10-31 11:10:36
4849,7,1468,76,2025-07-01 23:10:42
4850,64,2549,36,2025-09-22 02:44:56
4851,21,725,97,2025-01-19 13:52:55
4852,48,236,88,2025-07-20 18:58:04
4853,29,2584,13,2025-06-22 03:35:55
4854,21,3391,38,2025-11-18 00:55:02
4855,17,705,39,2025-12-02 12:40:30
4856,4,1810,7,2025-07-01 09:58:27
4857,20,3490,10,2025-12-02 06:59:49
4858,56,2606,26,2025-06-16 07:21:06
4859,35,2676,50,2026-01-29 13:01:52
4860,57,877,84,2025-03-19 10:54:45
4861,53,1232,0,2025-08-01 09:47:45
4862,20,2954,96,2025-05-14 06:18:14
4863,74,2072,81,2026-01-12 17:06:14
4864,37,4441,68,2025-06-27 11:37:14
4865,89,4958,54,2025-10-15 15:12:20
4866,58,967,15,2025-02-12 17:14:47
4867,4,2371,73,2025-06-02 13:10:58
4868,50,2711,93,2025-12-15 04:15:37
4869,39,2982,9,2025-09-10 10:29:53
4870,58,1228,73,2025-04-14 14:00:58
4871,19,4952,7,2025-11-26 04:59:16
4872,96,4731,51,2025-03-16 01:14:33
4873,26,3227,48,2025-08-24 05:06:45
4874,72,4369,93,2025-08-17 08:16:51
4875,31,4677,18,2025-09-16 11:05:28
4876,56,202,33,2026-01-05 13:01:13
4877,22,2039,87,2025-03-28 09:59:06
4878,8,2721,12,2025-08-04 16:24:30
4879,75,652,9,2025-10-10 08:48:31
4880,50,2424,86,2025-10-26 13:53:50
4881,78,3132,77,2025-11-25 16:08:43
4882,6,1906,74,2025-08-10 04:22:07
4883,100,3911,29,2025-06-11 06:57:59
4884,8,3110,85,2025-04-19 18:33:54
4885,32,2005,30,2025-04-24 22:20:43
4886,80,2482,26,2025-09-20 02:47:03
4887,47,193,64,2025-12-13 06:26:51
4888,63,226,87,2025-10-08 11:54:57
4889,79,2485,48,2026-01-26 09:45:03
4890,28,2428,1,2025-10-01 00:51:45
4891,22,436,66,2025-03-26 10:09:25
4892,63,1664,16,2025-10-15 20:50:06
4893,56,4446,96,2025-08-13 05:40:13
4894,81,3384,68,2025-12-29 14:39:13
4895,44,3393,34,2025-03-06 02:45:54
4896,77,4389,43,2025-06-20 15:37:18
4897,33,998,43,2025-06-16 19:02:19
4898,90,2525,7,2025-09-03 14:55:10
4899,31,4321,19,2025-06-30 22:34:31
4900,33,726,34,2025-10-11 05:38:17
4901,47,4370,13,2026-01-05 03:50:40
4902,72,4289,51,2025-05-26 21:47:21
4903,28,685,52,2025-05-27 09:41:36
4904,14,4529,10,2025-05-11 15:16:49
4905,11,985,16,2025-07-06 12:48:50
4906,2,2002,68,2025-08-24 12:26:37
4907,16,4950,5,2025-09-05 15:42:41
4908,59,1202,90,2025-01-18 03:47:47
4909,69,35,0,2025-01-18 16:04:51
4910,94,3153,33,2025-10-21 02:09:53
4911,39,4086,36,2025-06-05 19:22:50
4912,42,3934,9,2025-05-25 09:03:06
4913,68,4155,7,2025-02-21 16:31:34
4914,38,4831,55,2025-01-10 08:44:09
4915,37,2259,29,2025-11-27 20:31:16
4916,12,2054,10,2025-10-15 03:49:43
4917,39,839,88,2025-12-17 14:00:06
4918,7,3748,32,2025-05-06 12:33:11
4919,77,2201,41,2025-02-27 21:08:00
4920,66,2103,20,2025-07-05 00:31:41
4921,94,4121,46,2025-02-03 09:27:55
4922,5,4463,12,2025-12-24 07:45:29
4923,91,1530,81,2025-12-26 20:07:59
4924,46,174,45,2025-06-02 08:41:37
4925,2,3080,95,2025-04-09 23:31:00
4926,73,3180,98,2026-02-05 18:57:18
4927,74,1819,80,2025-03-06 16:57:14
4928,60,3563,48,2025-12-21 21:29:34
4929,49,861,42,2025-03-26 01:17:04
4930,76,3181,12,2025-12-19 03:08:52
4931,58,492,33,2025-09-27 06:43:21
4932,75,1376,26,2025-11-11 01:50:54
4933,33,1727,94,2025-04-11 12:53:02
4934,22,2366,33,2025-01-02 01:33:25
4935,75,701,2,2025-08-13 22:09:11
4936,79,1916,53,2025-02-13 15:38:25
4937,74,3818,81,2025-07-24 05:14:44
4938,67,1912,15,2025-11-07 02:44:53
4939,75,4227,59,2025-05-18 21:47:15
4940,32,4680,46,2025-06-27 00:31:04
4941,56,4269,97,2025-08-30 22:11:27
4942,27,1420,91,2025-03-11 10:48:56
4943,88,4512,73,2025-01-01 05:14:43
4944,65,2778,57,2025-04-21 14:51:50
4945,63,3459,33,2025-07-03 16:41:37
4946,5,461,47,2025-07-14 08:34:15
4947,66,3388,94,2025-01-23 23:42:47
4948,58,868,88,2025-09-28 09:15:31
4949,65,3839,47,2025-08-26 05:45:01
4950,30,4755,29,2025-11-22 09:27:23
4951,61,1110,94,2025-07-27 04:38:35
4952,57,4969,33,2025-05-13 13:56:02
4953,76,2837,52,2025-06-27 16:32:14
4954,37,1420,50,2025-06-13 16:17:08
4955,82,1549,87,2025-11-18 00:27:11
4956,77,3989,37,2025-11-18 11:09:25
4957,21,1548,71,2025-04-12 02:02:27
4958,37,2307,71,2025-03-12 00:33:52
4959,82,2239,70,2025-06-29 17:22:21
4960,39,4409,58,2025-09-19 03:29:21
4961,98,2825,37,2025-08-20 00:56:50
4962,2,2770,52,2025-07-31 21:27:25
4963,39,3458,41,2025-11-07 12:27:08
4964,72,955,9,2025-07-05 14:37:12
4965,24,3644,0,2026-02-05 06:57:03
4966,56,2976,56,2025-08-24 07:31:19
4967,85,166,61,2025-04-10 08:40:55
4968,53,4748,22,2025-10-20 23:03:04
4969,87,4996,56,2025-06-12 16:53:27
4970,96,2449,62,2026-01-20 15:46:42
4971,55,1187,38,2025-11-23 07:55:08
4972,77,4067,71,2025-02-12 18:26:51
4973,18,4252,68,2025-11-15 01:58:58
4974,71,3031,44,2025-07-01 18:11:47
4975,66,1188,19,2025-08-10 18:44:20
4976,65,594,15,2025-10-15 21:24:28
4977,42,1613,3,2026-01-02 09:38:55
4978,73,4965,81,2025-01-07 01:54:07
4979,51,3149,6,2025-10-29 07:47:52
4980,55,1035,12,2025-09-26 12:33:22
4981,86,2756,76,2025-03-20 07:21:10
4982,88,1572,26,2025-01-10 23:18:40
4983,24,414,57,2025-06-14 15:18:38
4984,78,1007,41,2025-09-05 06:43:56
4985,47,4106,78,2025-10-22 11:29:33
4986,62,4912,52,2025-04-12 23:20:46
4987,43,4150,77,2025-09-21 02:14:19
4988,60,2906,51,2025-03-18 02:49:53
4989,59,2241,36,2025-08-20 16:28:10
4990,17,844,42,2025-04-23 03:35:05
4991,91,4896,53,2025-03-16 21:20:42
4992,47,2930,68,2025-11-26 14:47:29
4993,28,3450,85,2025-06-26 19:18:01
4994,5,2562,3,2025-01-31 01:35:39
4995,35,837,60,2025-09-14 06:35:05
4996,90,4423,72,2025-04-14 01:29:25
4997,42,4587,47,2025-01-03 18:52:21
4998,4,2092,42,2025-12-05 11:18:30
4999,3,55,78,2026-01-05 04:37:29
5000,18,4272,9,2026-01-21 16:53:11
5001,44,4952,85,2025-09-18 23:57:06
5002,98,4652,86,2025-01-16 04:35:59
5003,80,2952,19,2025-09-14 08:27:18
5004,81,1485,13,2025-11-12 06:23:32
5005,87,801,64,2025-08-27 11:12:38
5006,13,26,13,2025-11-03 22:06:11
5007,36,1553,38,2025-07-29 20:36:34
5008,51,3630,58,2025-04-12 10:10:45
5009,78,3482,54,2025-09-25 02:14:39
5010,13,793,84,2025-03-27 13:48:07
5011,43,2815,96,2026-01-10 06:43:44
5012,85,4609,64,2025-03-12 10:29:58
5013,80,4859,100,2026-01-10 08:51:50
5014,3,1717,100,2025-07-19 20:38:22
5015,10,2742,24,2025-11-19 23:32:56
5016,86,2137,18,2025-10-14 00:01:33
5017,66,3652,32,2025-01-06 18:38:12
5018,27,2297,73,2025-04-26 18:20:35
5019,70,723,36,2025-07-25 12:11:53
5020,33,2817,31,2025-06-10 20:42:36
5021,66,276,74,2025-05-30 17:53:32
5022,73,3183,63,2025-11-04 15:25:59
5023,15,337,28,2025-11-11 03:43:40
5024,82,4335,62,2025-06-24 19:46:31
5025,57,2900,29,2025-02-03 22:18:00
5026,65,4049,56,2025-05-04 14:18:03
5027,14,2005,73,2025-07-08 23:02:12
5028,64,2831,8,2025-07-30 10:36:46
5029,60,1627,41,2025-04-28 07:09:25
5030,36,4887,63,2025-07-01 12:17:00
5031,6,4939,75,2026-01-20 10:13:54
5032,69,3621,49,2025-12-01 08:23:05
5033,25,1709,69,2025-07-11 02:07:32
5034,89,4932,22,2025-09-04 05:28:17
5035,28,4794,63,2025-02-19 02:00:59
5036,77,3093,41,2025-08-24 09:02:41
5037,85,4750,87,2025-03-12 11:50:41
5038,58,83,72,2025-04-12 15:51:26
5039,95,70,8,2025-01-26 04:41:03
5040,91,1523,1,2025-02-06 06:37:14
5041,22,2430,33,2025-11-05 06:51:43
5042,91,4967,61,2025-04-09 17:50:23
5043,82,4456,0,2025-06-29 11:18:52
5044,36,2922,93,2025-10-05 11:08:59
5045,39,788,9,2025-09-04 12:35:54
5046,91,4029,29,2025-06-10 04:21:31
5047,79,227,39,2025-01-26 16:39:05
5048,25,3975,18,2025-07-24 06:35:02
5049,93,33,56,2025-06-03 22:50:56
5050,4,4984,11,2025-07-08 10:28:47
5051,96,2200,34,2025-11-05 09:54:17
5052,96,1817,69,2025-05-14 09:05:05
5053,30,1257,46,2025-10-29 21:07:01
5054,43,2471,21,2025-06-19 05:10:22
5055,94,3465,69,2025-06-20 18:14:20
5056,58,1991,10,2025-09-15 08:58:56
5057,49,1829,33,2025-01-11 12:30:44
5058,71,1100,52,2025-11-13 00:22:49
5059,75,1719,60,2025-08-08 01:25:39
5060,17,2192,38,2025-02-08 03:02:22
5061,89,2810,48,2025-11-15 15:37:01
5062,71,2638,80,2025-11-21 23:59:17
5063,3,1327,59,2025-05-23 15:21:50
5064,49,4347,28,2025-12-08 15:15:06
5065,8,280,52,2025-08-29 05:49:19
5066,68,3764,37,2025-03-24 13:49:05
5067,83,1883,27,2025-03-23 10:21:52
5068,88,1186,90,2025-05-03 12:23:05
5069,30,4797,21,2025-04-15 12:37:13
5070,81,3780,61,2025-07-20 12:00:32
5071,81,976,24,2026-01-28 01:31:14
5072,49,3131,58,2025-04-18 00:24:45
5073,99,2515,55,2025-09-19 15:10:01
5074,97,279,86,2025-10-11 19:39:24
5075,54,4895,92,2025-04-29 08:14:42
5076,39,4705,4,2025-04-20 13:36:25
5077,64,1778,50,2025-11-29 22:43:24
5078,40,697,86,2025-06-11 13:05:02
5079,79,919,61,2025-05-26 19:41:57
5080,61,2370,10,2025-05-04 09:45:26
5081,43,577,5,2026-01-26 16:52:45
5082,36,3029,92,2025-04-30 12:12:51
5083,83,3468,85,2025-08-09 17:25:57
5084,9,91,72,2025-07-14 01:40:32
5085,42,4150,54,2025-10-10 16:37:55
5086,56,2867,84,2025-02-21 06:03:13
5087,32,2981,74,2025-05-21 06:54:37
5088,25,4006,45,2025-11-24 16:55:21
5089,23,1670,87,2025-08-09 16:15:39
5090,27,4616,31,2025-05-25 04:50:43
5091,67,4392,84,2025-12-05 10:39:21
5092,44,1321,92,2025-04-28 12:34:48
5093,38,2835,48,2025-10-19 22:42:39
5094,77,2157,84,2025-12-08 13:43:09
5095,20,990,26,2025-06-16 15:59:52
5096,63,1850,15,2025-11-08 11:24:03
5097,44,2742,46,2025-10-02 15:12:04
5098,25,1685,13,2025-11-15 09:59:28
5099,33,1889,16,2025-02-07 16:44:06
5100,80,489,83,2025-06-12 23:30:10
5101,13,2321,79,2025-01-08 04:17:21
5102,17,1233,19,2026-01-08 13:37:29
5103,88,1015,99,2026-01-20 03:27:04
5104,4,2285,45,2025-10-06 04:31:14
5105,39,3735,83,2025-03-28 05:43:21
5106,14,491,47,2025-11-25 06:44:41
5107,56,4250,29,2025-01-17 10:46:26
5108,30,659,21,2026-01-25 12:22:15
5109,94,223,79,2025-09-12 21:54:18
5110,30,2394,35,2025-08-11 00:56:12
5111,45,1825,15,2025-06-30 12:29:28
5112,14,4898,80,2025-07-27 00:36:04
5113,30,3534,35,2025-12-26 02:01:03
5114,1,2402,11,2026-01-05 19:56:32
5115,89,69,70,2025-05-23 06:53:31
5116,75,2925,66,2025-05-21 08:27:37
5117,89,1928,97,2025-09-16 06:51:22
5118,1,395,68,2025-01-21 03:44:19
5119,67,1144,30,2025-11-23 09:31:32
5120,91,201,63,2025-02-23 15:46:38
5121,12,579,37,2025-02-16 17:01:27
5122,3,1847,90,2025-07-24 02:37:08
5123,1,2355,53,2025-03-02 06:08:38
5124,26,3481,100,2025-08-17 16:51:34
5125,44,1467,28,2025-05-23 05:09:59
5126,45,2650,10,2025-08-02 01:29:43
5127,94,618,48,2025-11-01 02:57:39
5128,57,730,15,2025-12-14 17:12:42
5129,85,1215,22,2025-06-07 16:23:10
5130,68,18,93,2025-12-07 19:03:32
5131,90,3636,63,2025-01-28 20:43:31
5132,56,2517,66,2025-02-09 02:34:30
5133,70,40,65,2025-10-12 15:05:27
5134,37,4239,28,2025-06-24 16:34:03
5135,84,1601,4,2025-12-16 02:12:03
5136,68,2587,100,2025-11-03 18:41:13
5137,17,2774,86,2025-04-23 13:10:05
5138,52,336,70,2025-09-17 17:36:16
5139,66,3827,82,2025-10-15 16:02:46
5140,84,341,88,2025-06-02 11:04:40
5141,67,4728,27,2025-03-09 12:56:29
5142,92,1280,42,2025-07-25 19:33:00
5143,95,34,75,2025-05-23 13:54:03
5144,32,2517,98,2025-02-12 02:30:47
5145,71,3997,13,2025-02-21 07:30:53
5146,75,2245,61,2025-06-02 21:22:42
5147,99,343,64,2025-03-29 12:16:01
5148,4,1962,13,2025-07-14 00:13:12
5149,11,752,53,2026-01-24 09:20:02
5150,86,4864,91,2025-10-20 14:46:28
5151,2,1811,47,2025-10-07 16:52:42
5152,47,2133,69,2025-02-15 05:18:12
5153,58,4153,78,2025-10-13 20:44:14
5154,17,4838,77,2025-07-29 00:27:16
5155,94,2330,45,2025-11-17 18:27:01
5156,70,1882,29,2025-09-07 19:54:13
5157,62,4579,34,2025-07-22 22:01:49
5158,3,2182,52,2025-05-17 05:47:02
5159,11,4097,21,2025-03-18 18:31:43
5160,100,1060,15,2025-02-06 02:42:14
5161,41,4939,56,2025-07-16 00:02:24
5162,96,39,38,2025-01-23 05:56:10
5163,75,351,76,2025-04-12 17:04:17
5164,71,4249,98,2025-10-14 11:59:43
5165,81,3376,9,2025-01-17 00:33:23
5166,89,3843,94,2026-01-30 14:35:10
5167,16,3350,46,2025-02-27 20:04:34
5168,46,1633,64,2025-04-24 22:55:28
5169,69,92,31,2026-02-04 02:37:47
5170,21,2085,42,2025-06-20 11:17:04
5171,68,1964,0,2025-12-10 16:07:35
5172,8,601,55,2025-01-01 18:21:06
5173,57,3468,65,2025-07-04 18:27:58
5174,26,1119,6,2026-01-20 21:45:46
5175,44,3727,82,2025-02-27 07:27:36
5176,40,1922,86,2025-03-10 09:45:56
5177,52,2612,50,2025-03-07 02:24:46
5178,15,179,92,2025-05-03 20:52:43
5179,72,1963,31,2025-03-25 14:07:41
5180,81,993,56,2025-10-28 12:34:47
5181,35,2217,67,2025-11-04 09:24:17
5182,85,678,27,2026-01-26 10:42:59
5183,3,2135,9,2025-04-26 02:07:26
5184,23,473,13,2025-06-04 05:50:15
5185,63,1180,17,2026-01-31 15:53:55
5186,26,3152,36,2025-08-06 05:14:09
5187,20,4979,94,2025-12-25 18:03:24
5188,34,2774,66,2025-05-23 05:32:10
5189,84,1231,9,2025-11-16 05:26:01
5190,84,3440,98,2025-11-05 19:59:44
5191,81,1751,10,2026-02-01 16:47:37
5192,64,1051,22,2025-01-06 17:52:28
5193,91,4977,75,2025-03-16 17:12:46
5194,55,2357,3,2025-02-07 12:17:50
5195,1,4443,47,2025-11-26 19:51:41
5196,53,4991,68,2025-09-26 11:35:50
5197,19,1853,30,2025-04-19 21:18:49
5198,32,4027,86,2025-02-17 19:49:42
5199,92,4370,61,2025-11-06 02:06:16
5200,34,4658,13,2025-02-04 02:45:26
5201,74,441,8,2025-06-24 17:51:13
5202,89,4730,29,2025-06-28 17:24:11
5203,58,6,95,2025-12-14 23:16:52
5204,86,3271,9,2025-01-25 21:43:43
5205,78,2960,14,2025-04-22 14:13:23
5206,97,3549,24,2025-11-26 00:01:35
5207,63,4698,12,2025-09-04 22:20:49
5208,50,837,2,2025-01-08 00:12:12
5209,34,2384,30,2025-01-25 21:58:52
5210,84,2686,5,2025-05-26 05:25:38
5211,3,2779,34,2025-11-15 21:14:31
5212,52,3996,40,2025-10-05 14:25:15
5213,91,1049,87,2025-12-11 03:09:45
5214,94,2286,41,2025-05-29 07:09:08
5215,58,4724,14,2025-04-02 08:00:22
5216,48,2824,19,2025-04-21 10:22:01
5217,36,1490,98,2025-04-18 01:36:15
5218,2,1700,40,2026-01-25 06:22:23
5219,33,3795,97,2025-08-21 02:15:00
5220,64,214,31,2025-08-26 08:33:05
5221,38,4355,72,2025-11-19 17:47:23
5222,89,3166,18,2025-06-13 06:03:41
5223,58,2130,65,2025-08-17 20:04:00
5224,6,4580,98,2025-12-15 19:33:22
5225,34,746,10,2025-11-19 07:58:25
5226,64,3960,38,2025-06-02 05:33:41
5227,28,386,45,2025-05-26 10:09:07
5228,17,87,73,2025-10-13 05:22:13
5229,81,1592,55,2026-01-06 00:57:48
5230,27,4613,2,2025-01-21 05:23:28
5231,55,4242,68,2025-07-25 03:12:02
5232,62,4064,91,2025-09-16 00:12:11
5233,89,1332,73,2025-08-26 16:24:40
5234,50,2470,12,2025-06-05 07:08:17
5235,55,4439,4,2025-09-16 21:28:17
5236,51,3042,64,2025-07-13 13:43:36
5237,28,4398,43,2025-09-03 08:13:10
5238,92,2785,5,2025-11-24 10:44:17
5239,20,3477,95,2025-01-03 08:57:29
5240,52,2981,66,2025-01-02 18:57:03
5241,98,820,20,2025-01-24 13:38:15
5242,70,616,93,2025-08-10 10:45:57
5243,67,3849,0,2025-04-19 09:24:49
5244,3,3097,57,2025-04-22 06:04:34
5245,57,2509,40,2025-08-30 03:28:42
5246,39,743,8,2025-05-05 05:14:07
5247,68,1034,29,2025-12-03 01:40:34
5248,29,1478,23,2025-11-19 04:37:25
5249,57,2315,98,2025-08-25 04:58:25
5250,48,1342,64,2025-07-30 23:01:27
5251,99,4674,94,2025-06-05 07:09:32
5252,26,4081,94,2025-11-09 11:53:03
5253,26,3764,87,2025-07-29 10:16:07
5254,75,4552,54,2025-09-30 20:53:07
5255,54,4291,29,2025-03-05 18:35:40
5256,82,254,52,2025-10-13 03:10:17
5257,1,4348,61,2025-01-20 10:06:34
5258,99,1960,9,2025-09-29 23:39:00
5259,14,2131,36,2025-08-19 23:53:16
5260,16,3264,93,2025-04-28 08:39:48
5261,7,1106,21,2025-12-03 02:57:23
5262,87,1736,25,2025-11-13 12:32:37
5263,4,1171,26,2025-07-11 12:10:17
5264,45,617,74,2025-02-25 06:59:31
5265,66,4295,88,2025-09-16 21:44:19
5266,56,4205,27,2026-01-09 22:16:48
5267,34,3311,6,2025-04-04 14:10:17
5268,23,2859,85,2025-08-20 04:28:32
5269,64,525,46,2025-11-07 14:21:37
5270,94,1287,29,2025-02-17 00:09:24
5271,62,2563,12,2025-09-25 10:29:26
5272,43,3552,42,2025-03-25 19:19:22
5273,74,3001,25,2025-05-30 11:18:33
5274,73,3421,61,2025-08-12 10:30:34
5275,20,2049,24,2025-10-17 16:58:18
5276,36,4636,30,2025-03-17 21:53:35
5277,93,4817,91,2025-03-31 21:02:43
5278,10,3644,26,2025-02-19 17:17:45
5279,39,4290,87,2025-01-11 01:07:54
5280,46,2706,72,2025-03-17 10:58:56
5281,14,4890,55,2025-07-09 09:11:47
5282,23,4001,55,2025-04-08 01:50:30
5283,92,696,99,2025-08-30 06:29:18
5284,42,4076,30,2025-07-22 14:50:01
5285,25,2992,98,2026-01-09 23:14:29
5286,91,3123,11,2025-10-18 13:25:55
5287,95,4287,66,2026-01-26 02:29:51
5288,54,275,72,2026-01-18 21:30:35
5289,30,2002,42,2026-01-30 23:06:56
5290,89,757,30,2025-03-23 12:11:11
5291,67,3334,41,2025-11-10 11:45:40
5292,45,4803,50,2026-01-17 20:07:01
5293,94,213,73,2026-01-01 16:21:59
5294,43,1864,35,2025-06-11 11:14:47
5295,76,1876,23,2025-06-17 19:49:14
5296,41,852,13,2025-06-19 05:53:48
5297,84,1662,88,2025-07-16 14:11:18
5298,28,520,76,2025-04-15 04:55:46
5299,25,4030,87,2025-04-23 22:58:03
5300,44,2111,57,2025-07-19 04:11:01
5301,47,4890,12,2025-09-04 02:33:43
5302,71,4946,1,2025-11-29 02:18:58
5303,73,4387,28,2025-02-14 16:34:54
5304,17,4789,11,2025-02-05 03:38:20
5305,75,929,23,2025-07-19 18:42:13
5306,91,700,85,2025-05-14 07:08:25
5307,57,3870,53,2025-01-15 23:49:14
5308,17,1810,22,2025-08-10 15:52:53
5309,27,3629,64,2025-11-16 12:11:14
5310,44,3279,65,2025-05-30 01:17:14
5311,94,916,86,2025-07-17 01:15:50
5312,27,2563,44,2025-01-01 17:38:11
5313,72,291,32,2025-08-12 00:02:14
5314,39,4577,33,2026-02-03 19:04:09
5315,98,4129,13,2025-06-19 21:46:21
5316,60,2358,9,2025-04-15 15:26:58
5317,78,3838,83,2025-05-27 22:44:23
5318,53,1133,71,2025-09-02 20:52:20
5319,55,4722,80,2025-01-11 17:12:43
5320,97,4249,35,2025-10-14 08:54:12
5321,69,2822,56,2025-09-05 01:05:09
5322,45,4476,25,2025-12-23 00:14:29
5323,59,646,23,2025-04-03 17:46:49
5324,15,180,43,2025-11-18 23:42:44
5325,46,643,5,2025-10-04 21:33:57
5326,54,4438,30,2025-02-26 15:39:12
5327,14,4705,57,2025-05-17 17:54:34
5328,2,3803,61,2025-07-25 14:46:31
5329,84,2066,39,2025-06-28 10:38:55
5330,19,4485,100,2026-01-12 08:20:45
5331,54,3545,23,2025-11-13 19:02:53
5332,46,1675,5,2025-09-16 18:13:20
5333,99,757,0,2025-07-01 16:22:11
5334,10,3702,15,2025-02-02 18:49:55
5335,4,1724,36,2025-06-20 01:05:07
5336,30,2801,9,2025-08-05 17:26:37
5337,16,1376,65,2025-12-24 09:42:29
5338,20,785,93,2026-02-02 13:04:53
5339,96,1532,100,2025-06-23 15:59:49
5340,76,1048,94,2025-01-02 19:29:10
5341,82,4004,38,2025-04-22 18:10:43
5342,10,3087,2,2025-03-22 15:50:36
5343,30,4444,35,2025-03-05 18:27:12
5344,59,3348,16,2025-12-04 01:09:16
5345,41,2038,42,2025-11-22 13:08:56
5346,66,3237,65,2025-12-06 18:23:14
5347,76,3965,83,2025-09-30 23:10:39
5348,2,858,20,2026-01-04 10:03:19
5349,29,688,51,2025-04-24 03:47:25
5350,87,2825,92,2025-01-11 02:18:29
5351,62,1020,58,2025-06-30 00:30:42
5352,70,2721,21,2025-10-14 00:26:08
5353,97,4787,21,2025-06-27 13:17:17
5354,54,2407,62,2025-09-04 07:22:55
5355,73,2316,9,2025-08-21 07:14:28
5356,66,4294,10,2025-03-01 15:41:49
5357,66,316,14,2025-12-13 04:36:04
5358,42,3536,71,2025-09-02 12:19:55
5359,10,3018,86,2025-03-27 00:35:43
5360,42,697,25,2025-03-27 02:43:12
5361,99,156,65,2025-11-16 12:34:38
5362,23,888,6,2025-11-17 07:59:27
5363,43,526,5,2025-02-07 14:06:28
5364,37,4488,25,2025-10-31 12:43:27
5365,40,4015,100,2025-09-20 20:19:52
5366,63,76,33,2025-11-06 15:04:56
5367,37,837,100,2025-02-13 15:40:16
5368,55,1275,31,2025-12-02 01:47:57
5369,28,2390,45,2025-05-18 00:16:33
5370,14,1629,47,2025-10-27 20:30:51
5371,36,1483,3,2025-11-13 21:20:51
5372,13,1709,21,2025-10-08 12:38:55
5373,11,459,7,2025-12-27 03:37:55
5374,29,311,73,2025-06-14 20:19:18
5375,96,37,70,2025-03-06 16:52:56
5376,39,3223,9,2026-01-01 07:09:04
5377,6,1515,33,2025-12-04 09:46:55
5378,48,2815,49,2025-04-10 05:45:49
5379,21,3148,57,2025-05-29 09:27:32
5380,60,4120,73,2025-04-13 22:21:36
5381,22,1525,28,2025-03-20 03:22:00
5382,10,3311,51,2026-01-16 23:46:14
5383,56,352,14,2025-02-22 08:21:53
5384,54,3422,70,2026-01-06 14:33:20
5385,68,3473,26,2025-06-15 04:58:04
5386,5,4316,17,2025-07-09 16:23:50
5387,35,4183,0,2025-08-09 06:38:36
5388,10,2722,49,2025-11-03 21:32:07
5389,72,2001,91,2025-12-02 19:30:58
5390,88,4388,44,2025-10-15 16:59:00
5391,11,1182,93,2025-08-26 10:35:07
5392,43,4830,95,2025-04-12 08:35:18
5393,51,862,0,2025-03-27 01:11:59
5394,92,2838,69,2025-04-03 12:55:16
5395,62,1476,12,2025-07-17 02:42:18
5396,38,2415,58,2025-12-03 06:16:36
5397,2,1894,77,2025-04-14 10:22:38
5398,94,2397,6,2025-05-11 21:21:15
5399,78,1699,96,2025-06-29 03:44:54
5400,72,2427,37,2025-08-17 16:09:07
5401,19,940,75,2025-07-23 15:20:27
5402,79,2221,64,2025-06-13 10:51:52
5403,91,3707,65,2025-09-03 13:26:53
5404,32,2540,5,2025-11-18 23:00:26
5405,78,273,38,2026-01-14 08:59:37
5406,30,4732,60,2025-02-22 18:18:14
5407,18,3068,62,2025-09-03 20:41:18
5408,78,2211,11,2025-11-22 04:15:50
5409,59,1544,67,2025-06-23 05:45:03
5410,35,380,91,2025-02-22 22:54:42
5411,81,1712,71,2025-01-28 03:10:10
5412,20,3986,76,2025-08-09 18:17:58
5413,52,19,85,2025-05-23 12:20:17
5414,76,396,52,2025-03-29 04:32:16
5415,68,417,52,2025-07-25 21:35:23
5416,78,1444,76,2025-04-13 22:35:31
5417,11,1349,100,2025-09-13 16:50:08
5418,59,3970,35,2026-02-03 23:21:06
5419,92,4171,47,2025-05-29 19:38:45
5420,72,2911,82,2025-09-26 15:45:24
5421,1,1430,65,2025-07-22 08:28:47
5422,23,3953,9,2025-03-07 07:51:44
5423,28,1419,39,2025-03-01 02:55:55
5424,33,955,24,2025-02-20 13:32:31
5425,33,3638,37,2025-06-26 15:27:59
5426,5,4889,10,2025-10-22 20:02:26
5427,16,1182,42,2026-01-24 12:50:57
5428,10,4927,11,2025-09-12 19:16:11
5429,63,3640,4,2025-04-22 12:47:35
5430,81,1220,71,2025-01-05 21:01:22
5431,47,908,55,2025-04-21 19:41:57
5432,8,4289,39,2025-08-22 08:55:18
5433,90,4347,56,2026-01-30 00:23:38
5434,68,3488,92,2025-04-26 19:55:18
5435,73,2919,30,2025-04-30 22:37:22
5436,35,2965,36,2025-09-20 16:00:14
5437,60,127,86,2025-12-15 08:00:07
5438,91,2751,63,2025-01-23 19:22:59
5439,19,1671,53,2025-10-10 21:28:54
5440,13,1693,62,2025-06-29 10:08:55
5441,77,3201,27,2025-03-27 11:51:07
5442,29,4766,5,2025-09-19 17:03:41
5443,48,3112,63,2025-03-07 22:37:47
5444,35,4038,44,2025-11-10 19:12:11
5445,26,1314,57,2025-08-31 14:25:02
5446,20,1897,44,2025-11-11 04:48:14
5447,24,4897,95,2025-10-21 00:11:55
5448,50,3761,70,2025-08-01 04:59:03
5449,79,1518,17,2025-04-10 10:23:04
5450,71,836,100,2025-05-23 21:46:41
5451,9,4274,28,2025-10-25 21:07:54
5452,69,213,6,2025-06-04 17:41:36
5453,99,2792,47,2025-07-26 10:27:01
5454,18,4602,84,2025-06-06 06:24:37
5455,97,4414,7,2025-07-07 13:28:12
5456,56,4184,9,2025-05-26 17:50:44
5457,91,4973,24,2026-02-01 01:23:08
5458,48,3714,63,2025-09-09 08:19:17
5459,26,3874,73,2025-12-12 13:14:11
5460,35,1399,25,2025-05-30 06:39:38
5461,31,1299,39,2025-05-03 03:22:15
5462,86,4157,31,2025-11-13 21:32:25
5463,8,3684,34,2025-10-16 15:26:54
5464,14,4919,86,2025-11-29 23:31:36
5465,34,4731,53,2025-03-22 08:53:52
5466,79,4720,42,2025-09-07 07:50:21
5467,67,2740,52,2025-12-01 00:41:24
5468,26,3524,36,2025-08-25 02:21:21
5469,83,1462,8,2025-04-15 15:49:33
5470,34,1963,49,2025-04-22 05:27:17
5471,98,4196,22,2025-12-10 09:48:16
5472,100,3070,6,2025-08-27 15:56:54
5473,18,4179,23,2026-01-09 00:53:37
5474,26,1563,69,2025-02-08 20:24:09
5475,4,1231,6,2025-08-10 09:07:35
5476,33,4769,27,2025-04-25 10:12:04
5477,96,1945,100,2025-04-03 05:11:52
5478,37,4472,66,2025-12-31 19:00:32
5479,92,3934,91,2025-06-13 10:07:07
5480,54,4732,66,2025-03-29 17:32:32
5481,45,4494,65,2025-01-16 06:43:00
5482,1,77,36,2025-06-24 06:42:03
5483,62,1583,4,2025-05-14 12:23:47
5484,48,236,12,2025-11-18 16:49:22
5485,59,3888,22,2025-04-11 11:13:42
5486,72,1230,97,2025-04-26 07:30:33
5487,60,3469,87,2025-10-10 09:59:04
5488,74,1290,33,2025-01-07 07:38:47
5489,95,995,77,2025-02-28 16:34:31
5490,40,1829,12,2025-05-03 21:06:56
5491,74,4961,37,2025-05-14 12:10:49
5492,60,749,61,2025-08-04 22:37:41
5493,83,2896,48,2025-09-23 23:35:57
5494,97,1798,12,2025-05-21 06:17:16
5495,100,304,22,2025-08-21 23:25:09
5496,67,2086,49,2025-03-26 22:52:28
5497,29,4787,92,2025-08-06 12:39:42
5498,16,899,36,2026-01-07 14:25:58
5499,17,135,35,2025-03-28 13:32:02
5500,1,3023,60,2025-04-09 12:46:26
5501,37,32,10,2025-08-15 19:19:01
5502,97,1413,11,2025-01-15 12:05:45
5503,94,2,12,2025-02-21 11:23:16
5504,37,2301,79,2025-04-28 18:25:34
5505,55,717,33,2025-02-13 15:08:33
5506,92,850,69,2025-06-20 08:34:41
5507,100,4770,68,2025-11-17 11:05:13
5508,43,417,46,2025-07-08 00:36:03
5509,76,1711,49,2025-08-11 11:48:17
5510,96,3478,40,2025-10-09 21:42:48
5511,26,1389,90,2026-01-10 21:12:33
5512,86,259,8,2025-05-07 09:50:30
5513,41,4571,40,2025-12-24 21:33:02
5514,92,4884,32,2026-01-20 05:12:09
5515,56,3312,55,2025-08-08 14:58:39
5516,2,580,38,2026-01-27 13:17:11
5517,21,1716,66,2025-07-02 23:09:24
5518,1,591,7,2025-04-12 20:41:37
5519,53,1273,85,2025-12-17 22:05:11
5520,60,3072,28,2026-01-02 08:22:45
5521,91,3259,30,2025-06-24 16:04:06
5522,62,3596,8,2026-01-18 06:58:09
5523,17,2066,46,2025-11-24 03:49:37
5524,51,4947,79,2025-03-22 10:18:21
5525,7,185,72,2025-10-06 17:59:01
5526,70,3209,77,2025-07-04 21:03:22
5527,16,4847,35,2025-01-06 22:56:27
5528,68,1379,4,2025-10-26 02:10:06
5529,66,3660,18,2025-07-31 11:37:14
5530,28,3563,39,2025-02-07 22:37:01
5531,61,1636,10,2025-02-01 03:12:46
5532,79,4638,61,2025-12-06 01:41:05
5533,9,272,77,2025-05-23 16:21:21
5534,94,3692,18,2025-02-16 23:50:14
5535,11,1702,17,2026-01-28 10:59:50
5536,21,1022,24,2025-05-27 06:47:32
5537,66,926,63,2025-05-29 22:15:42
5538,57,3475,1,2025-01-06 20:36:56
5539,8,144,73,2025-09-27 03:26:12
5540,35,2951,7,2025-11-16 00:15:53
5541,71,97,72,2025-05-10 21:45:33
5542,94,4842,88,2025-09-23 12:43:45
5543,73,1089,61,2025-04-16 18:19:01
5544,62,926,15,2025-11-11 05:10:56
5545,74,1480,78,2025-04-04 03:20:19
5546,20,2863,79,2025-10-26 19:10:26
5547,80,1639,95,2026-01-16 13:01:35
5548,97,2372,25,2025-08-14 11:35:45
5549,88,1842,19,2025-03-06 09:10:00
5550,71,3318,36,2025-02-19 09:06:49
5551,11,2986,43,2025-07-22 07:10:26
5552,52,4169,51,2025-09-23 06:57:52
5553,39,600,21,2025-08-28 17:46:14
5554,83,4722,74,2025-04-07 08:47:22
5555,84,3654,30,2025-05-16 13:39:51
5556,42,569,33,2025-09-25 13:25:23
5557,82,733,51,2025-01-15 07:50:40
5558,65,2831,44,2025-11-13 14:14:31
5559,79,1592,47,2025-07-31 18:16:07
5560,40,4759,14,2025-04-06 06:53:51
5561,22,769,40,2025-09-11 22:57:24
5562,79,583,92,2025-03-01 11:10:49
5563,86,2682,87,2025-07-04 21:04:10
5564,9,1899,94,2025-09-02 13:47:44
5565,97,4934,63,2025-11-23 02:45:01
5566,19,4688,96,2025-11-08 16:12:20
5567,64,4100,10,2025-05-27 21:19:27
5568,48,3818,76,2025-10-26 15:44:01
5569,59,1061,49,2025-08-05 12:01:36
5570,73,4322,8,2026-01-21 13:08:13
5571,84,3617,22,2025-12-03 22:44:27
5572,2,3960,75,2025-04-19 20:49:51
5573,32,3826,16,2025-05-15 18:45:18
5574,58,2577,77,2025-03-12 07:13:24
5575,56,1511,29,2026-01-28 03:32:24
5576,6,2137,43,2025-07-28 18:59:00
5577,53,4190,69,2025-06-18 17:32:30
5578,2,2614,93,2025-12-27 18:19:40
5579,33,1053,16,2025-04-09 01:13:50
5580,16,3748,87,2025-03-19 03:05:13
5581,55,10,49,2025-05-14 14:38:23
5582,21,4704,6,2025-11-29 21:43:10
5583,90,429,96,2025-10-04 12:30:31
5584,33,3122,63,2025-06-11 00:23:26
5585,97,270,72,2025-06-04 18:21:26
5586,74,1197,6,2025-05-14 06:36:34
5587,64,3287,28,2026-01-08 13:45:59
5588,37,1090,1,2026-01-05 19:13:00
5589,74,30,71,2025-12-07 14:15:25
5590,82,4093,23,2025-03-06 13:45:09
5591,11,4377,71,2025-11-21 19:58:37
5592,37,3151,43,2025-04-12 06:40:24
5593,44,4061,67,2025-10-03 01:01:08
5594,94,3849,63,2025-06-20 09:05:07
5595,23,2936,86,2025-11-07 15:00:25
5596,92,2494,51,2025-10-02 10:54:44
5597,59,3929,86,2025-08-30 05:31:44
5598,28,1790,74,2025-09-09 02:06:49
5599,73,3440,68,2025-11-08 06:55:29
5600,56,3136,4,2025-07-18 20:03:02
5601,60,3200,72,2026-01-30 21:50:57
5602,46,92,60,2025-12-15 06:53:35
5603,64,2609,57,2025-04-29 13:51:57
5604,35,2351,63,2025-06-23 18:23:47
5605,87,4748,0,2025-03-23 08:20:10
5606,44,3631,38,2026-01-27 23:24:11
5607,60,2253,60,2025-02-05 22:03:00
5608,31,546,40,2026-01-26 07:30:52
5609,35,600,80,2025-07-22 21:58:28
5610,100,1409,47,2025-10-24 16:58:48
5611,32,3343,84,2026-01-21 00:51:46
5612,36,1529,31,2025-08-29 20:50:33
5613,28,591,83,2025-06-14 00:43:33
5614,93,3908,86,2025-09-05 03:25:32
5615,2,4480,66,2025-11-29 01:15:45
5616,77,394,19,2025-08-12 02:53:42
5617,40,2444,67,2025-07-01 14:05:17
5618,45,4066,96,2025-10-22 05:03:21
5619,48,1047,62,2025-02-10 05:36:13
5620,94,2586,59,2025-04-12 08:28:14
5621,36,338,94,2025-10-23 16:58:43
5622,83,434,13,2025-09-23 03:04:29
5623,97,2471,88,2025-12-25 23:11:27
5624,32,2389,8,2025-08-05 05:29:08
5625,14,4127,36,2025-09-14 10:41:01
5626,87,2517,99,2025-12-04 02:11:27
5627,14,354,97,2025-09-17 17:54:50
5628,27,4316,14,2025-05-12 05:13:08
5629,75,705,59,2025-07-07 00:28:01
5630,20,2738,89,2026-01-19 20:52:41
5631,40,4434,71,2025-08-17 16:59:20
5632,100,3283,46,2025-12-23 18:49:54
5633,68,3088,81,2025-08-26 11:04:21
5634,40,2747,27,2025-10-11 16:24:16
5635,15,3524,78,2025-12-18 19:38:54
5636,41,3194,60,2025-10-03 06:02:53
5637,19,810,27,2025-12-26 14:53:46
5638,55,4154,73,2025-09-08 23:14:29
5639,30,1449,14,2025-12-19 14:16:35
5640,81,3728,1,2025-02-11 04:48:12
5641,64,1126,87,2025-12-17 05:46:30
5642,60,1690,99,2025-07-20 04:05:50
5643,78,3100,5,2025-10-24 09:14:51
5644,95,1680,26,2025-08-31 21:24:31
5645,14,108,73,2025-01-25 02:49:53
5646,69,1532,66,2025-07-29 00:36:39
5647,3,644,67,2025-06-01 21:22:47
5648,70,495,89,2025-11-15 14:08:51
5649,25,4492,43,2025-06-07 02:18:17
5650,21,4692,3,2025-09-08 04:50:53
5651,5,632,34,2025-05-30 22:46:48
5652,77,1723,27,2025-01-15 00:48:05
5653,42,3071,46,2025-07-22 02:46:20
5654,83,3125,28,2025-11-14 13:48:28
5655,9,1862,24,2025-01-27 04:45:47
5656,35,1931,53,2025-04-18 15:48:15
5657,100,1245,85,2025-09-16 05:35:44
5658,12,2264,82,2025-07-17 04:00:50
5659,90,4220,84,2025-10-15 04:01:36
5660,57,4081,61,2025-02-25 23:55:55
5661,27,94,66,2025-03-07 08:43:48
5662,39,209,82,2025-03-09 07:10:52
5663,74,2810,47,2025-02-11 12:05:54
5664,5,3745,32,2025-09-28 19:45:52
5665,99,2975,73,2025-04-22 20:59:22
5666,12,2167,83,2026-01-18 04:38:36
5667,31,3582,10,2025-02-02 10:30:17
5668,57,3481,16,2025-02-10 02:12:00
5669,63,4088,13,2025-01-14 19:29:45
5670,78,2948,53,2025-10-17 13:10:28
5671,79,2391,69,2026-01-29 19:41:09
5672,72,883,6,2025-08-13 00:19:23
5673,100,1619,95,2025-06-08 23:21:48
5674,91,756,28,2025-07-31 08:08:26
5675,30,2571,84,2025-06-21 15:39:12
5676,69,1487,33,2025-09-20 23:32:17
5677,44,417,9,2025-03-12 00:32:53
5678,88,2266,64,2025-05-23 01:38:14
5679,51,3228,71,2026-01-30 05:56:30
5680,13,2271,85,2025-02-16 19:10:56
5681,81,2201,100,2025-01-23 06:58:40
5682,47,2096,31,2025-11-09 18:52:15
5683,52,283,63,2025-11-10 12:18:52
5684,38,1051,7,2025-10-30 17:40:30
5685,20,2984,42,2025-07-05 08:15:16
5686,18,4822,56,2025-04-03 19:45:50
5687,57,1428,25,2025-08-17 22:56:37
5688,78,2412,37,2025-09-14 14:36:03
5689,14,3115,84,2025-04-19 23:02:00
5690,24,4012,32,2025-03-10 23:05:38
5691,15,4279,97,2025-01-21 15:35:48
5692,75,4206,25,2025-04-10 07:08:33
5693,1,40,60,2025-11-30 09:16:14
5694,44,2657,58,2025-11-24 18:36:44
5695,60,1658,40,2025-12-27 00:44:55
5696,76,1412,78,2025-06-03 13:14:41
5697,3,2565,96,2025-08-24 14:10:14
5698,28,4013,80,2025-05-03 08:12:48
5699,90,2854,63,2025-11-12 07:36:51
5700,35,1230,52,2025-10-11 20:10:58
5701,60,3328,64,2025-11-20 00:46:46
5702,62,3861,70,2025-12-16 08:27:24
5703,55,147,17,2025-08-08 03:31:16
5704,28,2916,59,2026-01-05 16:18:52
5705,28,4908,12,2025-08-22 14:41:38
5706,45,391,90,2025-12-23 01:53:37
5707,80,2673,83,2025-04-03 06:51:28
5708,88,2579,64,2026-01-04 15:38:48
5709,97,1624,11,2025-12-18 00:41:54
5710,39,183,92,2025-12-25 13:01:31
5711,29,4926,55,2025-03-19 16:58:41
5712,91,4480,99,2025-01-01 01:57:54
5713,54,4810,55,2025-12-18 03:14:41
5714,18,1552,87,2025-08-12 16:17:48
5715,34,4372,80,2025-10-22 11:04:46
5716,20,468,6,2025-02-07 20:50:05
5717,2,3970,15,2025-05-11 04:29:22
5718,78,3432,49,2025-01-03 00:05:54
5719,39,2540,30,2025-04-21 17:40:33
5720,71,63,10,2025-12-31 02:16:16
5721,34,2955,34,2025-05-18 16:16:48
5722,79,263,21,2025-12-05 08:25:06
5723,49,3946,86,2025-03-18 19:32:25
5724,13,3184,42,2025-04-09 13:26:25
5725,77,1228,94,2026-01-08 03:49:52
5726,30,2076,95,2025-04-02 16:29:36
5727,48,4736,36,2025-12-23 03:45:34
5728,87,2060,98,2026-01-27 02:51:41
5729,57,1314,49,2026-01-19 18:01:53
5730,47,2815,88,2025-04-28 11:33:13
5731,80,2618,21,2025-11-23 16:42:26
5732,49,4369,46,2025-11-01 18:04:55
5733,31,1061,91,2025-06-05 03:36:38
5734,83,3078,84,2026-01-26 13:04:19
5735,62,4004,13,2025-10-03 17:57:58
5736,32,774,31,2025-05-17 17:39:02
5737,38,975,65,2025-07-28 14:10:36
5738,5,878,58,2025-09-13 14:34:39
5739,63,55,85,2025-03-31 18:42:34
5740,37,2185,87,2025-03-17 04:37:36
5741,81,2062,79,2025-10-16 15:47:45
5742,22,4834,38,2025-06-24 03:44:17
5743,63,2229,21,2025-10-14 19:04:15
5744,83,2414,96,2025-10-19 06:54:36
5745,35,2071,13,2025-05-29 06:47:02
5746,20,4278,71,2025-10-01 10:20:11
5747,48,431,10,2025-12-28 12:00:03
5748,90,4386,56,2025-04-19 08:20:01
5749,7,4750,13,2025-03-30 19:22:55
5750,25,3033,69,2025-03-02 17:10:46
5751,6,464,10,2025-12-28 08:20:53
5752,89,1064,23,2025-11-22 07:36:10
5753,63,1570,92,2025-11-13 05:08:05
5754,9,2424,31,2025-02-25 16:00:10
5755,45,906,67,2025-03-31 06:05:38
5756,47,1000,42,2025-07-01 03:09:09
5757,98,3064,29,2025-09-25 13:05:48
5758,19,1665,26,2025-11-23 23:00:12
5759,90,4953,37,2025-12-04 23:24:44
5760,91,1949,66,2025-12-13 07:34:20
5761,23,4706,95,2025-02-28 22:54:51
5762,85,2740,83,2025-11-28 10:43:51
5763,43,545,100,2025-10-08 06:39:07
5764,47,816,85,2025-05-26 22:17:20
5765,99,420,17,2025-09-28 21:34:28
5766,13,4255,78,2026-01-19 18:28:19
5767,26,756,19,2025-06-09 03:40:26
5768,86,3544,3,2025-11-08 21:04:46
5769,55,1391,61,2025-04-17 12:06:22
5770,89,2574,47,2025-09-11 19:35:26
5771,53,2397,38,2025-07-29 06:06:22
5772,35,2861,96,2025-10-13 04:32:56
5773,38,1399,90,2025-01-04 19:48:32
5774,50,2398,8,2025-06-23 22:23:08
5775,43,1437,14,2025-09-23 01:58:32
5776,58,4023,40,2025-09-20 01:52:47
5777,50,3603,92,2025-11-15 22:26:04
5778,67,4486,19,2025-06-12 00:04:30
5779,48,1518,68,2025-06-07 11:10:06
5780,60,4023,42,2025-10-10 23:10:01
5781,73,1854,23,2025-05-08 12:54:04
5782,38,3755,3,2025-05-25 13:53:03
5783,22,4454,55,2025-09-30 18:09:10
5784,82,2816,54,2025-04-30 16:38:15
5785,20,3003,99,2025-05-24 01:47:50
5786,93,4238,23,2025-03-27 07:22:08
5787,69,96,52,2025-08-06 19:27:57
5788,82,3030,89,2026-01-16 17:40:04
5789,9,1507,32,2025-04-12 16:21:25
5790,7,4694,32,2025-02-15 16:23:54
5791,30,3020,12,2026-01-11 16:02:28
5792,6,3939,50,2025-04-03 07:40:17
5793,93,4759,14,2025-04-05 19:14:51
5794,42,3353,0,2025-12-23 21:31:29
5795,40,3542,40,2025-11-15 01:20:21
5796,86,1080,28,2025-06-22 04:55:51
5797,44,2264,17,2025-04-01 01:08:57
5798,51,4798,29,2025-11-18 07:15:14
5799,28,1670,26,2025-11-18 20:26:00
5800,28,3475,72,2025-04-03 04:29:41
5801,9,2483,20,2025-06-03 10:05:57
5802,14,4547,12,2025-05-19 21:13:50
5803,80,2317,10,2025-09-11 02:39:44
5804,54,2710,100,2025-01-03 08:50:12
5805,11,2592,15,2025-11-07 03:46:23
5806,59,840,74,2025-03-12 05:57:26
5807,13,3731,13,2025-04-01 09:56:44
5808,6,2652,91,2025-05-07 05:34:12
5809,25,1450,80,2025-03-16 20:13:27
5810,61,1767,66,2025-11-18 10:47:41
5811,75,2114,20,2026-01-20 09:36:12
5812,17,3054,31,2025-06-21 22:13:20
5813,27,3112,63,2025-05-13 07:39:04
5814,79,1398,99,2025-03-21 03:27:51
5815,12,4482,78,2025-06-25 14:58:40
5816,37,3023,26,2025-08-12 19:21:10
5817,51,4674,58,2025-03-24 02:23:02
5818,56,466,75,2026-01-23 12:21:00
5819,3,1841,41,2025-05-13 14:19:34
5820,28,3549,2,2025-01-17 06:33:21
5821,64,3002,41,2025-03-02 09:05:10
5822,39,189,93,2025-02-09 02:30:56
5823,89,1465,99,2025-09-13 06:28:31
5824,22,3408,2,2025-05-18 20:03:20
5825,76,2571,81,2025-08-16 15:01:19
5826,12,4890,4,2025-02-22 20:45:29
5827,38,964,60,2025-08-11 20:29:44
5828,97,288,12,2025-04-13 17:24:18
5829,26,2127,50,2025-09-15 20:31:06
5830,24,2763,68,2025-04-04 04:48:52
5831,8,3390,11,2025-12-31 05:30:05
5832,22,2602,41,2026-01-20 14:59:45
5833,43,3618,38,2025-05-18 04:25:45
5834,81,1849,68,2025-06-07 03:03:43
5835,51,945,77,2025-07-07 11:45:34
5836,46,1029,88,2025-01-23 01:05:42
5837,93,1154,61,2025-03-17 00:33:53
5838,20,1143,54,2025-08-28 16:59:29
5839,57,2677,97,2025-10-22 21:27:03
5840,44,1917,6,2025-11-16 09:57:05
5841,97,3810,27,2025-01-06 13:02:19
5842,9,55,67,2025-09-13 18:46:56
5843,80,500,77,2025-01-14 17:01:39
5844,62,2855,33,2025-07-21 14:26:21
5845,48,4790,13,2025-01-13 23:38:13
5846,20,3802,14,2026-01-03 16:15:32
5847,50,2901,74,2025-03-29 03:52:37
5848,89,4475,50,2025-11-15 01:34:57
5849,18,3338,4,2025-11-18 17:30:10
5850,100,4826,74,2025-11-30 18:12:32
5851,55,360,21,2025-11-07 05:20:28
5852,29,2433,3,2025-11-12 16:35:26
5853,5,4378,86,2025-03-17 07:56:21
5854,53,728,88,2025-07-03 09:33:18
5855,13,1539,20,2025-03-12 15:28:27
5856,98,300,41,2025-09-01 20:45:43
5857,53,4524,11,2025-10-21 12:43:29
5858,42,3490,45,2025-10-24 23:05:52
5859,67,2750,97,2025-10-21 22:59:16
5860,23,4803,21,2025-05-08 19:04:18
5861,37,4574,0,2025-08-23 11:48:48
5862,5,1590,92,2025-05-03 13:30:13
5863,45,2951,23,2025-10-17 16:25:16
5864,79,683,95,2025-05-10 10:34:27
5865,23,285,57,2025-06-04 07:05:27
5866,24,2075,91,2025-05-11 10:13:57
5867,66,1576,24,2025-11-09 02:55:48
5868,47,3810,38,2025-12-19 02:26:54
5869,86,2602,94,2025-10-03 10:10:32
5870,96,3914,94,2025-04-14 03:31:27
5871,9,2480,89,2025-05-30 22:46:47
5872,32,2450,67,2025-07-26 12:34:49
5873,10,1917,28,2025-06-21 09:21:11
5874,98,540,69,2025-10-27 04:40:42
5875,57,3711,59,2025-11-02 15:32:38
5876,58,3190,7,2025-04-25 13:40:35
5877,43,4574,51,2025-05-02 15:59:21
5878,64,2965,15,2025-08-06 14:38:36
5879,23,2386,1,2025-12-29 19:32:30
5880,73,4592,2,2025-03-27 05:47:45
5881,91,4352,90,2025-05-30 18:51:46
5882,42,496,97,2025-12-18 13:05:49
5883,9,2142,74,2025-03-25 20:18:06
5884,67,83,8,2025-05-23 14:09:39
5885,58,78,24,2025-05-19 21:17:35
5886,56,1353,52,2025-03-11 15:24:16
5887,30,4701,21,2025-03-13 10:48:05
5888,6,749,8,2025-06-10 07:47:44
5889,66,117,96,2025-11-19 12:19:23
5890,64,1437,13,2025-12-08 10:03:07
5891,65,669,91,2025-05-23 19:48:31
5892,6,4501,25,2025-01-03 01:41:24
5893,33,3055,3,2026-01-18 20:27:06
5894,55,3635,80,2025-10-18 17:47:57
5895,23,3008,89,2025-03-07 13:45:30
5896,21,180,66,2025-10-31 22:16:18
5897,53,3184,12,2025-10-23 00:33:49
5898,78,1346,17,2026-02-03 21:26:17
5899,82,1343,44,2025-03-03 17:27:43
5900,63,2166,4,2025-11-12 03:48:28
5901,57,4235,47,2025-02-15 17:54:38
5902,22,2496,42,2025-04-20 08:57:45
5903,32,4695,4,2025-10-31 01:58:04
5904,48,204,91,2025-10-11 07:27:20
5905,57,74,62,2025-12-21 02:27:59
5906,31,2092,36,2025-12-15 11:15:03
5907,13,1902,71,2025-06-16 06:23:57
5908,22,3664,0,2025-10-19 03:12:25
5909,4,1185,76,2025-12-15 04:19:54
5910,34,3635,7,2025-02-19 05:27:54
5911,60,2708,33,2025-01-26 06:48:09
5912,72,4265,86,2025-10-25 09:13:33
5913,93,4808,34,2025-11-29 06:12:23
5914,33,302,23,2025-10-21 14:39:02
5915,59,1848,88,2026-02-03 10:58:58
5916,51,648,44,2025-01-16 01:17:02
5917,85,4234,12,2025-10-07 15:11:11
5918,44,671,57,2025-09-01 21:44:16
5919,17,3928,36,2025-08-12 11:20:27
5920,31,1911,66,2025-11-09 10:59:10
5921,61,351,1,2025-12-04 07:01:31
5922,38,4806,12,2025-11-01 13:33:03
5923,80,28,1,2025-07-17 14:52:35
5924,34,721,10,2025-05-21 08:35:43
5925,28,2677,63,2026-01-23 00:03:06
5926,95,3083,20,2025-07-12 03:29:52
5927,81,465,98,2025-12-16 23:56:26
5928,96,226,26,2025-05-08 03:21:00
5929,95,2619,20,2025-03-22 19:11:38
5930,38,3836,53,2025-02-06 22:15:01
5931,84,315,84,2026-01-21 20:48:26
5932,74,221,58,2025-12-27 15:33:09
5933,55,4609,52,2025-03-30 21:34:27
5934,55,812,5,2025-09-16 01:56:49
5935,69,4215,40,2025-01-31 04:36:21
5936,14,1982,71,2025-03-31 19:56:47
5937,64,34,47,2025-05-18 15:13:06
5938,30,4173,91,2025-06-03 17:05:24
5939,73,1550,45,2025-03-25 13:44:01
5940,87,3399,85,2025-05-28 19:22:44
5941,88,1674,28,2025-09-17 23:32:30
5942,3,3339,57,2025-01-26 17:21:01
5943,93,1429,78,2025-01-21 05:11:41
5944,94,4417,40,2025-01-04 19:44:57
5945,2,4987,94,2025-01-31 15:57:46
5946,55,629,13,2026-01-12 07:58:27
5947,32,2856,94,2025-04-18 01:56:13
5948,4,1113,56,2025-02-28 06:52:27
5949,71,3148,21,2025-11-06 22:53:26
5950,25,1689,7,2025-10-07 15:05:06
5951,5,3061,16,2025-10-18 23:36:53
5952,17,843,17,2025-11-01 20:57:11
5953,70,3039,20,2025-09-02 17:52:06
5954,84,1534,72,2025-05-04 15:55:36
5955,53,3000,12,2026-01-22 06:27:53
5956,44,747,50,2025-06-07 06:03:41
5957,68,1162,31,2025-03-18 18:10:52
5958,45,4975,56,2025-02-04 12:24:44
5959,58,3139,72,2025-09-25 20:02:28
5960,61,1787,15,2025-09-09 10:39:22
5961,71,2085,48,2025-04-11 02:43:10
5962,83,569,2,2025-08-06 03:27:30
5963,44,2416,18,2026-02-03 18:16:19
5964,8,3131,39,2025-05-30 09:44:20
5965,95,1539,31,2025-03-26 03:33:12
5966,98,1468,16,2025-04-01 16:47:18
5967,39,4501,34,2026-01-02 17:34:04
5968,65,4449,98,2025-12-03 12:57:00
5969,27,1139,30,2025-03-18 06:11:14
5970,60,2299,88,2025-03-26 09:40:47
5971,85,3839,99,2025-02-16 05:57:06
5972,5,822,67,2025-10-17 03:21:00
5973,69,1850,44,2025-09-17 03:53:12
5974,22,2025,52,2025-06-16 15:56:30
5975,13,1501,93,2025-06-09 20:58:21
5976,71,2230,100,2025-11-24 22:26:30
5977,5,3434,38,2025-07-07 02:31:33
5978,60,4070,86,2025-11-13 05:20:46
5979,67,1276,75,2025-06-23 21:34:25
5980,2,1914,72,2025-05-18 08:02:44
5981,27,1821,100,2025-08-04 11:06:40
5982,87,3447,83,2025-09-06 01:18:12
5983,76,1641,49,2025-04-09 11:23:18
5984,13,2154,86,2025-06-17 17:31:35
5985,36,639,79,2025-06-28 17:09:13
5986,47,167,45,2025-01-30 15:19:18
5987,7,1247,15,2025-03-08 17:00:48
5988,83,3810,62,2025-08-08 20:39:20
5989,75,176,21,2025-09-05 14:44:27
5990,70,2597,26,2025-07-15 13:13:56
5991,19,180,27,2025-10-29 18:05:10
5992,71,244,55,2025-03-22 10:13:18
5993,78,1613,89,2025-04-16 20:50:49
5994,90,2396,16,2026-02-01 07:27:18
5995,39,597,9,2025-01-11 21:44:31
5996,55,3757,100,2025-08-28 09:34:31
5997,66,3974,52,2025-10-27 03:58:36
5998,10,1922,45,2025-11-19 16:09:09
5999,39,1650,29,2025-03-12 17:55:35
6000,27,4819,41,2026-01-24 21:56:46
6001,63,2564,54,2025-05-01 02:14:30
6002,90,423,52,2025-10-01 00:03:17
6003,45,1412,76,2025-10-11 12:12:18
6004,79,61,14,2025-12-24 07:19:47
6005,55,3175,57,2025-06-23 21:03:03
6006,15,337,34,2025-04-27 22:05:54
6007,20,257,20,2025-10-15 09:21:50
6008,20,960,25,2025-11-12 12:17:26
6009,35,3190,42,2025-04-02 12:34:27
6010,87,484,27,2025-11-21 19:07:45
6011,15,755,77,2025-04-01 23:31:20
6012,55,4355,99,2025-07-11 10:05:46
6013,65,1280,13,2025-03-26 00:37:57
6014,17,226,37,2025-02-03 18:38:00
6015,41,1787,88,2025-10-13 21:39:21
6016,13,1958,41,2025-11-03 02:40:18
6017,60,2053,4,2025-07-17 02:51:31
6018,20,1332,57,2025-12-09 07:08:32
6019,32,1479,86,2025-07-28 09:37:23
6020,72,3945,99,2025-08-08 09:57:33
6021,36,3247,5,2025-06-12 19:11:46
6022,18,532,3,2025-07-16 14:23:01
6023,99,3957,75,2026-02-01 14:38:46
6024,96,4787,23,2025-04-17 20:29:05
6025,69,3110,19,2025-10-02 13:23:54
6026,10,4367,83,2025-09-08 19:33:41
6027,79,2546,69,2025-12-30 23:39:56
6028,82,1085,21,2026-01-13 08:54:16
6029,6,3101,35,2026-01-21 17:31:25
6030,91,104,45,2025-12-08 15:13:27
6031,24,134,52,2025-10-22 10:25:40
6032,14,1737,66,2025-11-13 07:57:00
6033,20,975,30,2025-01-07 23:55:26
6034,34,3009,94,2025-04-09 21:43:46
6035,81,455,44,2025-07-09 02:27:00
6036,93,3241,48,2025-12-13 06:18:48
6037,23,4348,3,2025-05-07 19:29:00
6038,57,3075,58,2025-01-16 15:03:36
6039,14,1066,80,2025-04-02 08:23:26
6040,1,243,31,2025-06-16 03:45:35
6041,52,496,27,2025-09-11 17:20:26
6042,58,3836,49,2025-02-20 02:18:12
6043,43,4217,85,2025-07-02 08:07:57
6044,32,3071,51,2025-12-15 16:57:22
6045,2,3442,2,2025-01-29 08:50:04
6046,65,857,95,2025-06-02 07:01:25
6047,93,1043,43,2026-01-10 22:59:32
6048,88,1143,84,2025-07-04 17:58:46
6049,94,2274,27,2025-03-09 23:10:13
6050,8,606,76,2025-06-29 03:12:09
6051,18,664,77,2025-01-10 08:53:22
6052,26,1981,82,2025-09-24 09:49:04
6053,67,521,40,2025-08-25 00:14:38
6054,47,4087,47,2025-08-18 14:18:40
6055,5,3391,10,2025-01-22 01:08:31
6056,88,4111,65,2025-02-12 15:58:40
6057,84,2776,58,2025-12-27 09:11:33
6058,82,3520,70,2025-11-05 22:27:52
6059,7,1736,42,2025-10-20 01:40:51
6060,60,2165,15,2025-03-30 22:49:02
6061,96,3510,27,2025-02-10 04:07:28
6062,24,4835,62,2025-09-15 11:37:44
6063,42,4635,68,2025-01-30 14:40:04
6064,11,4847,44,2025-11-27 05:28:48
6065,40,819,76,2025-02-15 13:42:40
6066,95,1682,37,2025-11-20 13:34:45
6067,72,2603,39,2026-01-04 10:06:40
6068,83,4726,16,2025-10-18 17:43:38
6069,95,456,8,2026-01-23 19:54:25
6070,76,3488,10,2025-04-12 21:59:48
6071,79,3221,42,2025-07-23 13:58:30
6072,78,4042,81,2025-04-14 00:07:33
6073,2,3900,89,2025-04-16 10:37:13
6074,59,931,67,2025-08-29 13:50:01
6075,87,3551,23,2025-09-13 12:42:56
6076,62,2474,48,2025-10-16 10:17:22
6077,76,587,91,2025-08-28 04:32:05
6078,77,3782,20,2025-09-15 01:20:25
6079,40,4269,34,2025-08-29 21:54:21
6080,38,3939,84,2025-10-28 02:34:06
6081,30,3020,49,2025-09-02 21:56:47
6082,16,27,93,2025-05-24 20:14:35
6083,11,493,58,2025-07-19 02:39:01
6084,13,2211,87,2025-07-08 02:43:49
6085,86,1345,51,2025-03-01 21:05:44
6086,3,283,62,2025-01-22 03:24:19
6087,51,3290,54,2025-01-11 21:53:14
6088,6,4127,35,2025-01-10 01:17:17
6089,39,1153,46,2025-11-17 06:44:56
6090,51,2567,29,2026-01-07 03:49:25
6091,11,2520,67,2025-11-19 06:42:54
6092,94,1603,69,2025-11-15 23:15:07
6093,86,2315,88,2025-10-08 14:02:24
6094,18,2041,33,2025-08-15 01:38:42
6095,16,1774,40,2025-04-23 06:33:26
6096,87,1677,7,2025-04-16 01:20:41
6097,59,3896,27,2025-02-12 06:00:51
6098,18,2696,35,2025-04-14 06:37:11
6099,28,2275,90,2025-02-15 11:40:45
6100,62,4951,53,2025-02-13 13:39:27
6101,15,3438,47,2025-01-21 18:44:15
6102,21,3022,16,2025-11-05 02:29:50
6103,83,114,7,2026-01-29 07:28:55
6104,90,3245,97,2025-11-25 14:06:02
6105,35,1914,29,2025-07-22 06:31:30
6106,29,3411,70,2025-08-23 00:57:03
6107,25,4677,5,2025-11-02 22:57:35
6108,2,3475,83,2025-11-04 12:10:34
6109,11,3342,81,2025-05-18 10:15:06
6110,34,2650,24,2025-07-24 10:07:40
6111,9,4494,89,2025-07-18 10:54:03
6112,10,1976,18,2025-12-27 16:48:23
6113,96,1263,35,2025-03-03 04:51:29
6114,17,4592,71,2026-01-04 08:37:49
6115,91,3643,28,2025-08-23 07:31:42
6116,43,241,19,2026-01-09 17:48:44
6117,9,837,92,2025-04-20 22:41:16
6118,100,3628,4,2025-12-20 09:51:44
6119,10,3668,34,2025-09-12 22:27:35
6120,64,2037,65,2025-06-06 15:23:13
6121,98,2723,98,2025-11-01 21:37:16
6122,20,2695,75,2025-10-23 20:36:03
6123,6,3146,32,2026-01-08 22:48:51
6124,57,4614,6,2026-01-16 16:53:49
6125,9,1630,36,2025-08-16 22:45:44
6126,51,3749,1,2025-11-09 16:54:48
6127,15,16,52,2025-02-11 18:44:29
6128,80,4817,17,2025-12-04 10:57:41
6129,70,3430,7,2025-04-10 05:50:16
6130,21,1894,98,2025-11-03 17:03:54
6131,75,4826,88,2025-09-17 04:00:24
6132,38,2857,61,2025-01-26 11:33:28
6133,28,3421,22,2025-10-26 01:57:03
6134,32,3117,7,2026-01-15 02:53:22
6135,16,216,89,2026-01-29 19:49:04
6136,98,4295,10,2025-10-14 23:54:47
6137,32,4206,63,2025-03-17 00:40:39
6138,36,3947,87,2026-01-06 17:50:54
6139,70,2709,74,2025-12-02 03:28:33
6140,6,2399,13,2025-06-10 05:27:34
6141,52,963,100,2025-09-24 00:07:48
6142,96,3459,57,2026-01-05 06:12:09
6143,25,1718,3,2025-07-16 10:06:35
6144,82,4996,92,2025-10-16 07:18:45
6145,23,3487,58,2025-04-29 05:53:46
6146,28,2997,53,2025-02-14 08:10:57
6147,64,3864,89,2025-12-21 01:01:03
6148,27,2588,60,2025-06-10 23:08:44
6149,80,1313,21,2025-05-15 16:57:12
6150,19,2904,79,2025-01-07 02:28:22
6151,22,1635,19,2025-05-24 19:25:37
6152,23,3483,62,2025-12-31 23:24:57
6153,24,2039,42,2025-06-26 00:29:23
6154,67,561,55,2025-06-22 06:44:37
6155,86,4975,24,2025-11-01 02:42:23
6156,79,1152,90,2026-01-13 21:49:24
6157,17,4849,58,2025-10-03 22:14:02
6158,90,4366,61,2025-09-01 16:28:43
6159,72,2270,92,2026-01-08 02:12:57
6160,72,3329,43,2025-04-06 16:45:11
6161,53,2028,43,2025-01-11 09:24:20
6162,66,511,89,2025-04-24 01:10:23
6163,86,261,44,2025-04-02 19:37:38
6164,73,2036,71,2025-08-26 02:49:53
6165,77,4023,85,2025-10-15 05:10:43
6166,70,3438,33,2025-10-14 11:44:20
6167,81,3799,35,2025-02-25 23:43:29
6168,47,4894,44,2025-09-12 14:50:01
6169,2,4025,65,2025-01-05 15:04:47
6170,38,3462,45,2026-01-02 06:33:08
6171,27,804,93,2025-11-04 10:10:01
6172,92,2918,96,2025-07-05 22:50:13
6173,46,3870,62,2025-10-13 04:03:55
6174,13,1729,52,2025-01-11 16:49:01
6175,85,4766,42,2025-07-19 21:51:50
6176,9,4717,80,2025-05-28 17:56:46
6177,8,4339,27,2025-10-11 03:29:09
6178,55,4617,100,2025-05-18 14:20:49
6179,82,2161,85,2025-02-06 20:50:02
6180,50,3978,81,2025-10-01 20:15:28
6181,8,1735,74,2025-10-15 19:31:39
6182,10,2974,85,2025-12-13 18:35:21
6183,96,4273,16,2025-12-13 05:22:19
6184,35,3943,55,2025-04-14 11:35:22
6185,33,3572,55,2025-08-17 18:55:34
6186,95,4129,2,2025-11-07 20:45:01
6187,46,1722,76,2025-08-28 18:16:18
6188,23,2545,18,2025-06-22 13:51:27
6189,81,669,16,2025-10-29 02:41:49
6190,10,3870,79,2025-05-19 11:48:16
6191,36,992,76,2025-09-18 07:39:11
6192,25,1507,80,2025-01-13 18:29:15
6193,4,4643,39,2025-12-11 02:09:58
6194,18,706,60,2025-02-17 15:15:52
6195,3,560,25,2025-03-24 00:16:16
6196,38,134,58,2026-01-07 23:43:45
6197,44,423,15,2025-02-24 10:57:15
6198,78,945,35,2025-12-04 11:39:41
6199,16,1919,9,2026-01-25 10:36:29
6200,45,3932,79,2025-04-23 14:39:48
6201,87,1824,88,2025-03-09 18:00:03
6202,84,357,92,2025-11-02 23:13:25
6203,65,1566,62,2025-12-08 06:05:08
6204,58,3202,11,2025-03-15 03:12:54
6205,64,743,6,2025-07-22 17:24:37
6206,24,4692,82,2025-08-19 00:34:37
6207,75,4904,54,2026-01-24 14:10:17
6208,6,2026,96,2025-12-09 21:55:04
6209,39,4136,16,2025-01-23 02:09:34
6210,64,3600,82,2025-03-10 19:12:25
6211,42,2216,99,2025-12-01 00:01:54
6212,13,2790,84,2025-07-08 14:50:14
6213,91,148,38,2026-02-03 09:18:26
6214,80,4890,43,2025-01-29 13:40:47
6215,29,1517,28,2025-10-05 18:29:44
6216,95,1028,85,2025-02-27 23:51:07
6217,55,1302,11,2025-06-10 01:48:09
6218,40,144,44,2025-09-02 13:06:35
6219,47,1766,78,2025-03-19 14:07:41
6220,58,4510,48,2025-04-17 18:10:12
6221,52,665,34,2025-12-20 05:14:58
6222,19,2564,75,2025-01-08 22:40:35
6223,23,407,17,2025-10-21 13:30:27
6224,14,1871,56,2025-10-08 05:16:48
6225,91,4239,56,2025-08-29 16:15:32
6226,79,1674,67,2025-04-17 11:41:14
6227,85,4089,67,2025-11-25 02:08:59
6228,5,2451,99,2025-02-05 03:02:27
6229,65,7,72,2025-11-14 15:38:50
6230,44,3097,93,2025-09-16 12:40:34
6231,25,3641,85,2025-10-26 08:50:34
6232,27,2886,66,2026-01-01 08:29:24
6233,27,463,51,2025-07-26 06:41:25
6234,40,1908,77,2025-05-02 13:30:19
6235,43,3963,61,2026-01-18 03:25:59
6236,89,3959,40,2025-12-15 03:39:22
6237,1,3177,41,2025-12-11 10:10:06
6238,53,2445,49,2025-01-10 14:48:49
6239,87,8,80,2025-01-20 18:19:13
6240,21,2678,86,2025-06-04 14:01:50
6241,97,1950,33,2025-10-01 17:50:36
6242,24,2857,32,2025-06-29 23:56:26
6243,14,1609,60,2025-01-05 06:48:24
6244,52,4411,80,2025-05-02 17:35:02
6245,10,1104,96,2025-07-17 20:29:27
6246,72,3461,68,2025-09-09 12:33:12
6247,80,390,55,2025-06-05 07:23:29
6248,35,4940,43,2025-04-30 05:24:35
6249,21,179,26,2025-05-31 18:25:32
6250,80,3762,20,2025-01-18 08:21:24
6251,25,1119,70,2025-10-03 07:11:10
6252,42,4276,34,2025-03-22 02:05:51
6253,59,2680,71,2025-06-27 01:38:44
6254,33,4666,30,2025-10-19 02:54:15
6255,42,2588,55,2025-08-02 20:02:27
6256,30,3604,33,2025-04-11 18:32:48
6257,63,3086,63,2025-07-01 01:52:30
6258,74,2644,85,2025-02-03 00:42:33
6259,9,2462,35,2025-07-08 11:35:29
6260,31,1797,2,2025-03-19 06:47:29
6261,90,4093,8,2025-10-18 13:08:42
6262,5,990,21,2025-12-02 20:21:47
6263,57,3812,23,2025-02-07 12:45:34
6264,9,2471,96,2025-08-15 08:34:12
6265,8,3246,68,2025-03-07 09:11:39
6266,71,1473,15,2025-10-02 05:01:50
6267,13,1498,82,2025-08-15 05:31:35
6268,62,4849,63,2025-03-14 13:28:31
6269,29,3861,11,2025-04-27 21:42:57
6270,39,571,65,2025-07-25 04:49:24
6271,51,4856,59,2025-09-20 19:58:03
6272,85,3100,2,2025-07-17 02:18:04
6273,53,728,65,2025-05-19 00:53:27
6274,42,3960,48,2025-06-17 11:05:13
6275,93,749,79,2025-04-03 02:54:28
6276,52,4446,90,2025-03-01 03:23:37
6277,4,383,59,2026-01-19 01:56:15
6278,91,2662,66,2025-08-05 01:11:34
6279,10,1668,78,2025-08-06 05:37:43
6280,87,3515,16,2025-11-11 14:17:52
6281,32,3128,36,2026-01-23 18:50:34
6282,18,726,97,2025-01-10 19:14:05
6283,88,1122,66,2025-01-28 16:44:33
6284,11,848,75,2025-01-06 21:17:25
6285,35,4863,77,2025-09-18 22:47:42
6286,73,2901,74,2026-01-18 17:27:24
6287,49,868,49,2025-10-26 02:07:41
6288,84,526,66,2025-07-23 05:24:23
6289,37,1267,35,2025-11-22 06:58:51
6290,49,2185,98,2025-04-14 03:20:39
6291,31,4018,51,2025-08-03 11:42:20
6292,99,1861,71,2025-06-30 13:17:01
6293,54,1395,97,2025-10-24 22:47:08
6294,13,62,95,2025-10-26 01:34:32
6295,99,1422,59,2025-04-07 01:23:36
6296,21,2860,33,2025-05-11 16:49:42
6297,4,3780,2,2026-01-22 20:16:29
6298,43,3655,22,2025-04-04 07:02:15
6299,27,3191,30,2025-07-02 04:53:07
6300,40,2208,15,2025-04-20 23:00:58
6301,27,2412,3,2025-04-11 02:01:55
6302,14,1066,40,2025-11-26 09:20:08
6303,55,2537,88,2025-02-28 20:47:58
6304,32,737,30,2025-01-22 02:01:42
6305,50,3975,100,2025-12-02 13:25:06
6306,73,501,28,2025-11-15 05:05:42
6307,6,188,84,2025-01-13 00:14:10
6308,75,3840,2,2025-10-31 22:01:46
6309,32,3291,74,2025-07-19 01:23:36
6310,34,1430,57,2025-11-06 22:43:01
6311,92,2742,76,2025-05-09 07:22:55
6312,88,3642,2,2025-08-20 00:23:50
6313,91,2995,94,2025-05-07 21:57:56
6314,36,4088,16,2025-12-30 19:27:38
6315,37,4154,13,2025-07-16 08:42:51
6316,68,1809,14,2025-01-30 22:51:33
6317,75,2656,0,2025-08-14 02:25:09
6318,1,2445,57,2025-08-01 00:50:14
6319,48,108,96,2025-05-25 23:57:07
6320,63,2550,11,2025-12-29 16:32:38
6321,17,709,19,2025-05-05 04:28:12
6322,9,2131,3,2025-09-10 09:36:12
6323,7,1184,13,2025-04-09 06:09:57
6324,65,3785,56,2026-02-01 12:37:10
6325,66,2028,77,2025-07-25 18:03:34
6326,49,587,70,2025-01-29 10:48:34
6327,37,541,29,2025-09-06 12:59:56
6328,86,4358,100,2025-04-02 02:25:04
6329,34,1394,11,2025-10-26 19:28:44
6330,29,688,56,2025-12-16 08:04:14
6331,79,2761,72,2025-06-21 20:54:18
6332,80,3430,17,2025-10-11 17:40:47
6333,63,2624,47,2025-10-12 04:31:06
6334,61,1248,98,2025-03-31 04:23:46
6335,96,4033,84,2025-06-18 11:19:28
6336,76,2764,75,2025-10-11 01:14:42
6337,32,1740,19,2025-06-14 20:57:45
6338,92,1956,76,2025-12-11 03:40:09
6339,93,1427,100,2025-04-21 19:41:07
6340,78,4217,91,2025-11-03 01:14:10
6341,71,1425,17,2026-01-31 20:31:57
6342,77,2834,11,2025-03-29 02:41:39
6343,63,2601,78,2025-08-23 15:13:48
6344,98,3813,88,2025-09-05 02:17:45
6345,37,58,6,2025-06-26 16:18:02
6346,66,78,53,2025-11-23 20:06:21
6347,6,603,65,2025-01-11 20:51:39
6348,33,3528,17,2025-08-29 17:18:26
6349,77,4029,26,2025-02-01 17:51:21
6350,22,4449,14,2026-01-10 05:27:14
6351,96,971,55,2025-04-14 14:24:20
6352,63,1593,52,2025-03-15 13:51:10
6353,97,72,0,2026-01-28 19:44:04
6354,39,1514,90,2025-08-12 04:17:11
6355,2,4453,91,2025-08-24 20:36:30
6356,41,3797,11,2025-06-28 14:29:31
6357,22,4441,34,2025-10-26 22:13:36
6358,66,600,80,2025-10-25 06:37:24
6359,14,170,89,2025-01-19 03:05:07
6360,89,4814,98,2025-12-02 08:08:02
6361,21,4048,35,2025-12-26 15:19:33
6362,31,4994,58,2025-01-02 21:16:42
6363,19,212,54,2025-06-26 04:10:33
6364,54,4899,61,2025-03-25 01:21:01
6365,65,735,81,2025-08-30 10:37:57
6366,64,2427,37,2026-01-12 10:28:37
6367,13,4471,32,2025-10-11 16:30:07
6368,100,4791,42,2025-01-14 21:58:12
6369,99,3183,38,2025-04-14 21:11:05
6370,13,2231,58,2025-01-04 16:25:50
6371,85,4509,25,2025-02-05 04:08:15
6372,75,4859,4,2025-02-03 23:09:38
6373,52,2800,92,2026-01-17 08:17:55
6374,77,1881,42,2025-08-07 01:32:35
6375,49,337,66,2025-08-25 06:29:11
6376,43,4912,51,2025-11-05 02:23:33
6377,86,3936,7,2025-01-25 13:20:54
6378,27,1132,77,2025-03-12 06:14:38
6379,23,211,86,2025-10-25 12:00:34
6380,6,869,85,2025-07-11 02:31:28
6381,64,736,77,2025-10-03 05:43:53
6382,32,118,86,2025-05-01 22:22:18
6383,87,536,18,2025-07-25 09:51:25
6384,98,3403,100,2025-06-25 01:08:28
6385,7,4999,28,2025-08-26 13:19:49
6386,71,4230,62,2025-01-24 22:15:26
6387,96,990,80,2026-01-19 14:53:43
6388,56,1403,53,2025-12-04 19:26:07
6389,46,4522,16,2025-12-09 10:54:47
6390,57,2854,78,2025-08-20 16:22:44
6391,30,26,81,2025-12-24 23:31:21
6392,24,4335,66,2025-08-26 18:41:34
6393,15,2271,0,2025-12-17 21:32:06
6394,5,4683,0,2025-11-11 04:52:21
6395,53,1274,56,2025-07-31 01:25:25
6396,95,1549,13,2025-05-21 22:45:35
6397,62,1945,53,2025-11-17 03:38:46
6398,26,3936,58,2025-05-08 06:28:00
6399,89,4772,7,2025-11-27 20:30:28
6400,84,4997,33,2025-04-17 15:51:09
6401,23,3386,88,2025-02-10 23:55:50
6402,99,2872,4,2025-05-11 15:58:20
6403,73,1731,33,2025-01-28 08:53:30
6404,3,2448,89,2025-09-24 20:26:40
6405,65,3994,70,2026-01-11 21:35:08
6406,8,4539,4,2025-03-04 15:57:14
6407,60,3153,39,2025-07-29 10:59:20
6408,56,2851,40,2025-11-30 05:02:43
6409,77,4562,63,2025-08-08 11:01:01
6410,73,3366,9,2025-05-09 21:46:07
6411,22,4262,24,2025-02-25 04:31:37
6412,70,1034,100,2025-10-10 21:57:39
6413,63,2771,91,2026-01-01 21:16:07
6414,56,1230,55,2025-03-04 13:11:48
6415,33,2791,24,2025-05-02 22:00:54
6416,2,3030,96,2025-12-14 03:31:28
6417,9,4239,68,2026-01-27 21:09:30
6418,38,3368,27,2025-12-21 05:34:22
6419,32,3238,33,2025-01-17 10:37:47
6420,14,4252,56,2025-03-05 12:49:19
6421,6,4084,32,2025-12-18 05:01:54
6422,12,4922,95,2025-07-19 22:20:30
6423,96,2445,28,2025-09-23 13:54:34
6424,49,2036,99,2025-04-20 05:56:29
6425,76,38,34,2025-08-13 16:54:51
6426,66,1737,55,2025-03-21 18:15:36
6427,91,4911,6,2025-09-13 07:11:40
6428,69,3129,66,2025-10-19 12:59:19
6429,67,968,55,2025-11-15 04:51:31
6430,99,3653,5,2025-05-03 01:14:55
6431,13,2285,68,2025-03-04 09:37:40
6432,92,3372,51,2025-10-13 11:10:51
6433,31,1780,13,2025-08-09 18:47:14
6434,88,3333,2,2025-03-11 23:30:45
6435,11,2106,37,2025-01-02 04:38:30
6436,34,341,54,2026-01-30 19:52:02
6437,10,1357,30,2025-11-24 06:36:08
6438,30,3125,20,2025-11-27 01:55:52
6439,13,2271,93,2025-06-08 09:09:10
6440,90,311,19,2025-06-27 06:52:14
6441,85,4480,22,2025-09-10 10:42:12
6442,20,4385,41,2025-10-03 00:27:28
6443,86,783,25,2025-08-07 11:44:29
6444,45,3490,22,2025-01-02 09:51:40
6445,77,4594,89,2026-01-15 05:42:07
6446,23,2737,23,2025-02-25 15:05:10
6447,59,3994,98,2025-08-25 08:56:48
6448,18,4640,26,2025-12-06 20:12:19
6449,84,4947,28,2025-05-27 20:02:32
6450,32,1774,59,2026-01-04 18:18:10
6451,23,47,36,2025-03-21 16:32:21
6452,53,3322,30,2025-04-10 17:44:38
6453,38,3209,47,2025-07-31 16:17:34
6454,82,933,56,2025-04-02 16:20:44
6455,51,1949,81,2025-12-22 19:36:44
6456,70,4274,22,2025-06-12 02:56:14
6457,88,2059,0,2025-03-23 17:13:32
6458,22,1802,22,2025-06-20 05:03:31
6459,80,1799,7,2025-09-14 03:20:56
6460,82,920,23,2025-01-25 13:38:49
6461,41,1508,18,2025-09-07 18:41:14
6462,20,347,25,2025-08-20 05:38:30
6463,62,3269,91,2025-09-30 09:13:32
6464,14,3479,81,2025-11-29 02:27:26
6465,2,173,25,2025-07-20 00:31:29
6466,51,4761,21,2025-12-20 10:28:10
6467,57,831,8,2025-07-05 18:29:01
6468,24,4671,48,2025-09-26 08:04:44
6469,39,3286,81,2025-07-26 10:53:10
6470,93,1787,45,2025-07-29 12:29:14
6471,47,2757,55,2025-06-04 21:47:43
6472,16,4101,28,2025-10-05 03:59:28
6473,2,3592,84,2025-03-17 05:30:47
6474,63,3413,75,2025-10-15 13:29:09
6475,71,4951,3,2025-07-17 06:16:01
6476,23,2293,84,2025-07-21 08:09:03
6477,54,4502,34,2025-10-02 03:30:15
6478,59,3819,0,2025-12-13 04:14:59
6479,10,409,49,2025-04-09 00:23:58
6480,90,2152,80,2026-02-04 00:19:08
6481,74,4219,87,2025-08-15 03:40:43
6482,23,1408,16,2025-05-01 05:06:56
6483,2,3801,73,2026-01-28 07:14:41
6484,98,364,97,2025-12-07 09:49:24
6485,54,4775,42,2026-02-02 18:18:06
6486,48,2925,82,2025-05-28 12:21:18
6487,83,3637,71,2025-09-14 01:31:50
6488,42,1293,83,2025-11-10 11:05:07
6489,60,724,39,2025-01-03 19:32:11
6490,58,621,39,2025-02-25 00:57:56
6491,89,2083,28,2025-09-07 16:42:58
6492,75,4333,14,2025-08-05 23:16:12
6493,77,212,96,2025-11-25 15:56:00
6494,87,2713,82,2025-08-05 22:14:04
6495,32,3278,50,2025-01-24 16:40:09
6496,86,3949,29,2025-06-18 23:00:42
6497,67,2682,67,2026-01-13 11:59:47
6498,72,4649,51,2025-11-05 06:27:01
6499,10,1273,58,2025-07-26 01:53:54
6500,54,1257,32,2026-01-23 11:22:51
6501,61,8,89,2025-06-20 14:27:04
6502,77,4036,45,2025-07-29 01:38:34
6503,22,4766,67,2025-12-26 20:58:47
6504,2,1649,94,2025-06-05 19:17:51
6505,75,1786,92,2025-12-19 18:21:18
6506,84,2558,6,2025-05-15 02:47:39
6507,79,1940,83,2025-06-01 00:32:23
6508,80,2168,89,2025-08-28 01:26:18
6509,82,1819,81,2025-08-20 23:31:03
6510,50,1174,62,2025-04-24 08:53:22
6511,84,3586,31,2025-05-16 01:56:56
6512,13,282,85,2025-09-27 01:40:26
6513,34,1220,45,2025-06-21 23:24:13
6514,28,3560,96,2025-09-22 08:24:55
6515,79,2187,27,2025-02-11 14:47:47
6516,10,1823,71,2025-09-12 01:35:48
6517,40,85,6,2025-12-12 03:16:20
6518,48,2173,39,2025-03-11 00:58:22
6519,66,2798,14,2025-10-25 14:16:36
6520,57,1464,49,2025-11-13 23:38:05
6521,9,2862,37,2025-12-30 13:49:04
6522,20,1933,38,2025-10-22 13:59:28
6523,59,2041,68,2025-06-24 21:08:42
6524,73,2468,67,2025-08-03 17:16:33
6525,64,4850,99,2025-02-13 13:00:28
6526,61,4179,39,2025-01-07 22:30:56
6527,35,3275,87,2025-06-03 23:32:26
6528,18,517,50,2026-01-26 11:10:45
6529,52,1834,10,2025-02-20 12:43:52
6530,22,2752,91,2025-04-22 01:05:17
6531,35,4463,71,2025-05-27 06:57:50
6532,52,3023,25,2025-09-24 05:22:41
6533,44,3946,93,2025-12-23 00:56:09
6534,7,2522,95,2025-04-14 04:18:53
6535,74,3470,12,2025-07-16 13:31:05
6536,78,1430,75,2025-01-13 18:27:34
6537,76,2807,8,2025-05-30 06:53:55
6538,32,1595,91,2025-11-26 10:11:56
6539,16,3204,84,2025-10-13 01:30:04
6540,87,3046,49,2025-02-11 14:22:01
6541,57,4745,13,2025-09-21 08:16:17
6542,41,3268,90,2026-02-04 15:36:07
6543,4,3195,29,2025-01-04 01:19:04
6544,38,1251,26,2025-11-19 12:03:57
6545,67,4976,11,2025-09-20 04:12:18
6546,58,28,85,2025-10-29 19:37:29
6547,78,4550,54,2025-02-22 06:19:51
6548,86,1534,81,2025-02-27 18:07:35
6549,65,4872,43,2025-01-07 12:29:29
6550,65,3486,66,2025-03-25 20:46:32
6551,29,2346,22,2025-06-25 06:25:19
6552,69,1426,19,2025-06-26 15:37:02
6553,53,2955,64,2025-05-15 16:24:02
6554,28,1605,71,2025-06-08 04:58:33
6555,38,3152,49,2025-07-07 15:00:20
6556,69,666,89,2025-04-29 22:16:22
6557,44,870,7,2026-02-02 13:06:22
6558,100,4022,94,2025-07-06 08:12:28
6559,14,4291,62,2025-10-24 17:54:13
6560,87,1888,67,2025-11-19 08:25:32
6561,44,3802,82,2025-07-06 16:09:03
6562,74,796,1,2025-12-15 19:23:07
6563,51,3048,41,2025-10-03 10:37:38
6564,85,4274,93,2025-12-11 17:25:50
6565,60,757,55,2025-02-08 23:39:30
6566,93,1212,72,2025-01-20 10:28:54
6567,100,1265,56,2025-10-20 14:37:55
6568,47,121,27,2025-06-07 18:34:30
6569,58,4371,90,2025-05-29 16:38:57
6570,93,2585,28,2025-09-15 22:53:22
6571,98,386,14,2025-12-03 21:09:38
6572,61,3557,13,2026-01-24 18:52:27
6573,100,1407,77,2026-01-16 13:50:23
6574,8,4254,54,2025-02-05 21:50:50
6575,57,4623,75,2025-08-21 19:11:04
6576,28,926,53,2025-02-16 03:04:12
6577,53,3298,2,2025-02-02 11:11:45
6578,77,2965,70,2025-09-03 22:56:18
6579,13,2924,66,2025-06-30 11:38:49
6580,10,3879,85,2025-05-04 00:02:41
6581,28,4960,13,2025-01-31 14:00:49
6582,97,1506,59,2025-08-16 00:22:58
6583,18,3434,2,2025-05-02 13:41:09
6584,88,2667,10,2025-08-27 03:44:45
6585,18,3562,31,2025-12-21 08:11:49
6586,60,4002,58,2026-01-26 00:19:04
6587,92,4457,51,2025-07-08 10:25:13
6588,24,4653,79,2025-12-24 12:49:28
6589,31,2333,2,2026-01-10 09:16:18
6590,85,3429,100,2025-06-27 08:19:18
6591,71,3171,57,2025-06-10 08:46:00
6592,73,3493,64,2026-01-01 08:31:24
6593,71,2547,54,2025-11-05 22:01:58
6594,33,521,33,2025-10-14 21:32:19
6595,55,1493,62,2025-10-11 11:29:46
6596,26,1193,7,2025-07-05 18:36:43
6597,80,4579,16,2025-02-02 14:41:51
6598,49,3889,36,2025-06-06 17:24:39
6599,75,871,36,2026-01-30 07:11:02
6600,20,3799,88,2025-09-20 19:43:01
6601,5,506,53,2025-06-22 18:20:27
6602,44,3766,87,2025-10-20 04:46:47
6603,3,4501,64,2025-01-16 16:53:02
6604,87,4768,62,2025-09-15 05:31:12
6605,12,2835,50,2025-07-20 05:24:24
6606,49,2940,5,2025-04-11 21:35:19
6607,1,3181,62,2025-11-16 14:32:21
6608,50,3004,46,2026-01-22 14:16:20
6609,26,4067,10,2026-01-06 11:13:45
6610,83,4989,80,2025-05-26 16:58:44
6611,83,3415,27,2025-03-28 00:39:19
6612,82,4974,95,2025-01-07 11:08:34
6613,35,3981,27,2025-03-29 12:06:06
6614,82,3761,5,2025-05-01 06:45:56
6615,50,1159,55,2025-05-25 18:28:44
6616,24,3422,86,2025-02-24 18:59:35
6617,46,4588,26,2025-09-13 06:10:27
6618,36,4196,47,2026-01-31 01:22:09
6619,32,4952,24,2026-01-21 06:00:37
6620,40,2274,61,2025-08-05 21:02:38
6621,20,3008,67,2025-02-15 05:13:56
6622,59,730,65,2025-07-12 15:56:31
6623,36,2716,34,2025-08-09 05:14:35
6624,4,2778,65,2025-10-24 11:30:14
6625,33,2913,37,2025-03-07 13:34:02
6626,14,1837,77,2026-01-24 03:41:45
6627,2,4361,65,2025-08-20 10:05:19
6628,60,398,98,2026-01-05 07:32:04
6629,62,4135,51,2025-05-13 10:49:30
6630,70,1249,28,2025-07-19 16:36:33
6631,83,23,93,2025-12-19 01:42:07
6632,25,1181,77,2026-01-13 13:02:33
6633,76,2128,36,2025-11-16 10:17:49
6634,29,1824,94,2025-04-24 01:27:19
6635,16,3066,45,2025-04-03 06:58:46
6636,87,3579,87,2025-12-20 05:14:58
6637,34,4745,24,2025-06-04 19:29:26
6638,19,571,44,2025-03-10 02:59:24
6639,77,198,45,2025-12-21 03:59:13
6640,40,2608,40,2025-09-09 01:18:37
6641,23,3893,60,2025-07-10 10:31:48
6642,36,2940,9,2025-09-07 22:40:17
6643,74,4290,65,2025-06-13 15:44:08
6644,82,1537,99,2025-09-16 20:27:49
6645,65,3863,98,2025-12-28 14:48:23
6646,97,2029,10,2025-03-18 14:16:03
6647,61,2842,9,2025-08-12 20:58:20
6648,17,1126,40,2025-01-24 03:59:38
6649,28,994,70,2025-01-10 06:39:17
6650,58,1097,66,2025-11-21 19:27:58
6651,79,3652,30,2026-01-27 18:11:02
6652,5,4524,90,2025-10-18 04:52:12
6653,74,4358,90,2025-08-14 09:43:03
6654,99,3629,17,2025-12-03 23:35:40
6655,2,2167,16,2025-08-23 07:02:43
6656,95,673,29,2025-06-28 10:09:42
6657,33,4136,83,2025-06-21 11:26:05
6658,82,3624,79,2025-02-17 06:56:34
6659,27,1601,7,2025-02-05 07:29:13
6660,89,4886,96,2025-05-07 18:43:31
6661,83,409,9,2025-08-24 07:41:55
6662,2,2400,3,2026-01-24 02:47:21
6663,26,1722,56,2025-10-18 09:35:22
6664,73,1936,43,2025-04-25 18:06:12
6665,13,1062,67,2025-02-18 08:44:54
6666,76,4851,94,2025-05-01 17:08:55
6667,18,1752,30,2025-09-17 00:16:25
6668,29,4774,67,2025-10-07 23:39:11
6669,5,2341,20,2025-06-24 11:32:09
6670,87,4298,98,2025-06-05 19:51:45
6671,96,3287,87,2025-10-15 01:24:36
6672,43,2473,68,2025-11-07 10:20:06
6673,39,3102,30,2025-12-29 21:23:53
6674,5,2122,44,2025-07-11 01:28:55
6675,58,4754,68,2025-04-23 10:37:21
6676,85,3283,28,2025-04-09 01:26:58
6677,20,4006,88,2025-03-14 04:35:15
6678,25,4645,96,2025-07-11 11:34:37
6679,33,1317,12,2025-04-14 19:21:28
6680,28,3705,38,2025-05-27 02:57:07
6681,39,816,91,2025-11-27 09:50:40
6682,1,4757,79,2025-02-05 01:44:12
6683,86,3350,31,2025-09-16 11:33:59
6684,51,4832,16,2025-02-11 10:41:34
6685,42,4275,86,2025-01-17 13:52:05
6686,20,644,61,2026-02-05 14:56:58
6687,80,987,19,2025-08-23 19:06:44
6688,15,1950,42,2025-10-01 04:46:11
6689,3,1244,16,2026-01-12 13:52:59
6690,90,4592,97,2025-12-19 16:30:53
6691,91,165,55,2025-12-24 11:48:30
6692,31,329,2,2026-01-01 04:08:09
6693,18,846,55,2025-10-09 14:02:02
6694,52,2271,78,2025-06-27 14:52:58
6695,77,3533,41,2025-01-25 06:58:51
6696,41,2181,53,2025-09-11 22:56:05
6697,92,3865,21,2025-02-07 21:33:29
6698,13,3831,42,2025-06-05 00:58:26
6699,25,4850,69,2025-10-25 11:24:04
6700,77,2652,54,2025-06-27 05:43:55
6701,21,1121,61,2025-11-25 19:35:46
6702,61,4416,92,2025-04-11 05:12:30
6703,38,482,59,2025-11-11 19:55:24
6704,39,1350,60,2025-08-24 02:51:17
6705,85,3423,20,2025-02-03 12:23:13
6706,74,1192,65,2025-07-04 06:11:57
6707,72,2096,49,2025-02-13 21:35:26
6708,16,1540,82,2025-08-11 13:37:54
6709,64,4853,67,2025-12-05 00:34:19
6710,53,1142,16,2026-01-30 19:45:46
6711,47,3141,42,2025-06-08 02:34:48
6712,4,1522,3,2025-03-15 15:10:24
6713,46,3064,14,2025-11-24 06:15:23
6714,90,1240,78,2025-07-21 22:31:44
6715,36,1714,46,2025-10-18 09:26:16
6716,42,2823,67,2025-05-15 00:30:05
6717,83,44,59,2025-01-26 18:08:35
6718,63,4519,68,2025-11-11 06:26:34
6719,33,1051,49,2025-08-24 03:37:28
6720,46,1439,67,2025-01-02 15:09:46
6721,17,2534,96,2025-01-27 16:25:28
6722,19,554,0,2025-12-08 14:47:05
6723,72,3886,62,2025-04-08 14:59:46
6724,38,4546,8,2026-01-24 18:59:28
6725,92,3208,3,2025-08-14 22:47:59
6726,9,1982,33,2025-10-12 15:03:46
6727,99,1528,53,2025-02-01 21:17:15
6728,83,3238,75,2025-03-25 12:13:39
6729,35,4744,52,2025-04-20 12:35:19
6730,23,1348,77,2025-04-20 20:04:17
6731,42,1214,72,2025-09-15 07:58:14
6732,89,2673,95,2025-01-23 12:19:27
6733,59,691,52,2025-11-12 01:39:56
6734,46,4762,91,2025-11-22 20:05:51
6735,11,1703,86,2025-12-20 21:46:43
6736,50,538,17,2025-10-07 05:24:39
6737,38,3274,42,2025-08-19 03:43:40
6738,20,16,70,2025-10-10 14:47:42
6739,71,51,70,2025-09-15 14:18:57
6740,67,3352,50,2025-01-02 03:54:04
6741,48,4548,25,2025-06-16 06:05:31
6742,30,366,47,2025-12-14 04:34:33
6743,97,1361,13,2025-10-18 11:21:04
6744,3,1917,9,2025-06-26 11:05:03
6745,34,251,42,2025-11-03 16:31:40
6746,84,1747,68,2025-04-23 15:33:24
6747,45,1562,3,2025-10-09 08:31:15
6748,53,1774,10,2025-09-09 08:53:17
6749,7,1701,35,2026-01-08 00:35:20
6750,10,901,13,2025-01-14 05:10:10
6751,28,4323,44,2025-12-15 00:24:01
6752,66,2763,55,2025-12-15 20:04:08
6753,56,2483,84,2025-03-11 12:32:56
6754,46,1067,28,2025-11-11 13:20:08
6755,59,1445,16,2025-11-21 02:09:41
6756,82,2661,9,2025-08-01 06:59:57
6757,46,4381,87,2025-05-26 16:23:35
6758,100,1885,59,2025-03-08 21:02:02
6759,85,4556,1,2025-04-05 02:05:08
6760,20,4790,36,2025-09-27 10:37:49
6761,88,4356,29,2025-01-08 05:59:57
6762,76,767,47,2025-11-17 00:13:07
6763,84,3249,92,2026-01-24 10:46:34
6764,65,4576,95,2025-09-23 07:56:17
6765,45,3397,72,2025-11-08 11:35:55
6766,47,1962,10,2025-11-12 10:54:01
6767,71,4546,77,2025-01-02 12:21:45
6768,58,363,40,2026-01-16 22:11:39
6769,99,3186,36,2025-03-01 11:27:56
6770,66,3441,97,2025-10-18 21:15:07
6771,9,4691,42,2025-04-11 06:00:03
6772,80,4674,44,2025-09-24 05:33:54
6773,42,2220,33,2025-06-27 22:11:25
6774,83,3324,78,2025-05-18 07:10:25
6775,56,1617,15,2025-11-20 05:54:08
6776,13,3410,89,2025-06-09 06:14:07
6777,53,1576,50,2025-02-02 12:35:05
6778,59,1435,88,2025-08-30 04:47:38
6779,86,4567,20,2025-05-12 14:36:45
6780,10,1757,83,2025-01-27 10:30:03
6781,64,1170,15,2025-04-26 21:41:56
6782,100,3178,35,2025-01-11 13:49:59
6783,100,3713,78,2025-06-15 15:53:54
6784,69,4308,79,2025-09-23 09:37:38
6785,64,3212,3,2025-11-06 00:19:22
6786,50,3532,67,2025-08-20 23:36:49
6787,32,3922,13,2025-02-23 14:34:28
6788,27,4012,50,2025-10-19 16:49:47
6789,76,1676,38,2025-05-16 23:35:44
6790,61,2918,60,2025-05-20 09:56:35
6791,78,4457,97,2025-02-17 02:53:16
6792,79,1890,12,2025-09-28 18:39:30
6793,79,2231,2,2025-11-28 17:17:42
6794,51,789,27,2025-02-20 16:12:58
6795,11,1858,25,2025-05-15 16:41:17
6796,68,843,88,2025-12-24 01:40:41
6797,43,3451,15,2025-02-04 12:51:50
6798,64,2331,26,2025-01-06 13:49:08
6799,91,745,61,2025-11-04 14:21:10
6800,27,1622,53,2025-01-16 07:05:32
6801,57,3409,17,2025-11-22 14:48:30
6802,90,3670,94,2025-12-24 08:31:27
6803,53,3167,11,2025-07-02 22:22:35
6804,14,2422,58,2025-11-12 02:28:34
6805,100,2345,35,2025-06-19 20:23:35
6806,98,3818,91,2025-01-30 03:07:57
6807,53,16,42,2025-09-12 23:12:09
6808,3,4900,91,2025-11-04 23:21:52
6809,89,4808,95,2025-02-16 20:38:23
6810,67,106,76,2025-12-05 08:02:32
6811,43,2906,9,2025-08-03 16:25:19
6812,18,2324,79,2025-07-27 20:41:38
6813,97,1416,74,2025-01-24 13:37:09
6814,10,27,60,2025-04-20 22:29:47
6815,4,1987,17,2025-10-21 11:03:18
6816,7,1557,19,2025-11-11 17:02:06
6817,44,2377,26,2025-08-17 17:45:42
6818,56,3734,55,2025-11-27 07:21:57
6819,11,4561,77,2025-08-19 03:13:47
6820,30,301,97,2025-02-08 18:25:07
6821,5,2704,25,2025-03-24 18:33:51
6822,15,4508,91,2025-11-07 11:47:12
6823,25,4419,28,2026-01-22 10:28:10
6824,18,1944,95,2025-10-01 21:32:35
6825,40,2175,32,2025-11-05 16:35:01
6826,65,4261,97,2025-04-12 23:48:56
6827,3,2470,21,2025-02-27 04:16:35
6828,3,2412,38,2025-09-03 04:39:11
6829,11,1040,14,2026-01-29 04:20:40
6830,28,2980,62,2025-08-07 02:27:19
6831,68,2084,81,2026-01-03 22:31:16
6832,92,3512,41,2025-04-11 05:10:01
6833,11,3585,25,2025-09-01 07:42:06
6834,62,2193,63,2025-06-21 23:58:22
6835,19,4752,70,2025-01-11 13:58:07
6836,23,4133,84,2025-02-18 17:38:42
6837,44,76,21,2025-04-14 11:10:01
6838,72,934,89,2025-08-28 09:44:46
6839,54,568,72,2025-02-05 03:04:32
6840,29,3955,37,2025-04-11 12:24:41
6841,42,898,48,2025-12-30 11:50:42
6842,65,1535,28,2025-10-21 09:50:43
6843,97,3903,17,2025-07-09 04:06:02
6844,24,1998,57,2025-02-15 12:59:55
6845,12,3544,10,2025-11-13 01:07:54
6846,32,2186,44,2025-01-13 14:42:03
6847,64,2490,90,2026-01-09 07:30:14
6848,39,4952,60,2025-08-13 11:59:09
6849,3,1204,42,2025-08-18 21:13:45
6850,11,4967,32,2025-05-07 14:27:48
6851,100,4678,48,2026-02-01 16:09:49
6852,80,2582,96,2025-01-21 03:05:06
6853,37,2870,84,2025-09-10 23:40:02
6854,77,4457,86,2025-03-22 04:02:42
6855,43,3434,76,2025-07-13 16:11:34
6856,77,4686,40,2025-06-19 06:01:39
6857,52,1959,1,2025-03-05 19:06:12
6858,100,1969,12,2025-11-15 09:05:59
6859,96,495,65,2025-06-07 10:34:30
6860,65,490,8,2025-01-05 18:38:36
6861,25,3013,26,2025-05-12 11:13:34
6862,53,2016,76,2025-06-15 16:42:32
6863,22,409,65,2025-03-25 23:17:43
6864,4,3661,8,2025-10-28 23:13:15
6865,95,4183,75,2025-12-10 23:56:41
6866,67,700,70,2026-01-23 00:01:39
6867,34,235,7,2026-01-01 18:43:59
6868,73,1832,18,2025-05-18 12:24:38
6869,27,2646,43,2025-08-02 20:10:33
6870,42,4649,6,2025-04-23 17:04:53
6871,60,200,88,2025-02-05 16:26:06
6872,82,4141,85,2025-01-25 23:36:24
6873,16,2695,78,2025-07-10 18:44:26
6874,18,3417,64,2025-07-18 20:00:38
6875,8,504,44,2025-11-03 17:34:06
6876,19,127,23,2025-06-17 07:16:48
6877,97,2918,7,2026-01-07 18:12:18
6878,95,3331,88,2025-06-13 04:24:59
6879,15,73,17,2025-08-21 22:16:55
6880,49,3147,63,2025-05-04 17:18:37
6881,100,1634,53,2025-04-01 16:55:52
6882,78,3418,24,2025-10-09 04:51:23
6883,32,962,25,2025-04-24 00:38:38
6884,13,4884,61,2025-02-26 22:23:39
6885,18,3832,98,2025-08-22 23:37:15
6886,2,3480,34,2025-04-30 21:07:18
6887,96,4512,16,2025-12-03 02:54:58
6888,29,3616,10,2025-05-07 03:02:27
6889,69,2311,61,2025-05-01 10:50:45
6890,2,1728,16,2025-01-04 18:03:38
6891,40,3420,45,2025-06-08 01:49:56
6892,6,4862,51,2025-02-05 18:35:31
6893,90,3790,87,2025-11-03 21:15:20
6894,95,3755,100,2025-09-14 20:41:14
6895,93,1557,70,2025-09-21 10:32:49
6896,64,3531,69,2025-04-25 13:13:54
6897,7,2342,24,2025-01-05 15:56:27
6898,8,1118,53,2025-02-10 21:23:55
6899,28,2628,57,2025-06-26 04:02:26
6900,57,3544,93,2025-11-02 17:25:45
6901,92,1870,21,2025-01-29 08:35:56
6902,13,4747,39,2025-06-18 09:40:40
6903,75,1819,30,2025-02-03 13:34:55
6904,72,2440,70,2025-08-22 14:36:28
6905,42,409,47,2025-04-07 23:22:46
6906,77,345,97,2025-05-12 04:18:40
6907,32,4737,84,2025-11-01 15:45:37
6908,64,3297,29,2025-05-09 03:45:10
6909,18,3769,58,2025-10-04 05:11:06
6910,42,1880,56,2025-08-06 08:59:38
6911,50,3345,18,2025-11-19 18:56:20
6912,47,1748,97,2025-06-02 17:29:01
6913,51,304,2,2025-01-06 13:28:40
6914,40,701,50,2025-02-18 09:15:41
6915,28,4601,14,2025-11-19 13:52:39
6916,12,4058,23,2025-05-18 03:40:09
6917,22,3711,74,2025-05-19 09:01:47
6918,85,2185,31,2025-02-15 13:09:10
6919,11,919,62,2025-07-10 06:47:20
6920,65,2236,57,2025-07-31 06:31:57
6921,1,4335,83,2025-03-30 02:00:59
6922,41,3417,89,2025-06-09 04:48:07
6923,57,2088,49,2025-10-14 21:19:19
6924,26,4212,0,2025-11-10 22:14:47
6925,64,1247,6,2025-11-14 07:07:49
6926,12,4737,29,2025-05-19 15:27:06
6927,62,2361,17,2025-03-28 07:41:02
6928,28,3427,82,2025-10-19 02:46:14
6929,78,2037,60,2026-01-24 05:59:26
6930,89,1625,53,2026-01-03 18:41:24
6931,38,2047,41,2025-06-23 10:28:15
6932,93,70,42,2025-07-10 11:44:17
6933,58,1371,60,2025-09-21 00:45:43
6934,78,1574,57,2025-01-25 20:26:22
6935,10,2917,56,2025-12-09 16:51:35
6936,62,940,16,2025-10-11 13:15:55
6937,78,4999,32,2025-03-26 17:58:32
6938,5,2721,42,2025-11-19 05:17:54
6939,86,3596,12,2025-06-30 03:23:25
6940,72,1870,17,2025-01-08 12:36:43
6941,74,1727,39,2025-12-15 20:56:37
6942,8,4173,67,2025-12-19 07:11:53
6943,81,4630,22,2025-12-25 16:19:01
6944,93,3832,83,2025-08-24 21:18:32
6945,49,3445,60,2025-03-21 22:43:26
6946,76,4404,63,2025-11-14 06:25:29
6947,40,205,27,2025-04-11 11:41:21
6948,57,834,29,2025-07-09 22:48:32
6949,42,2607,91,2025-09-15 20:40:22
6950,9,3250,40,2025-03-02 17:49:52
6951,69,914,43,2025-08-23 04:36:03
6952,51,1977,90,2026-01-02 04:37:32
6953,60,4105,55,2025-07-27 11:43:50
6954,27,2320,93,2025-12-19 05:27:24
6955,42,4359,51,2025-12-05 23:23:25
6956,95,4051,68,2025-05-06 19:27:14
6957,5,319,40,2025-06-01 02:56:56
6958,14,1486,67,2025-11-28 06:08:44
6959,52,4436,48,2025-10-13 15:36:02
6960,16,2777,31,2025-07-25 13:47:47
6961,53,454,4,2025-06-29 06:59:14
6962,2,557,91,2025-01-05 13:27:45
6963,6,2540,4,2025-07-03 01:07:52
6964,90,3741,72,2025-05-05 08:53:46
6965,16,1752,10,2025-03-22 04:07:13
6966,45,4285,24,2025-09-23 11:02:33
6967,13,2410,51,2025-02-27 03:31:30
6968,80,2462,90,2025-02-23 04:37:01
6969,69,3905,72,2025-06-26 21:34:06
6970,98,2682,24,2025-10-31 21:05:25
6971,3,509,43,2025-11-25 03:06:06
6972,93,3799,44,2025-12-11 06:25:04
6973,8,290,78,2025-01-06 09:38:56
6974,8,2835,91,2025-02-07 05:36:24
6975,82,4774,84,2025-05-27 14:34:33
6976,13,2653,41,2025-05-10 01:18:36
6977,47,439,2,2025-12-01 12:07:05
6978,67,2739,58,2025-08-16 05:31:38
6979,6,3262,0,2025-11-07 18:24:42
6980,66,721,58,2025-10-16 20:17:29
6981,25,2914,43,2025-02-23 18:19:59
6982,20,4876,7,2025-10-08 14:39:00
6983,71,1257,74,2025-03-19 22:49:02
6984,8,2696,16,2025-07-12 20:33:19
6985,16,4935,74,2025-12-12 16:27:40
6986,36,722,52,2025-08-18 01:48:07
6987,52,4173,71,2025-06-01 11:24:34
6988,63,1867,99,2025-08-30 05:19:01
6989,5,4724,82,2025-06-07 23:29:09
6990,51,2514,38,2025-07-02 11:21:33
6991,36,3234,91,2026-02-03 19:43:25
6992,29,3424,1,2025-01-24 15:08:44
6993,64,4296,37,2025-08-01 08:49:58
6994,18,1053,14,2025-01-26 15:31:09
6995,56,3897,9,2025-10-31 23:45:36
6996,6,4571,83,2025-08-25 21:19:22
6997,1,4274,64,2025-07-15 11:01:48
6998,28,4171,42,2025-11-25 04:51:55
6999,12,3895,90,2025-01-23 20:23:40
7000,55,3606,87,2025-02-17 19:30:21
7001,16,4473,60,2026-02-04 18:36:07
7002,32,3069,77,2025-08-26 11:10:31
7003,50,4846,4,2025-05-23 03:25:02
7004,11,882,70,2026-01-26 11:40:53
7005,16,4119,41,2025-12-03 20:10:21
7006,93,2493,7,2025-05-23 02:20:37
7007,42,4579,75,2025-07-06 09:47:05
7008,57,4073,84,2025-06-02 10:48:15
7009,52,4165,25,2025-06-13 13:06:25
7010,76,1360,17,2025-06-03 06:16:35
7011,93,2310,29,2026-01-09 21:07:28
7012,49,1475,32,2025-12-28 01:16:48
7013,71,4087,19,2025-02-08 06:18:55
7014,77,874,58,2026-01-23 20:47:29
7015,49,4137,97,2025-11-10 07:38:09
7016,13,519,15,2025-02-11 14:24:35
7017,74,4280,14,2025-05-18 13:16:52
7018,71,1152,4,2026-01-04 03:15:29
7019,41,2177,91,2025-07-20 03:08:09
7020,78,2683,52,2025-11-25 20:38:30
7021,75,3172,47,2025-06-05 23:34:23
7022,68,4426,48,2025-07-31 22:17:23
7023,87,2971,27,2025-10-24 23:19:39
7024,23,456,78,2025-02-15 19:14:18
7025,12,687,91,2026-01-12 16:58:59
7026,92,958,80,2025-03-10 11:17:30
7027,89,3728,5,2025-05-23 19:03:47
7028,96,1397,80,2025-04-07 09:05:10
7029,57,369,38,2025-11-20 03:13:56
7030,38,1411,1,2025-01-04 12:04:07
7031,57,195,46,2025-03-04 07:46:36
7032,16,3709,100,2025-09-10 06:57:40
7033,58,4220,17,2025-04-01 17:42:26
7034,4,1057,26,2026-01-28 10:16:25
7035,25,539,59,2025-10-15 23:58:23
7036,32,4520,11,2025-02-12 12:30:05
7037,28,2159,20,2025-12-23 10:03:25
7038,30,1975,58,2025-06-09 05:44:55
7039,74,4551,85,2025-04-14 17:14:14
7040,44,1339,17,2025-10-14 13:09:46
7041,14,1127,42,2025-12-10 05:12:04
7042,77,2613,88,2025-07-07 19:27:17
7043,80,2375,21,2025-10-21 14:24:47
7044,73,1308,99,2025-03-20 04:54:41
7045,21,2093,45,2025-03-17 03:51:51
7046,55,1579,89,2025-12-20 16:36:49
7047,11,1441,54,2025-12-05 19:13:37
7048,23,947,85,2025-08-16 11:37:03
7049,19,1236,7,2025-05-09 07:35:45
7050,76,2144,58,2025-09-15 19:19:29
7051,93,68,69,2025-06-10 00:17:47
7052,30,2358,80,2025-05-06 11:19:01
7053,65,4304,98,2025-07-16 02:15:40
7054,42,4409,93,2025-02-16 00:48:35
7055,70,2398,62,2025-08-31 21:52:35
7056,87,1898,76,2025-05-17 06:48:36
7057,56,2635,7,2025-02-01 12:31:45
7058,4,2483,73,2025-01-06 16:32:25
7059,12,3663,16,2025-02-24 03:08:43
7060,97,3483,60,2025-09-05 17:48:22
7061,14,1140,0,2025-12-12 18:16:08
7062,51,816,10,2025-03-22 12:41:23
7063,73,2054,96,2025-12-01 18:25:26
7064,86,1269,38,2025-07-24 09:43:56
7065,13,3297,26,2025-11-04 03:54:54
7066,73,799,30,2025-05-17 08:05:02
7067,89,3906,40,2025-09-29 21:39:18
7068,45,1679,62,2026-02-04 23:43:35
7069,67,4846,39,2025-10-03 05:27:08
7070,96,4273,97,2025-06-24 12:42:35
7071,14,780,65,2025-09-15 13:38:40
7072,10,2750,71,2025-09-23 02:37:37
7073,72,2312,34,2025-05-12 13:48:21
7074,13,631,66,2025-01-10 11:00:59
7075,92,2072,18,2025-04-10 07:48:54
7076,41,898,6,2025-02-12 06:33:22
7077,82,4841,41,2025-05-07 16:34:36
7078,55,1542,98,2025-07-02 06:00:47
7079,52,3853,90,2025-09-06 20:13:28
7080,16,843,50,2025-03-21 02:59:41
7081,40,837,31,2025-01-29 14:08:57
7082,86,3624,85,2025-09-12 07:56:52
7083,40,709,46,2025-02-28 01:00:11
7084,16,3295,99,2025-11-25 20:36:23
7085,30,1491,82,2025-01-23 03:11:46
7086,11,1222,19,2025-06-19 12:27:18
7087,18,76,86,2025-09-26 07:21:14
7088,33,4578,83,2025-01-24 09:44:02
7089,32,3319,85,2025-03-13 16:06:19
7090,10,1511,47,2025-09-27 13:28:09
7091,85,2202,18,2026-01-07 02:36:30
7092,67,4792,78,2025-10-01 17:38:17
7093,95,2872,38,2025-01-07 14:42:14
7094,54,827,7,2025-12-07 23:12:25
7095,74,3842,45,2025-12-16 23:50:25
7096,35,3438,77,2025-08-04 16:52:59
7097,15,4010,8,2025-11-06 13:14:39
7098,83,4780,27,2025-07-06 07:35:06
7099,31,4196,90,2025-10-19 03:43:54
7100,57,2261,48,2025-10-29 13:19:59
7101,78,1356,69,2025-06-29 21:10:13
7102,48,525,8,2025-08-27 07:48:22
7103,5,4793,61,2025-12-21 01:08:51
7104,12,1471,90,2025-05-27 15:58:52
7105,21,139,35,2025-03-08 04:45:14
7106,73,1071,26,2025-07-11 05:26:21
7107,50,2280,42,2025-04-29 05:12:06
7108,85,34,84,2025-09-01 01:37:41
7109,91,3369,86,2025-07-09 05:14:08
7110,53,4780,85,2025-02-02 14:25:13
7111,91,4795,30,2025-05-15 22:24:45
7112,65,1263,58,2025-03-09 19:31:40
7113,51,4754,41,2025-05-16 21:11:06
7114,4,4824,37,2026-01-04 07:11:23
7115,86,459,50,2025-09-24 02:28:12
7116,69,4319,100,2025-06-09 18:02:23
7117,71,1851,10,2025-07-02 17:50:55
7118,7,3572,68,2025-02-05 22:34:00
7119,94,1148,43,2026-01-15 12:20:35
7120,23,4226,84,2025-04-26 23:21:29
7121,90,3781,43,2025-04-30 20:57:07
7122,29,2322,10,2025-08-26 04:08:48
7123,10,4679,43,2025-05-29 19:28:08
7124,30,2133,22,2025-12-26 13:55:10
7125,90,4095,46,2025-06-15 05:13:25
7126,5,3167,38,2025-05-22 05:38:47
7127,27,4178,91,2025-05-17 11:48:40
7128,37,1613,84,2026-01-03 15:49:20
7129,66,2960,78,2025-07-20 19:54:57
7130,35,3288,100,2026-01-23 13:13:54
7131,86,4412,82,2025-09-29 01:53:00
7132,43,4222,50,2025-03-12 08:45:44
7133,5,1353,99,2025-04-04 17:39:43
7134,70,482,11,2025-10-15 05:21:40
7135,82,799,9,2026-01-04 11:58:59
7136,87,3357,38,2025-04-05 02:48:36
7137,16,649,59,2025-07-19 10:54:32
7138,18,4756,26,2025-11-26 20:53:16
7139,97,3085,100,2025-09-07 15:18:54
7140,53,4765,36,2026-01-14 12:05:25
7141,3,1969,47,2025-05-09 11:28:20
7142,90,85,95,2025-04-23 16:22:25
7143,100,2728,81,2025-09-12 12:23:37
7144,25,2374,65,2025-09-07 05:38:39
7145,46,641,15,2025-12-30 14:49:05
7146,70,3088,87,2025-11-16 22:34:45
7147,9,4653,31,2025-03-29 00:53:02
7148,38,1596,89,2025-03-08 09:28:00
7149,63,1747,20,2025-12-30 22:41:59
7150,52,549,36,2025-09-06 20:10:14
7151,40,2164,38,2025-09-25 01:27:47
7152,68,3741,37,2025-03-24 10:35:30
7153,40,828,52,2025-07-25 08:22:18
7154,60,2479,10,2025-03-09 13:56:45
7155,21,2215,5,2025-05-02 09:03:52
7156,36,2167,96,2025-09-03 23:11:37
7157,1,541,92,2025-08-20 18:09:35
7158,81,2046,33,2025-09-10 15:12:31
7159,12,1446,39,2025-09-21 12:04:32
7160,16,799,95,2025-12-11 09:48:01
7161,25,4996,99,2025-09-27 16:13:21
7162,63,2513,38,2025-12-15 08:43:13
7163,11,2567,97,2025-07-14 04:21:24
7164,60,2651,11,2025-01-31 18:23:32
7165,66,3793,68,2025-08-26 03:32:23
7166,81,1951,72,2025-08-29 19:01:53
7167,33,3289,85,2025-12-02 10:56:30
7168,74,1223,81,2025-06-06 18:37:58
7169,28,3712,0,2026-02-03 05:23:25
7170,7,4935,46,2025-09-21 09:59:36
7171,67,902,28,2025-02-21 16:01:07
7172,74,2782,49,2025-04-04 03:57:41
7173,23,163,67,2025-02-01 14:44:52
7174,100,1951,74,2025-02-03 18:53:20
7175,74,236,78,2025-05-02 22:09:35
7176,58,2205,0,2025-11-14 15:54:28
7177,60,1015,98,2025-12-07 10:19:14
7178,32,1152,2,2025-09-07 17:40:50
7179,44,250,93,2025-06-03 08:37:44
7180,69,876,73,2025-11-27 20:23:58
7181,41,3294,5,2025-07-14 15:51:10
7182,43,115,56,2025-01-07 14:51:49
7183,61,3371,84,2025-02-10 15:37:12
7184,6,1860,44,2025-08-18 13:21:10
7185,70,3679,66,2025-08-05 06:37:04
7186,21,1862,80,2025-05-19 01:38:12
7187,33,3964,9,2025-08-11 02:46:34
7188,27,2278,75,2025-01-17 11:34:06
7189,85,2235,30,2025-10-20 20:12:02
7190,61,2707,61,2025-05-30 03:55:16
7191,40,3621,75,2025-06-14 19:55:12
7192,13,4988,72,2025-11-16 00:23:05
7193,83,356,70,2025-01-14 00:05:08
7194,71,4256,16,2025-03-29 11:27:52
7195,97,248,7,2025-05-02 08:04:48
7196,33,1767,76,2025-02-16 05:37:59
7197,99,4604,28,2025-07-12 12:34:12
7198,71,942,67,2025-04-29 06:12:46
7199,92,275,75,2025-05-31 08:13:30
7200,63,3647,3,2025-10-08 09:28:14
7201,100,2051,81,2025-08-12 19:57:06
7202,98,471,11,2025-08-12 16:32:18
7203,26,139,49,2025-01-20 10:35:31
7204,9,4037,11,2025-11-05 16:59:18
7205,25,3847,72,2025-12-25 02:49:07
7206,43,2506,34,2025-12-15 21:44:55
7207,87,657,29,2025-08-20 06:36:45
7208,31,3925,85,2025-08-12 15:03:42
7209,39,3736,38,2025-09-16 14:36:16
7210,15,3044,25,2025-04-23 12:37:08
7211,47,1292,58,2025-10-13 22:15:49
7212,92,1596,9,2025-10-27 06:47:15
7213,90,693,51,2025-02-12 09:41:22
7214,84,3306,17,2025-01-18 07:44:34
7215,46,4132,78,2025-10-11 21:41:14
7216,76,2385,27,2025-08-09 01:53:46
7217,34,3039,27,2025-12-10 17:16:49
7218,86,2355,3,2026-02-03 12:23:33
7219,41,2160,92,2026-01-07 10:50:23
7220,100,105,78,2025-12-20 12:31:05
7221,28,1582,1,2025-02-12 17:28:33
7222,63,3354,59,2025-11-09 13:58:42
7223,19,2926,38,2025-05-14 03:49:27
7224,19,3568,47,2025-03-28 03:08:17
7225,42,386,70,2025-07-12 21:45:55
7226,64,3050,45,2025-09-04 14:50:07
7227,72,86,98,2025-11-08 00:03:43
7228,26,410,92,2025-11-12 16:50:29
7229,9,2352,72,2025-09-14 12:06:24
7230,2,1134,33,2025-01-18 13:41:13
7231,95,3241,67,2025-01-08 16:24:09
7232,85,4110,53,2025-10-25 22:37:48
7233,69,4882,55,2025-03-13 06:06:20
7234,40,2662,15,2025-12-20 03:33:29
7235,43,4691,68,2025-03-02 19:37:20
7236,2,2595,78,2025-02-26 14:53:19
7237,37,916,75,2025-02-03 06:32:13
7238,25,1419,56,2026-01-02 17:50:40
7239,49,3583,20,2025-08-01 06:05:44
7240,82,382,63,2025-12-22 20:39:38
7241,66,2346,88,2025-08-11 18:04:52
7242,38,2134,40,2025-08-01 09:03:32
7243,72,4434,39,2025-06-20 11:59:09
7244,26,4899,75,2025-02-17 14:51:56
7245,53,2280,31,2025-03-13 04:41:32
7246,69,2576,87,2025-10-07 18:49:57
7247,99,4262,55,2026-02-04 14:05:32
7248,22,4536,60,2025-08-27 07:47:46
7249,69,875,83,2025-03-26 19:26:34
7250,42,4073,21,2025-05-15 08:49:14
7251,20,502,44,2025-11-08 11:26:45
7252,17,1417,83,2025-05-28 02:31:55
7253,58,1928,24,2025-03-07 02:36:09
7254,21,3458,25,2025-11-09 07:02:20
7255,80,1369,1,2026-01-17 03:18:56
7256,7,2727,34,2025-02-13 16:18:15
7257,27,2668,5,2025-05-23 02:14:15
7258,71,4098,50,2025-02-03 23:43:01
7259,9,2161,97,2025-07-21 09:11:56
7260,75,2142,62,2025-12-23 00:10:34
7261,1,3172,35,2025-07-19 23:42:24
7262,68,485,89,2025-06-07 19:42:57
7263,41,978,32,2025-02-03 10:09:23
7264,93,527,33,2025-01-11 02:30:55
7265,30,3015,44,2025-08-02 13:24:49
7266,88,4183,76,2025-12-25 20:35:54
7267,22,3923,12,2025-09-28 10:49:56
7268,52,673,32,2025-02-26 05:18:49
7269,24,1112,41,2025-04-15 01:28:15
7270,92,4485,19,2025-03-23 10:14:08
7271,63,902,25,2026-01-16 09:07:57
7272,8,4685,4,2026-01-26 15:57:35
7273,40,3095,79,2025-03-19 10:52:33
7274,54,4791,11,2025-04-06 16:27:32
7275,15,4823,50,2025-07-06 16:28:47
7276,25,1929,97,2025-04-12 07:07:39
7277,12,4420,93,2025-08-27 21:18:40
7278,48,2149,5,2025-01-10 08:26:25
7279,35,2953,22,2025-01-06 15:57:08
7280,27,657,92,2025-12-06 10:45:58
7281,8,2591,43,2025-07-04 15:58:04
7282,60,4926,33,2025-09-27 08:35:25
7283,87,2476,15,2025-09-18 09:52:16
7284,71,2479,87,2026-01-02 02:29:18
7285,65,4182,25,2025-04-01 18:48:16
7286,27,391,61,2025-02-27 23:43:50
7287,63,2135,32,2025-12-09 03:39:15
7288,45,1027,95,2025-10-27 13:40:50
7289,59,698,98,2025-11-19 20:56:56
7290,78,1438,21,2025-07-04 23:38:37
7291,85,800,26,2025-09-26 09:03:37
7292,19,871,54,2025-10-21 18:41:10
7293,72,2382,48,2025-10-17 15:30:36
7294,7,1994,34,2025-02-27 04:07:40
7295,28,4060,61,2025-12-12 16:52:57
7296,97,354,94,2025-05-12 10:15:23
7297,65,4785,72,2026-01-24 13:16:40
7298,41,2352,44,2026-01-07 20:04:36
7299,70,148,90,2025-12-29 23:21:57
7300,19,1776,76,2025-11-08 08:22:03
7301,57,1669,93,2025-10-27 18:57:25
7302,45,3052,90,2025-05-25 16:36:13
7303,48,913,73,2025-01-17 05:37:17
7304,34,2672,96,2025-11-07 01:50:40
7305,1,1215,63,2025-10-05 20:00:50
7306,78,335,54,2025-06-14 14:02:38
7307,10,2566,27,2025-12-05 20:32:04
7308,89,4668,83,2025-12-29 23:10:08
7309,60,4442,100,2025-10-24 00:06:34
7310,9,3254,94,2025-06-11 18:12:31
7311,72,233,69,2025-04-11 14:57:33
7312,8,2506,31,2025-04-25 04:50:50
7313,55,3990,1,2025-11-12 05:38:17
7314,68,2175,75,2025-04-12 08:27:45
7315,21,2113,46,2025-05-29 08:32:40
7316,37,1242,16,2025-03-29 01:14:06
7317,100,4817,8,2025-11-23 00:36:11
7318,52,3899,75,2025-03-04 19:01:38
7319,87,3717,30,2025-02-27 08:26:48
7320,43,4095,0,2025-11-29 23:00:38
7321,12,3328,15,2025-10-25 13:30:03
7322,78,2071,68,2025-03-03 18:49:11
7323,32,1000,39,2025-11-12 07:42:40
7324,65,3337,21,2025-04-18 15:19:36
7325,92,2274,75,2025-06-10 07:22:39
7326,13,4484,35,2025-07-09 09:10:41
7327,14,727,2,2025-07-23 11:15:30
7328,25,4749,79,2025-03-03 22:32:33
7329,34,3840,11,2025-01-30 14:45:52
7330,17,1906,9,2025-11-27 06:54:02
7331,97,3024,22,2025-12-24 00:19:33
7332,85,4402,93,2025-12-07 06:43:51
7333,29,4318,20,2025-03-21 04:51:25
7334,97,1268,80,2025-11-28 15:33:38
7335,77,1821,23,2025-08-01 17:59:15
7336,13,4913,47,2025-09-22 02:16:04
7337,52,2816,31,2025-06-28 14:41:48
7338,59,4326,25,2025-03-04 19:52:41
7339,40,2741,65,2025-10-23 19:49:49
7340,50,3189,12,2025-12-20 08:43:27
7341,100,779,30,2025-06-01 14:32:26
7342,62,2994,83,2025-02-23 18:03:14
7343,36,826,27,2025-12-31 14:21:38
7344,42,2414,2,2025-07-09 09:58:03
7345,43,4498,9,2026-01-12 15:19:46
7346,5,1763,16,2025-09-24 19:31:38
7347,90,3217,81,2025-11-27 16:48:24
7348,21,2848,19,2026-01-01 03:19:47
7349,50,4378,72,2026-01-31 04:00:59
7350,14,2680,54,2025-02-20 23:55:31
7351,91,1837,12,2025-08-21 23:33:33
7352,51,3933,31,2025-08-17 10:52:31
7353,43,63,3,2025-04-18 10:17:16
7354,38,3831,75,2025-07-05 20:00:04
7355,76,3344,36,2025-06-14 13:35:57
7356,76,2039,59,2025-09-07 02:54:52
7357,75,4108,99,2025-06-07 16:25:33
7358,98,2696,34,2025-10-21 18:56:46
7359,48,2843,81,2025-09-15 00:11:17
7360,7,2974,96,2025-09-19 04:46:39
7361,89,273,31,2025-01-22 09:41:15
7362,7,3818,40,2025-09-01 07:09:08
7363,43,2823,91,2025-11-10 04:01:48
7364,7,715,70,2025-11-27 04:35:34
7365,60,2988,43,2025-08-06 02:55:26
7366,15,1825,75,2025-09-15 12:01:15
7367,16,3061,32,2025-05-22 06:03:53
7368,66,3211,99,2026-01-28 06:24:43
7369,44,2900,81,2025-03-24 08:30:02
7370,51,2942,5,2025-08-03 02:50:48
7371,4,1294,79,2025-08-20 11:29:53
7372,65,3743,68,2025-04-01 05:19:37
7373,78,228,82,2025-03-31 19:20:37
7374,46,3028,15,2026-01-21 10:47:36
7375,33,3653,77,2025-06-01 21:00:00
7376,35,3286,37,2025-11-06 01:36:15
7377,77,2574,99,2025-05-02 16:35:31
7378,92,2989,6,2025-10-17 01:11:17
7379,92,1388,61,2025-08-28 22:30:36
7380,30,2181,91,2025-02-21 03:22:07
7381,47,18,56,2025-09-26 09:01:25
7382,84,3166,94,2025-05-26 17:24:46
7383,76,4792,30,2025-05-14 04:18:03
7384,30,3768,96,2025-02-26 11:11:59
7385,93,3456,73,2025-10-11 22:30:04
7386,92,201,49,2025-05-09 11:09:23
7387,29,4163,75,2025-11-11 19:02:19
7388,75,4434,1,2025-08-21 21:27:42
7389,87,2784,68,2025-07-15 01:17:12
7390,59,3993,33,2026-01-07 23:13:21
7391,42,4794,71,2026-01-02 21:00:02
7392,70,2416,76,2025-02-26 13:19:44
7393,23,466,81,2025-11-20 03:03:20
7394,53,2808,23,2025-12-01 14:20:45
7395,72,1675,45,2025-11-17 07:41:08
7396,59,4866,91,2025-01-04 01:14:31
7397,67,1408,54,2025-12-31 10:50:09
7398,85,712,98,2026-01-14 08:43:27
7399,43,1334,85,2025-02-23 18:10:02
7400,95,807,38,2025-05-17 00:18:14
7401,13,2598,54,2026-01-15 08:53:51
7402,86,892,18,2025-06-10 11:41:23
7403,100,3003,27,2025-03-11 01:31:18
7404,1,993,73,2025-11-20 13:12:47
7405,61,3603,0,2025-03-29 03:22:43
7406,90,2709,23,2025-10-09 00:29:00
7407,79,2806,81,2025-10-12 22:38:20
7408,91,795,42,2025-05-23 09:25:02
7409,78,1882,56,2025-08-29 16:51:08
7410,18,4573,26,2025-11-30 21:33:28
7411,37,3525,84,2025-03-18 20:34:47
7412,2,4546,59,2025-12-17 01:56:46
7413,26,3309,44,2025-01-14 01:51:36
7414,33,506,35,2025-03-18 05:48:19
7415,11,2718,52,2025-11-16 16:03:22
7416,31,1128,17,2025-07-12 11:13:17
7417,58,1143,63,2025-07-31 03:34:29
7418,14,1907,3,2025-08-29 00:44:58
7419,7,4557,3,2025-07-25 10:33:02
7420,38,3497,22,2025-09-16 10:08:06
7421,82,1951,49,2025-11-28 10:01:06
7422,47,735,100,2025-10-23 23:02:33
7423,96,3944,42,2025-04-09 23:18:45
7424,86,1131,19,2025-10-01 06:18:19
7425,32,4547,8,2025-02-07 19:03:11
7426,51,4539,32,2025-10-31 15:54:19
7427,59,4370,73,2025-05-01 22:12:26
7428,33,1549,100,2025-09-14 00:53:23
7429,48,2717,43,2025-04-10 22:44:08
7430,52,4997,96,2025-06-15 06:45:59
7431,44,2680,22,2025-04-10 00:22:45
7432,7,2394,87,2025-10-12 19:10:31
7433,19,1752,63,2025-09-30 09:34:24
7434,4,1965,65,2025-08-26 07:31:08
7435,63,3618,39,2025-12-03 07:22:51
7436,1,2397,25,2025-12-28 18:19:08
7437,41,4321,50,2026-02-01 08:24:54
7438,65,3337,30,2025-09-21 14:35:19
7439,42,1432,45,2025-04-18 18:12:08
7440,10,1042,90,2025-11-14 04:32:31
7441,67,769,77,2025-09-08 14:41:45
7442,30,4760,67,2025-11-14 16:00:39
7443,9,2029,89,2025-10-04 17:43:30
7444,44,4403,100,2025-11-07 06:48:19
7445,36,1836,8,2025-08-27 15:43:02
7446,57,3390,41,2026-01-16 01:25:54
7447,43,3664,49,2025-05-08 14:56:21
7448,44,2163,44,2025-11-08 12:42:04
7449,7,31,90,2025-02-08 11:45:57
7450,47,1842,5,2025-05-03 10:27:10
7451,46,2883,78,2025-12-14 11:50:03
7452,50,1714,11,2025-11-11 23:09:12
7453,47,2669,85,2026-01-02 16:52:12
7454,100,4197,52,2025-10-30 01:22:12
7455,1,1245,89,2025-01-07 19:52:13
7456,76,407,64,2025-02-28 16:41:44
7457,88,3348,32,2025-06-16 01:28:22
7458,33,1156,91,2025-01-05 12:23:24
7459,31,1996,38,2025-10-20 20:46:58
7460,75,1537,94,2025-09-01 01:09:15
7461,55,4746,7,2025-09-22 11:09:30
7462,40,4855,44,2025-05-18 13:05:28
7463,57,413,25,2025-01-26 13:33:26
7464,24,287,20,2025-01-12 17:32:43
7465,5,842,82,2025-11-29 23:18:24
7466,92,2727,54,2025-03-30 12:05:55
7467,23,284,60,2025-01-05 13:53:11
7468,28,543,1,2025-09-20 01:33:32
7469,48,1906,36,2025-05-10 15:51:43
7470,66,1879,10,2025-12-28 15:47:15
7471,30,2360,7,2026-01-12 18:15:04
7472,5,1365,65,2026-01-29 09:09:19
7473,59,1931,83,2025-12-07 04:39:34
7474,80,3010,93,2025-01-08 14:09:51
7475,96,961,52,2025-08-01 18:48:01
7476,92,2838,69,2025-01-18 12:19:18
7477,41,4912,8,2025-11-27 10:45:41
7478,96,225,51,2025-06-06 19:30:35
7479,15,2450,30,2025-09-19 03:08:09
7480,78,3010,32,2025-01-04 06:07:21
7481,1,252,80,2026-01-20 22:53:44
7482,71,3825,21,2026-01-02 20:52:29
7483,74,1381,18,2025-12-15 14:53:06
7484,27,45,15,2025-08-09 18:13:40
7485,99,1445,97,2025-06-17 10:41:44
7486,11,3537,13,2025-04-23 08:06:13
7487,12,3146,57,2025-02-01 22:29:37
7488,49,600,39,2025-03-30 04:59:23
7489,37,2604,87,2025-01-31 09:31:25
7490,43,1156,7,2025-07-13 09:19:24
7491,16,2305,12,2025-04-23 06:36:14
7492,40,754,88,2025-01-23 05:43:52
7493,22,1214,54,2025-10-25 14:34:08
7494,63,3476,34,2025-08-03 22:39:20
7495,90,2977,9,2025-09-25 10:22:43
7496,98,124,94,2025-04-16 10:25:09
7497,59,4294,14,2025-06-04 02:30:29
7498,39,4765,37,2025-06-24 06:29:24
7499,55,1010,2,2025-07-08 13:45:51
7500,72,4759,77,2025-06-28 21:29:27
7501,61,1341,67,2025-08-30 10:00:32
7502,58,2581,92,2025-07-27 13:48:33
7503,24,2519,75,2025-02-23 13:12:07
7504,61,1225,70,2025-03-24 01:54:51
7505,14,1437,64,2025-12-02 09:24:33
7506,5,4739,43,2025-07-06 12:51:45
7507,50,478,49,2025-09-04 15:00:16
7508,50,2738,74,2025-03-20 23:19:43
7509,67,4414,66,2025-01-04 00:35:39
7510,42,4638,11,2026-01-20 20:58:10
7511,27,4290,19,2025-04-09 02:24:27
7512,44,3333,93,2025-05-18 01:58:23
7513,35,1115,22,2025-06-28 01:35:12
7514,47,2984,35,2025-10-09 15:04:08
7515,36,1211,52,2025-12-07 11:38:05
7516,22,1260,35,2026-01-03 15:30:25
7517,71,463,39,2025-03-07 13:04:10
7518,89,486,48,2025-04-20 22:37:05
7519,50,444,44,2025-02-13 01:32:51
7520,81,4648,71,2025-07-22 00:05:48
7521,68,4406,57,2025-10-11 04:14:42
7522,19,3105,12,2025-09-18 01:54:31
7523,69,1274,87,2025-07-28 13:41:08
7524,43,4429,86,2026-01-10 23:38:19
7525,74,1149,31,2025-08-04 17:56:15
7526,60,1477,99,2025-07-02 12:33:39
7527,44,1792,95,2025-06-02 07:45:29
7528,24,1131,36,2025-07-13 04:43:41
7529,35,405,18,2025-02-27 06:57:06
7530,88,155,89,2025-06-21 01:23:15
7531,27,4292,1,2025-04-09 05:47:13
7532,15,318,19,2025-02-06 00:04:10
7533,92,3179,43,2025-07-05 00:06:43
7534,18,3650,15,2025-07-12 22:43:59
7535,77,3732,0,2025-10-15 20:40:28
7536,40,4544,67,2026-01-17 03:26:56
7537,24,575,15,2025-09-10 03:51:22
7538,66,2768,91,2025-11-14 02:54:44
7539,65,1204,48,2025-05-18 21:03:35
7540,26,1837,21,2025-02-16 16:13:02
7541,16,2852,62,2025-12-03 15:40:32
7542,46,376,22,2025-12-10 21:38:54
7543,93,4948,94,2025-01-07 08:43:44
7544,40,4594,18,2025-10-23 16:23:53
7545,97,2740,0,2025-03-29 02:01:32
7546,96,3505,94,2025-01-07 05:11:17
7547,16,1806,22,2025-04-02 20:07:26
7548,39,537,85,2025-09-16 20:28:04
7549,90,986,61,2025-09-18 20:55:26
7550,29,1265,51,2025-11-08 23:36:58
7551,67,1573,58,2025-12-13 03:01:50
7552,61,4314,1,2025-12-12 03:44:35
7553,83,751,98,2025-06-02 22:08:14
7554,100,742,37,2025-05-15 00:08:29
7555,100,4054,55,2025-04-30 09:10:15
7556,97,4180,64,2025-03-15 00:13:01
7557,23,2705,54,2025-04-02 22:18:56
7558,68,3006,80,2025-02-02 09:18:49
7559,11,2671,100,2025-01-30 06:17:40
7560,64,1168,70,2025-01-02 01:54:19
7561,59,1581,90,2025-01-27 04:07:57
7562,82,1086,25,2025-01-08 23:49:53
7563,79,1418,47,2025-08-08 16:32:15
7564,41,3166,77,2025-09-26 18:45:41
7565,51,595,70,2025-02-21 02:39:25
7566,66,2827,8,2025-06-21 07:30:09
7567,4,2054,86,2025-10-07 09:35:11
7568,100,1887,100,2025-12-02 06:40:21
7569,43,1417,96,2025-01-18 00:36:54
7570,60,841,50,2025-12-07 12:06:02
7571,40,3175,49,2025-09-20 07:16:18
7572,84,1717,30,2025-02-13 05:48:01
7573,21,2136,22,2025-12-05 04:39:43
7574,66,42,80,2025-08-10 13:31:22
7575,17,2700,59,2025-12-18 17:10:41
7576,59,2487,60,2025-04-20 23:04:19
7577,71,817,42,2025-09-17 07:15:01
7578,88,1731,0,2025-11-16 14:05:23
7579,57,2279,13,2025-08-06 14:25:34
7580,80,2117,67,2026-02-03 14:48:03
7581,48,4495,84,2025-08-03 11:18:22
7582,28,4817,15,2025-06-02 10:01:25
7583,100,1163,58,2025-07-03 07:42:18
7584,48,662,37,2025-02-14 08:04:36
7585,78,1356,56,2025-11-08 00:16:35
7586,75,224,7,2026-01-12 03:17:18
7587,22,3103,92,2025-02-04 08:52:54
7588,76,1664,71,2025-01-13 12:22:19
7589,35,1261,35,2025-12-20 11:00:58
7590,40,4912,62,2025-10-27 11:51:36
7591,16,3759,71,2025-07-14 12:53:39
7592,8,1574,21,2025-05-19 14:43:24
7593,41,4525,81,2025-06-07 08:13:12
7594,11,2070,99,2025-04-04 20:01:10
7595,62,67,47,2025-05-23 15:51:35
7596,47,3036,26,2025-06-09 01:16:22
7597,92,3000,88,2025-03-07 01:48:10
7598,52,1538,34,2025-08-19 13:04:17
7599,60,3018,20,2025-07-30 17:33:09
7600,16,1583,11,2025-08-07 08:49:54
7601,19,4960,25,2025-02-06 21:49:27
7602,66,306,89,2025-05-09 08:09:16
7603,46,4158,4,2025-03-24 05:00:00
7604,2,4154,57,2025-09-24 06:45:04
7605,26,1226,5,2025-08-21 14:49:53
7606,15,4347,29,2025-05-09 22:17:23
7607,97,2658,48,2025-06-20 03:04:24
7608,86,4480,67,2025-12-19 20:04:15
7609,11,4587,61,2025-11-22 14:37:22
7610,40,4410,20,2025-11-23 01:52:26
7611,61,3076,61,2025-03-23 16:48:15
7612,30,883,89,2025-05-13 17:19:54
7613,32,28,55,2025-06-09 13:53:54
7614,25,4117,98,2026-01-31 10:16:44
7615,95,3894,13,2025-09-13 00:47:46
7616,83,908,80,2025-11-01 02:36:38
7617,63,957,11,2026-01-28 07:25:39
7618,25,1286,98,2025-10-30 05:04:15
7619,65,1127,89,2025-04-30 06:20:30
7620,36,3697,27,2025-08-07 18:45:20
7621,8,1239,5,2026-01-08 21:11:26
7622,72,545,87,2025-03-11 10:25:48
7623,90,3376,27,2025-08-23 22:33:24
7624,18,3461,55,2025-10-01 13:02:20
7625,85,2527,32,2025-04-10 12:57:14
7626,7,1331,52,2025-06-26 07:16:25
7627,51,753,19,2025-03-13 01:14:57
7628,68,3965,27,2025-06-24 09:31:17
7629,13,3793,45,2025-06-02 19:07:17
7630,87,665,53,2025-11-12 10:28:45
7631,17,3448,79,2025-09-14 02:20:13
7632,44,2099,14,2025-04-03 17:07:42
7633,16,1101,99,2025-04-26 15:55:48
7634,10,2064,1,2025-07-12 17:04:32
7635,73,2625,55,2025-03-20 16:27:56
7636,99,1549,93,2025-09-25 22:45:07
7637,50,840,95,2025-11-30 00:04:38
7638,3,4283,19,2025-07-17 07:12:52
7639,74,2462,87,2025-05-07 15:07:05
7640,96,35,83,2025-10-24 16:26:57
7641,82,3376,73,2025-05-29 04:09:23
7642,95,1625,15,2025-09-08 00:30:51
7643,81,4789,91,2025-08-31 05:44:12
7644,38,4057,38,2025-05-23 17:21:53
7645,89,2266,38,2025-10-29 07:08:02
7646,10,4592,100,2025-12-29 00:24:22
7647,14,3849,36,2025-12-10 01:07:37
7648,19,1577,68,2025-03-05 16:59:30
7649,65,4605,1,2025-05-16 15:04:35
7650,37,4390,97,2025-02-25 12:40:03
7651,48,3104,32,2025-06-06 14:50:09
7652,8,3962,32,2025-10-28 18:13:18
7653,97,2798,2,2025-08-08 13:30:47
7654,76,3000,60,2025-10-31 13:55:09
7655,61,3216,72,2025-08-02 04:23:54
7656,81,2504,37,2025-12-23 21:30:58
7657,43,4873,71,2025-09-30 12:07:54
7658,97,2534,45,2025-05-31 14:09:44
7659,29,512,94,2026-02-03 04:46:29
7660,18,2418,24,2025-02-06 23:39:44
7661,5,1714,27,2025-11-11 11:22:28
7662,60,4181,32,2025-07-03 17:46:24
7663,86,3958,44,2025-04-19 16:31:32
7664,90,2726,59,2026-01-19 01:08:41
7665,75,294,74,2025-05-03 08:52:48
7666,63,1793,85,2025-05-27 15:44:00
7667,91,1531,11,2025-12-02 16:37:01
7668,59,1678,70,2025-12-30 19:56:00
7669,14,4956,81,2025-07-22 02:37:02
7670,29,8,4,2025-01-10 14:04:33
7671,58,4542,26,2025-07-14 21:13:07
7672,85,3292,55,2025-12-08 08:25:52
7673,6,657,67,2025-01-10 16:19:13
7674,95,4492,98,2025-08-21 09:50:28
7675,66,2957,1,2025-12-13 05:18:05
7676,20,275,34,2025-10-26 07:55:29
7677,38,1339,60,2025-04-12 14:24:08
7678,14,4981,5,2026-01-08 03:34:37
7679,94,2085,34,2025-11-21 21:05:47
7680,50,166,1,2025-03-30 20:36:55
7681,41,2905,100,2025-10-14 01:21:21
7682,46,1562,39,2025-08-28 03:31:57
7683,99,2733,82,2025-12-27 12:15:26
7684,18,323,54,2025-01-26 19:47:28
7685,83,2089,16,2025-04-03 17:49:07
7686,77,4306,80,2025-11-17 18:30:25
7687,49,406,72,2025-08-29 08:16:12
7688,75,3049,1,2025-09-03 07:07:21
7689,51,1099,63,2025-12-24 12:13:06
7690,58,4317,11,2025-02-17 01:58:29
7691,78,3489,87,2025-03-27 06:08:59
7692,95,4158,87,2025-11-24 10:13:48
7693,6,1025,46,2025-11-06 01:46:25
7694,83,3761,99,2025-08-02 23:24:30
7695,35,2452,90,2025-02-25 15:19:18
7696,46,4848,39,2025-03-19 19:49:18
7697,56,1219,87,2025-08-19 11:19:06
7698,56,50,69,2025-04-12 13:09:16
7699,27,4542,17,2025-12-11 11:22:30
7700,66,30,84,2025-06-28 16:29:37
7701,17,1631,30,2025-06-09 17:42:33
7702,46,2000,1,2025-09-23 09:49:45
7703,99,471,73,2025-12-30 15:10:54
7704,34,4903,28,2025-11-20 05:27:35
7705,2,3003,58,2025-10-09 04:54:02
7706,25,181,3,2025-03-09 05:46:44
7707,58,4456,54,2025-10-13 09:55:15
7708,2,517,93,2025-10-17 08:46:42
7709,45,2313,6,2026-01-02 19:01:53
7710,7,286,26,2025-07-17 10:20:19
7711,15,2028,53,2025-11-02 16:33:49
7712,12,129,42,2025-09-28 01:10:25
7713,44,2567,27,2025-06-14 16:33:45
7714,25,2023,13,2025-02-05 07:31:26
7715,25,400,34,2025-01-06 02:42:01
7716,81,1983,5,2025-10-21 07:28:46
7717,59,4710,81,2025-01-23 13:00:37
7718,50,1333,58,2025-01-29 12:00:38
7719,95,4752,83,2025-05-21 07:29:54
7720,87,1774,82,2025-03-25 05:13:54
7721,25,1596,40,2025-12-13 17:21:39
7722,52,906,11,2025-03-24 09:29:32
7723,48,2571,53,2025-07-14 00:46:04
7724,76,441,10,2025-02-21 13:30:03
7725,50,275,46,2025-12-15 07:11:56
7726,25,4345,98,2025-03-16 15:37:00
7727,75,2051,88,2025-08-30 17:41:38
7728,35,4118,17,2025-10-27 13:41:31
7729,45,2978,88,2026-01-31 01:07:59
7730,69,1385,50,2025-03-17 19:40:01
7731,46,1485,50,2025-08-27 06:31:43
7732,34,2002,36,2025-12-20 04:37:53
7733,58,4445,44,2025-01-25 19:33:32
7734,83,3641,36,2025-09-10 15:30:00
7735,91,1352,16,2025-10-03 22:57:47
7736,16,328,100,2025-01-20 09:59:10
7737,70,455,15,2025-07-01 07:58:29
7738,59,4927,21,2025-09-04 07:16:21
7739,41,3712,17,2025-05-19 17:23:51
7740,20,932,53,2025-10-24 08:34:08
7741,71,2378,75,2025-11-22 12:32:09
7742,28,4978,82,2025-01-29 18:58:02
7743,29,4887,21,2025-11-03 22:54:09
7744,15,2676,48,2025-09-16 18:15:22
7745,37,165,88,2025-01-03 18:59:24
7746,37,320,34,2025-05-05 18:32:43
7747,19,1920,23,2025-12-19 22:16:12
7748,18,2295,77,2026-01-14 04:29:57
7749,30,3454,43,2025-11-21 07:51:17
7750,95,4950,64,2025-07-30 01:09:23
7751,92,1147,87,2025-06-17 17:29:26
7752,74,1772,58,2025-06-08 02:30:40
7753,45,1522,29,2025-07-22 16:38:53
7754,26,671,29,2025-04-22 03:02:45
7755,57,299,88,2025-09-28 07:33:58
7756,83,330,95,2025-05-09 04:21:21
7757,9,1324,74,2025-09-22 21:12:27
7758,38,1949,50,2025-11-21 07:43:33
7759,74,3525,20,2025-03-19 09:55:22
7760,97,2545,28,2025-05-03 07:13:05
7761,48,2095,72,2026-01-14 11:10:10
7762,57,402,28,2026-01-04 07:44:34
7763,77,5000,21,2025-07-13 13:30:16
7764,31,2074,100,2025-05-30 08:15:19
7765,47,1881,3,2025-07-05 07:23:00
7766,10,3974,34,2025-07-16 10:46:32
7767,6,3445,19,2025-07-27 13:57:56
7768,86,922,18,2025-07-19 06:46:51
7769,94,2706,44,2025-12-23 03:50:10
7770,100,3117,4,2025-05-12 16:41:41
7771,67,2067,49,2025-11-06 07:05:11
7772,61,3871,2,2025-09-09 22:18:10
7773,86,2589,18,2025-05-15 22:56:14
7774,3,3519,22,2025-04-20 02:34:46
7775,31,4743,19,2025-01-01 20:34:55
7776,15,3793,49,2025-06-24 16:31:54
7777,14,700,28,2025-04-18 07:56:40
7778,5,4946,24,2025-09-12 17:24:28
7779,19,1070,100,2025-10-19 15:24:39
7780,34,4510,3,2026-01-07 02:49:09
7781,39,1682,59,2025-10-25 16:29:29
7782,45,2634,27,2025-07-20 03:31:23
7783,81,3203,2,2025-08-22 13:09:41
7784,95,4040,9,2025-05-21 08:18:11
7785,9,4078,79,2025-12-02 00:27:40
7786,4,4233,19,2025-09-18 08:57:50
7787,82,4232,53,2025-06-02 18:51:14
7788,32,1136,41,2025-02-12 00:21:44
7789,89,1217,53,2025-01-21 04:05:26
7790,44,4740,66,2025-08-17 05:20:52
7791,49,3422,21,2025-07-19 21:09:51
7792,88,388,74,2025-07-05 19:06:56
7793,1,267,66,2025-11-07 10:47:45
7794,62,1788,98,2025-08-26 12:47:59
7795,22,2632,24,2026-02-04 21:22:18
7796,54,3247,20,2025-11-05 23:37:18
7797,25,4694,95,2025-03-16 22:09:51
7798,31,3638,17,2025-11-22 02:57:19
7799,65,1797,85,2025-09-12 12:07:55
7800,78,1788,84,2025-01-07 14:38:49
7801,86,3703,21,2025-02-26 12:30:44
7802,76,3331,77,2025-04-22 21:37:17
7803,32,3172,41,2025-10-03 16:17:28
7804,68,2353,51,2025-03-26 10:21:48
7805,28,2277,63,2025-05-30 15:55:32
7806,87,4957,17,2025-01-20 18:45:13
7807,23,312,7,2025-02-02 04:38:02
7808,53,4319,0,2025-04-07 02:27:43
7809,47,121,100,2025-10-14 08:07:03
7810,91,3217,55,2025-02-19 23:16:56
7811,65,3722,97,2025-04-22 22:55:24
7812,51,662,50,2025-08-18 23:50:52
7813,22,2323,16,2025-09-07 21:56:36
7814,37,3872,66,2025-04-19 17:43:23
7815,52,1492,43,2025-06-18 05:40:44
7816,2,1950,42,2025-05-02 08:56:09
7817,86,3950,91,2025-10-26 01:43:52
7818,20,2406,27,2025-01-06 05:40:29
7819,37,3359,31,2025-08-28 03:59:09
7820,83,1791,23,2025-12-20 02:31:00
7821,11,2628,23,2025-08-28 08:48:45
7822,1,2003,62,2025-01-30 09:58:22
7823,30,3226,35,2025-09-08 00:00:29
7824,50,2706,86,2025-07-20 10:15:57
7825,68,623,53,2026-01-19 06:56:35
7826,43,3821,52,2025-01-19 21:22:58
7827,10,664,70,2025-07-01 06:23:07
7828,87,1147,94,2025-08-10 09:45:02
7829,26,159,1,2025-04-04 21:59:50
7830,12,1054,20,2025-03-28 03:31:45
7831,36,4411,34,2025-07-17 02:58:11
7832,59,3813,8,2025-02-18 20:25:56
7833,82,1208,63,2025-07-04 12:51:06
7834,29,2037,95,2025-04-27 05:28:00
7835,7,4020,52,2025-11-12 06:36:34
7836,67,1018,42,2025-06-18 04:20:31
7837,88,2631,31,2025-01-02 07:20:47
7838,97,3156,4,2025-07-08 09:30:17
7839,15,3728,98,2025-01-20 04:22:58
7840,26,2342,5,2025-08-30 17:02:02
7841,70,3861,70,2025-12-26 06:58:59
7842,84,3868,0,2025-11-17 09:35:04
7843,22,1711,19,2025-02-22 09:36:39
7844,82,3633,4,2025-09-22 20:53:08
7845,3,2722,27,2025-07-23 12:02:16
7846,8,2387,33,2025-09-19 10:31:36
7847,6,2203,82,2025-10-30 10:10:20
7848,14,3329,53,2026-01-06 01:57:58
7849,30,3581,52,2025-10-16 07:18:08
7850,79,853,41,2025-04-10 09:16:31
7851,93,358,0,2025-08-01 00:58:42
7852,13,3596,39,2025-04-06 04:37:18
7853,13,1390,59,2025-06-08 20:18:29
7854,5,4460,69,2025-06-30 22:33:57
7855,49,23,36,2026-01-28 02:15:59
7856,74,4779,37,2025-11-14 18:48:07
7857,25,465,66,2025-02-28 15:49:15
7858,66,4880,73,2026-01-23 05:14:34
7859,57,3882,8,2025-09-21 04:06:42
7860,94,2547,19,2025-08-04 04:12:19
7861,46,326,28,2025-05-01 13:38:41
7862,52,961,68,2025-07-27 02:33:28
7863,57,2012,29,2025-02-21 19:06:41
7864,58,188,2,2025-03-20 11:05:36
7865,70,4269,38,2025-09-17 18:05:19
7866,46,3358,78,2025-07-28 07:58:30
7867,50,1113,9,2025-06-07 08:39:29
7868,35,170,50,2025-05-16 03:12:26
7869,7,4516,90,2025-04-28 07:47:42
7870,42,481,34,2025-05-21 22:17:17
7871,62,2646,56,2025-08-19 12:47:26
7872,36,3434,100,2025-11-09 09:41:22
7873,22,2687,52,2025-02-03 15:38:45
7874,61,4295,3,2025-11-21 15:46:40
7875,10,1892,22,2025-07-23 13:47:34
7876,21,3290,88,2025-11-19 17:57:14
7877,78,778,22,2025-06-08 14:57:34
7878,22,3426,94,2025-11-14 17:24:29
7879,63,2606,92,2025-11-13 06:05:59
7880,37,1783,86,2025-02-21 17:46:28
7881,76,1772,33,2025-10-31 02:38:13
7882,46,2707,15,2025-07-16 06:56:09
7883,65,1131,19,2026-01-19 20:50:13
7884,8,5000,54,2025-02-17 07:48:57
7885,30,4204,69,2025-08-27 22:08:45
7886,59,3626,80,2025-06-23 04:06:43
7887,98,1389,68,2025-12-10 19:36:16
7888,8,686,12,2025-05-28 14:10:11
7889,93,2195,53,2025-11-20 05:50:16
7890,22,3664,85,2025-03-12 17:24:27
7891,67,1694,31,2025-08-15 11:09:51
7892,92,3870,86,2025-12-05 07:01:26
7893,44,3171,30,2025-09-03 04:43:11
7894,26,1998,65,2025-11-27 20:42:15
7895,2,4437,93,2025-03-25 18:11:41
7896,80,1039,98,2025-01-30 17:22:17
7897,77,2206,92,2025-02-12 18:38:33
7898,57,1232,58,2025-09-23 08:45:59
7899,57,528,56,2025-01-14 17:56:27
7900,2,3938,75,2025-05-10 16:51:04
7901,53,2463,73,2026-01-10 22:48:43
7902,57,416,84,2025-09-03 16:44:49
7903,35,3532,3,2025-06-08 09:59:45
7904,94,4001,75,2025-05-30 18:38:51
7905,28,3272,51,2025-02-26 10:23:18
7906,59,4210,69,2025-01-09 11:05:16
7907,29,4056,37,2025-04-24 19:37:37
7908,90,2484,78,2025-02-14 23:46:46
7909,85,437,22,2025-03-01 05:58:25
7910,70,4489,70,2025-06-24 01:28:59
7911,51,3954,95,2025-04-09 18:44:14
7912,42,1448,37,2025-01-14 03:31:24
7913,90,515,18,2025-02-28 04:59:34
7914,8,4434,27,2025-12-13 15:29:39
7915,12,2722,17,2025-10-28 18:35:33
7916,87,4557,64,2025-07-11 15:39:56
7917,58,268,53,2025-04-02 09:22:03
7918,59,4104,43,2025-03-13 10:10:29
7919,74,4461,84,2025-10-11 18:39:45
7920,46,2082,76,2025-01-14 09:12:10
7921,25,4039,94,2025-06-20 08:07:18
7922,83,2237,42,2025-04-28 16:23:32
7923,67,3294,9,2025-10-27 06:54:46
7924,33,1087,89,2025-09-17 10:17:10
7925,67,4722,32,2025-04-22 18:33:30
7926,67,454,29,2025-08-22 17:31:58
7927,17,3832,5,2025-03-31 08:38:48
7928,46,2790,24,2025-01-06 13:26:52
7929,89,2978,0,2025-01-26 06:20:56
7930,49,1611,66,2026-01-23 12:45:22
7931,64,4381,8,2026-01-03 21:07:55
7932,18,3498,56,2025-05-17 17:39:59
7933,80,3874,41,2025-03-25 14:26:51
7934,90,4097,60,2025-05-26 03:26:20
7935,72,1307,29,2025-09-14 07:34:35
7936,45,1968,83,2026-01-16 22:01:58
7937,27,380,94,2026-01-02 09:46:27
7938,73,2526,80,2025-10-23 09:18:35
7939,48,382,72,2025-08-13 09:53:38
7940,17,2471,38,2025-08-17 23:58:24
7941,9,1742,30,2026-01-23 17:56:25
7942,94,1787,51,2025-09-12 21:46:17
7943,86,321,91,2025-06-10 13:16:58
7944,72,2413,85,2025-05-15 12:01:29
7945,94,1751,2,2025-01-26 15:20:05
7946,90,3247,38,2025-10-15 13:27:52
7947,78,663,12,2025-06-19 10:22:08
7948,74,4020,77,2025-01-03 12:58:59
7949,22,4991,92,2025-03-05 07:36:05
7950,80,610,64,2026-01-22 04:35:45
7951,26,3932,63,2025-07-20 04:29:32
7952,22,2646,27,2025-03-18 18:12:17
7953,33,4908,20,2026-01-13 09:34:35
7954,55,3655,73,2025-12-21 22:50:24
7955,7,407,77,2025-11-10 17:53:03
7956,14,1071,73,2026-01-18 22:54:04
7957,49,33,58,2025-03-06 21:50:34
7958,16,3444,86,2025-12-31 22:19:35
7959,57,4707,98,2026-01-14 03:02:57
7960,56,4977,22,2025-10-28 14:28:16
7961,26,3620,58,2025-10-02 19:27:02
7962,9,4704,52,2026-01-20 09:33:37
7963,14,3398,11,2025-01-06 09:47:40
7964,46,1972,57,2026-01-08 01:25:52
7965,55,3360,25,2025-09-24 15:14:00
7966,60,2036,86,2026-01-23 18:26:18
7967,73,2041,39,2025-03-16 05:12:33
7968,53,3188,43,2025-10-20 15:08:24
7969,23,3039,98,2025-04-03 17:00:44
7970,72,1561,84,2025-05-09 21:36:06
7971,11,1295,4,2025-01-28 11:20:55
7972,81,1604,23,2025-02-07 01:54:01
7973,42,2591,26,2025-12-15 11:21:32
7974,82,522,95,2025-01-11 18:45:32
7975,93,4696,28,2025-09-08 17:43:53
7976,58,3984,41,2025-02-19 00:04:10
7977,41,4599,72,2025-09-04 06:16:25
7978,29,2263,96,2025-12-13 02:43:11
7979,76,943,0,2025-10-16 02:32:04
7980,30,4117,25,2025-05-20 04:06:25
7981,36,2851,36,2025-09-29 09:03:31
7982,95,4359,64,2025-03-04 11:42:34
7983,97,4175,75,2025-10-19 19:19:59
7984,64,2357,13,2025-03-02 16:54:17
7985,91,1448,75,2025-12-23 11:32:48
7986,40,4444,10,2025-12-24 03:56:58
7987,6,2878,18,2025-12-26 22:22:51
7988,87,3153,57,2025-02-04 03:34:59
7989,90,4031,28,2025-05-18 14:51:22
7990,85,1975,75,2025-03-25 21:35:45
7991,59,1975,12,2025-11-17 00:04:48
7992,11,4559,7,2026-02-05 08:02:50
7993,91,1712,54,2025-12-31 07:32:13
7994,75,1974,56,2025-08-28 21:44:18
7995,10,2652,67,2025-12-22 15:32:09
7996,97,196,90,2025-11-15 02:03:34
7997,30,2914,69,2025-01-17 14:40:34
7998,77,3315,10,2025-12-22 22:14:18
7999,100,594,31,2025-11-28 03:45:02
8000,45,4088,10,2025-07-11 22:12:53
8001,61,3079,88,2025-04-17 00:17:37
8002,72,2868,78,2025-01-06 08:02:17
8003,57,51,37,2025-04-27 12:08:00
8004,37,4925,50,2026-01-02 08:43:44
8005,44,4739,32,2025-10-23 19:12:30
8006,72,2692,96,2025-06-15 08:48:42
8007,98,3155,46,2025-03-09 23:47:07
8008,40,2483,95,2025-11-10 11:02:16
8009,39,3594,34,2025-01-16 05:53:32
8010,37,4484,98,2026-01-31 19:26:07
8011,54,3211,72,2025-09-30 19:23:07
8012,55,492,61,2025-09-10 19:32:05
8013,6,1059,65,2025-09-25 05:31:56
8014,99,3256,64,2025-01-20 18:49:14
8015,97,2804,61,2025-10-29 21:21:48
8016,40,4601,10,2025-01-09 06:55:25
8017,70,3098,71,2025-01-01 23:18:43
8018,56,2726,84,2025-04-05 09:42:42
8019,98,3249,52,2026-01-19 16:36:11
8020,86,2742,55,2025-05-02 18:08:54
8021,99,2945,24,2025-08-23 19:04:12
8022,96,3928,63,2025-03-15 09:56:12
8023,29,740,90,2025-01-12 04:17:34
8024,51,1410,73,2025-04-09 12:22:58
8025,65,1780,60,2025-03-08 17:50:39
8026,16,1562,22,2025-10-10 14:00:52
8027,55,3082,90,2025-05-03 22:08:40
8028,38,4856,74,2025-12-01 06:45:04
8029,51,2881,70,2025-05-13 20:53:51
8030,20,435,55,2025-09-02 01:26:51
8031,50,2558,51,2025-05-06 05:44:53
8032,11,2396,25,2025-02-10 04:20:05
8033,24,3408,2,2025-12-13 14:06:02
8034,23,550,100,2025-09-01 19:37:54
8035,5,3833,14,2025-05-07 06:32:52
8036,3,3120,69,2025-12-09 19:23:23
8037,37,4931,76,2025-02-14 14:05:06
8038,52,3822,3,2025-09-16 11:11:39
8039,30,4457,88,2025-01-22 08:21:09
8040,1,4476,28,2025-08-25 14:27:38
8041,48,3747,46,2025-03-01 07:54:57
8042,95,397,54,2025-02-03 02:52:42
8043,9,1992,96,2025-04-13 21:23:17
8044,78,1099,61,2025-05-02 06:58:28
8045,43,4055,36,2025-06-16 17:05:54
8046,55,2864,82,2025-01-10 05:37:35
8047,81,3816,52,2025-07-31 14:46:53
8048,1,266,49,2025-06-14 19:36:58
8049,36,3735,39,2025-04-30 06:29:54
8050,68,3830,83,2025-01-22 15:11:39
8051,17,2206,78,2025-08-21 17:55:12
8052,18,4825,63,2025-10-16 16:34:39
8053,20,858,60,2025-04-25 16:07:56
8054,17,3885,83,2025-09-17 12:08:05
8055,65,3287,12,2025-05-30 01:53:32
8056,100,2052,41,2025-03-05 15:45:26
8057,34,369,24,2025-07-24 09:41:59
8058,21,3249,62,2025-09-22 18:10:06
8059,37,3980,55,2025-04-15 23:12:43
8060,44,496,53,2025-01-25 10:02:11
8061,26,4707,87,2025-03-06 13:57:22
8062,7,791,91,2025-05-05 18:16:48
8063,88,2003,99,2025-09-01 08:46:42
8064,62,521,20,2025-11-09 01:25:08
8065,82,2903,96,2025-12-16 00:02:31
8066,49,668,94,2025-08-28 13:17:46
8067,29,4010,58,2025-06-13 16:42:22
8068,55,4774,89,2026-02-03 05:54:56
8069,76,2957,18,2025-04-28 23:50:09
8070,33,2250,4,2025-03-14 17:35:02
8071,26,1263,79,2025-06-19 13:24:44
8072,60,4501,8,2025-01-06 10:09:14
8073,29,438,44,2025-04-11 20:44:19
8074,55,589,7,2025-03-16 03:46:27
8075,95,3965,9,2025-06-16 08:32:34
8076,52,866,47,2025-10-01 00:30:31
8077,23,2526,18,2025-02-24 07:28:22
8078,71,3454,94,2026-01-31 02:57:46
8079,31,4715,29,2025-04-05 07:09:09
8080,50,4766,23,2025-06-19 19:23:49
8081,73,52,48,2026-01-18 17:38:51
8082,94,2276,50,2025-04-09 08:47:34
8083,56,1911,3,2026-01-22 13:42:27
8084,67,2093,23,2025-01-05 07:08:18
8085,66,2300,32,2025-02-10 15:14:59
8086,61,4448,87,2025-04-15 07:57:52
8087,32,756,23,2025-05-02 18:16:35
8088,94,91,86,2025-11-05 21:22:00
8089,60,300,45,2025-07-14 02:00:31
8090,68,787,45,2025-02-22 02:19:21
8091,10,2893,88,2025-06-04 20:11:06
8092,86,2116,55,2026-01-26 07:11:10
8093,70,4197,24,2025-06-21 01:59:22
8094,34,4033,48,2025-05-01 07:12:20
8095,93,2857,35,2025-08-31 15:15:40
8096,84,4917,33,2025-10-17 12:13:33
8097,41,3003,78,2025-09-09 18:00:20
8098,66,850,22,2025-07-17 15:48:57
8099,94,2174,44,2025-01-30 18:40:56
8100,90,1463,22,2025-07-25 02:34:54
8101,6,3900,26,2025-02-01 08:04:49
8102,54,4701,6,2025-04-01 02:20:25
8103,10,1760,74,2025-03-08 19:06:50
8104,57,1105,58,2025-06-24 02:43:32
8105,72,1728,35,2025-09-02 17:25:16
8106,25,1892,41,2025-04-25 23:26:47
8107,23,4769,30,2025-06-19 06:17:25
8108,5,1252,56,2026-01-20 04:50:59
8109,94,2715,82,2025-03-05 23:30:41
8110,57,4704,12,2025-10-02 03:00:47
8111,91,2293,7,2025-10-11 09:24:15
8112,26,3493,46,2025-06-08 23:32:52
8113,22,2443,28,2025-12-16 17:53:05
8114,59,4509,11,2025-10-03 00:04:06
8115,47,322,55,2025-11-07 22:47:19
8116,98,4892,92,2025-07-20 06:32:49
8117,3,3014,7,2025-03-03 05:58:55
8118,6,3148,18,2025-11-11 05:52:58
8119,31,1409,69,2026-01-24 01:44:52
8120,33,4785,14,2025-01-17 22:56:14
8121,36,4573,28,2025-04-01 20:19:14
8122,82,304,77,2025-09-17 08:28:54
8123,59,3651,25,2025-09-27 11:25:15
8124,2,851,79,2025-02-21 13:57:00
8125,71,1822,92,2026-01-03 12:57:34
8126,82,2605,95,2026-01-07 11:00:30
8127,77,4445,61,2025-07-13 05:17:22
8128,8,3667,87,2025-10-15 12:26:40
8129,94,2795,53,2025-12-21 01:47:55
8130,75,2923,16,2025-10-04 06:18:12
8131,59,4214,15,2025-06-12 03:44:20
8132,68,4635,32,2026-01-30 04:46:48
8133,69,2928,60,2025-11-10 12:05:46
8134,51,183,99,2025-12-31 16:46:05
8135,44,1100,88,2025-04-11 23:09:24
8136,37,1043,64,2025-08-13 02:03:24
8137,73,3636,64,2026-01-07 21:42:34
8138,87,4912,84,2025-07-07 20:49:54
8139,99,819,24,2025-12-25 12:07:41
8140,13,1893,93,2025-02-01 03:38:15
8141,5,453,57,2026-01-03 20:54:11
8142,79,4026,53,2025-06-05 09:08:46
8143,39,3618,65,2025-01-09 17:04:07
8144,42,4181,24,2025-05-22 16:08:49
8145,13,945,29,2025-06-28 03:49:33
8146,18,4493,46,2025-07-18 00:26:50
8147,41,2023,6,2025-11-24 21:51:48
8148,81,485,99,2025-08-23 18:26:10
8149,51,2900,46,2026-01-06 20:37:39
8150,24,1425,7,2025-01-28 02:32:40
8151,29,3068,8,2025-11-15 05:51:59
8152,42,2936,95,2025-09-29 21:37:36
8153,87,1084,32,2025-06-03 02:14:37
8154,65,172,75,2025-08-15 03:32:05
8155,51,1225,26,2025-03-11 15:32:36
8156,16,446,83,2025-05-11 18:17:00
8157,92,4341,34,2025-09-08 08:06:24
8158,91,2868,89,2025-03-28 16:04:09
8159,73,4190,99,2025-09-12 11:16:24
8160,34,3242,78,2025-10-26 05:49:51
8161,27,2029,25,2025-03-29 19:31:41
8162,27,4700,58,2025-11-07 19:25:29
8163,83,3496,93,2025-07-16 23:28:59
8164,99,1049,51,2026-01-28 21:04:13
8165,63,493,43,2025-04-25 15:13:17
8166,60,3603,15,2025-08-04 20:11:25
8167,37,911,72,2025-10-15 18:41:18
8168,83,3549,75,2025-04-14 11:22:41
8169,28,1053,22,2025-05-13 16:29:06
8170,63,2769,52,2025-07-20 05:29:21
8171,83,3103,48,2026-01-11 07:34:43
8172,14,4374,21,2025-06-02 08:39:45
8173,77,3830,40,2025-05-30 16:40:10
8174,89,567,59,2025-01-15 05:24:43
8175,80,4176,26,2026-01-20 17:33:13
8176,79,581,24,2025-04-12 13:07:20
8177,42,1053,99,2025-08-10 15:10:24
8178,9,4528,43,2025-03-29 01:18:54
8179,82,4387,43,2026-01-13 15:03:12
8180,57,1991,13,2025-06-28 11:09:25
8181,80,63,34,2026-01-08 08:47:25
8182,97,1345,58,2026-01-16 22:54:14
8183,74,364,70,2025-03-07 05:01:55
8184,23,4497,23,2025-03-03 07:11:37
8185,40,2838,46,2025-06-28 15:09:16
8186,57,2228,61,2025-01-17 17:57:58
8187,83,2949,27,2026-01-06 08:57:55
8188,89,2499,4,2025-06-20 12:41:10
8189,55,1878,29,2025-05-28 21:59:17
8190,95,4272,51,2025-02-07 00:24:31
8191,44,2606,56,2025-10-13 15:29:07
8192,67,4126,38,2025-02-25 21:12:52
8193,17,3073,100,2025-01-22 04:24:30
8194,95,4093,28,2025-03-21 09:16:35
8195,93,3975,99,2026-01-16 19:47:57
8196,16,3903,33,2025-11-20 08:30:41
8197,65,1536,30,2025-08-21 01:12:17
8198,20,4903,78,2025-12-22 18:24:42
8199,63,1262,22,2025-06-25 13:21:35
8200,52,4299,70,2025-09-28 16:17:43
8201,12,1752,63,2025-07-07 03:20:22
8202,81,1096,62,2025-10-27 18:15:08
8203,78,2749,21,2026-01-25 09:52:05
8204,53,87,73,2025-10-02 17:30:10
8205,97,4344,6,2025-10-26 19:07:13
8206,36,3845,92,2025-11-07 03:52:35
8207,34,2406,59,2025-02-26 09:08:17
8208,7,3163,55,2026-01-26 09:09:26
8209,10,2746,8,2025-11-06 17:12:47
8210,29,3014,58,2026-01-04 10:12:10
8211,9,4432,39,2025-07-11 18:05:34
8212,53,336,23,2025-11-25 01:11:08
8213,34,4322,7,2025-08-10 15:23:21
8214,81,1842,16,2025-04-08 09:07:21
8215,79,1125,99,2025-05-07 06:38:43
8216,83,713,46,2025-07-03 03:54:48
8217,34,2348,33,2025-12-10 11:18:42
8218,97,3196,27,2025-11-07 03:42:30
8219,99,4137,7,2025-11-19 01:01:44
8220,88,2604,30,2025-09-21 08:41:08
8221,7,4094,81,2025-07-01 22:10:07
8222,76,2642,22,2025-10-17 20:08:06
8223,50,285,48,2025-10-01 14:43:24
8224,31,3396,21,2025-04-23 06:45:36
8225,36,614,85,2025-07-19 09:08:44
8226,62,3977,13,2025-12-31 03:52:22
8227,79,290,55,2025-03-16 16:30:08
8228,69,1662,32,2025-06-05 10:23:52
8229,64,4572,45,2025-03-30 01:07:36
8230,12,4369,74,2026-01-04 16:50:51
8231,44,3292,53,2025-01-21 13:58:51
8232,3,3330,25,2025-06-25 09:36:40
8233,35,1105,76,2025-11-07 15:22:13
8234,36,3600,40,2025-01-15 09:09:05
8235,75,3287,24,2025-12-11 21:27:46
8236,24,4035,36,2025-01-17 09:31:45
8237,88,3301,26,2025-10-20 19:36:08
8238,45,394,41,2025-04-18 18:05:34
8239,30,129,20,2025-05-01 02:10:56
8240,45,428,61,2025-02-22 01:59:53
8241,37,2998,70,2025-05-12 08:19:01
8242,88,2625,86,2025-08-13 01:37:26
8243,81,468,1,2025-07-08 03:55:03
8244,39,2407,93,2025-01-16 10:10:25
8245,66,3407,82,2025-11-05 17:24:27
8246,96,458,0,2025-05-08 00:34:56
8247,50,2731,61,2025-04-06 21:56:05
8248,66,4337,32,2026-01-10 09:56:56
8249,5,4502,6,2025-12-27 11:44:18
8250,99,1324,36,2025-10-19 16:15:00
8251,19,2308,83,2025-07-15 18:17:42
8252,97,648,55,2025-07-04 21:21:23
8253,93,2857,87,2025-07-03 11:31:28
8254,82,4845,4,2025-09-25 06:44:09
8255,23,3912,25,2025-03-11 01:09:16
8256,45,1331,16,2025-07-07 02:08:24
8257,58,1489,76,2025-09-06 04:38:20
8258,24,1398,28,2025-10-13 14:51:21
8259,1,4811,15,2025-04-03 16:46:57
8260,55,471,53,2025-08-15 20:58:54
8261,62,2658,12,2025-12-09 11:59:55
8262,90,3291,29,2025-09-08 22:51:26
8263,96,275,22,2025-06-13 19:13:13
8264,85,4310,11,2025-10-14 11:52:09
8265,86,3637,66,2025-07-29 04:18:15
8266,65,21,36,2025-05-20 11:33:59
8267,35,2027,7,2026-01-11 07:28:05
8268,48,3818,47,2025-09-20 06:04:27
8269,85,3127,24,2025-03-17 07:13:43
8270,2,163,35,2025-03-13 11:27:38
8271,54,1963,32,2026-01-11 20:24:12
8272,32,3005,3,2025-09-21 06:12:01
8273,47,4400,40,2025-01-25 21:11:31
8274,46,47,89,2025-08-09 18:58:05
8275,78,1195,52,2025-01-25 08:16:33
8276,46,336,43,2025-02-25 07:39:18
8277,62,3900,16,2025-08-09 14:13:40
8278,10,2016,36,2026-01-31 22:45:19
8279,72,4181,77,2025-02-26 23:20:24
8280,35,1583,69,2025-01-02 22:52:09
8281,32,1609,9,2025-02-06 18:27:07
8282,73,588,55,2025-11-10 06:30:25
8283,5,2691,93,2025-08-15 02:08:09
8284,72,1994,73,2026-01-09 22:51:11
8285,53,287,70,2025-07-31 00:33:10
8286,80,3133,96,2025-04-02 07:46:49
8287,82,519,77,2025-09-02 19:31:53
8288,38,4439,69,2025-01-11 00:54:08
8289,96,3925,14,2025-03-26 09:52:11
8290,100,1055,77,2025-01-23 22:53:31
8291,32,1167,59,2025-11-29 11:11:31
8292,89,4870,95,2026-01-04 06:56:09
8293,7,1487,89,2025-12-07 14:12:59
8294,36,321,65,2026-01-09 13:11:51
8295,32,3675,76,2025-02-18 02:53:30
8296,37,1661,94,2025-08-18 09:23:21
8297,3,4639,5,2025-09-04 06:37:44
8298,62,4269,38,2025-02-18 09:25:21
8299,3,5000,65,2026-02-01 02:54:53
8300,36,863,99,2025-09-02 19:41:33
8301,6,1866,53,2025-07-29 09:16:39
8302,20,713,62,2025-11-21 11:07:45
8303,55,1611,8,2026-01-30 11:34:47
8304,86,2495,66,2026-01-25 20:05:16
8305,85,1215,16,2025-04-15 03:30:24
8306,8,3326,53,2025-12-25 04:10:06
8307,98,3165,46,2025-04-19 06:47:16
8308,3,2145,41,2025-10-18 10:58:51
8309,30,4947,72,2025-09-30 09:27:44
8310,31,2462,90,2025-05-14 17:37:56
8311,91,4848,52,2025-12-14 19:44:17
8312,82,2662,43,2025-01-20 13:34:18
8313,98,4931,25,2025-08-27 21:21:39
8314,21,2437,32,2025-07-15 23:20:42
8315,7,1696,60,2025-02-17 05:03:37
8316,19,1750,68,2025-06-17 06:52:30
8317,51,955,53,2025-01-16 03:06:46
8318,73,1334,46,2026-01-22 22:47:21
8319,76,3705,20,2025-03-02 13:30:51
8320,57,4449,9,2025-08-28 03:36:41
8321,97,4589,86,2025-07-18 19:19:15
8322,74,1707,75,2025-11-05 14:13:51
8323,85,944,32,2025-09-29 13:36:43
8324,48,4398,75,2025-12-13 15:12:15
8325,22,637,46,2026-01-23 16:11:26
8326,9,3876,69,2025-12-22 19:35:30
8327,39,2555,75,2025-08-17 12:07:45
8328,39,3896,38,2025-08-11 08:29:14
8329,14,1655,59,2026-01-19 07:13:49
8330,49,4575,19,2025-07-08 15:44:31
8331,93,3194,62,2025-05-27 15:37:43
8332,4,1945,88,2025-07-30 15:23:57
8333,58,3704,26,2025-10-28 10:06:29
8334,53,4598,0,2025-01-17 01:50:54
8335,69,614,6,2025-11-29 20:54:01
8336,74,3518,31,2025-11-19 08:14:36
8337,71,3876,21,2025-08-18 07:35:15
8338,7,2853,32,2025-05-27 21:40:43
8339,79,762,9,2025-04-16 12:32:21
8340,42,4902,33,2025-05-02 03:15:18
8341,45,2817,20,2025-03-02 22:06:12
8342,21,4919,39,2025-03-22 09:50:09
8343,59,4286,34,2025-05-03 14:06:04
8344,51,1640,48,2025-02-07 06:45:21
8345,3,4016,31,2025-01-15 16:45:45
8346,20,3025,70,2025-05-17 16:27:09
8347,88,1226,39,2025-12-14 13:46:00
8348,58,658,81,2025-10-23 09:20:01
8349,1,2556,78,2025-07-11 22:21:13
8350,19,939,30,2025-07-14 16:43:19
8351,3,3028,48,2025-11-27 17:46:34
8352,95,2913,4,2025-01-20 11:41:33
8353,50,569,58,2025-05-10 07:02:37
8354,3,2239,71,2025-11-03 04:03:04
8355,41,183,20,2025-01-20 16:21:01
8356,36,1833,23,2025-01-11 15:22:04
8357,18,738,79,2025-11-16 20:52:57
8358,99,3835,30,2025-08-12 11:20:59
8359,3,3173,24,2025-07-14 12:00:43
8360,19,3731,31,2025-04-17 09:02:07
8361,3,4780,47,2025-10-20 16:47:47
8362,55,2184,51,2026-01-20 03:20:49
8363,94,2717,46,2025-01-11 12:26:33
8364,53,3135,85,2025-04-13 08:01:32
8365,98,4663,100,2025-06-19 17:06:04
8366,86,1622,83,2025-01-02 08:07:49
8367,90,436,76,2025-08-27 13:45:20
8368,2,3646,100,2026-01-09 05:10:30
8369,31,1143,96,2025-06-15 22:06:06
8370,93,4642,35,2025-11-12 19:11:26
8371,43,6,62,2026-01-04 21:07:14
8372,18,4006,1,2025-12-14 03:01:26
8373,32,1058,82,2025-05-18 13:25:49
8374,72,1742,46,2025-05-30 19:43:19
8375,9,3364,8,2026-01-13 12:03:13
8376,49,1000,99,2025-02-09 17:36:32
8377,67,3419,9,2025-11-16 23:38:59
8378,36,1347,1,2025-08-14 13:55:45
8379,63,2078,9,2025-01-16 18:27:52
8380,97,2686,11,2025-12-21 12:10:38
8381,49,1003,29,2025-08-22 23:30:10
8382,9,3797,81,2025-04-11 22:45:15
8383,2,4177,68,2025-04-24 20:49:02
8384,98,4077,2,2025-12-31 04:46:28
8385,57,534,25,2025-06-01 13:39:07
8386,54,1075,35,2026-01-08 03:04:06
8387,61,1260,82,2026-01-25 04:47:46
8388,70,761,48,2025-03-29 23:31:02
8389,99,2580,51,2025-08-25 04:44:28
8390,41,4653,38,2025-11-01 00:00:57
8391,71,653,58,2025-03-17 06:02:31
8392,100,4399,33,2025-10-08 06:20:18
8393,86,1566,47,2025-12-29 09:43:14
8394,77,2825,90,2025-02-20 02:37:56
8395,22,3009,8,2025-05-26 02:36:53
8396,63,641,34,2025-07-28 04:14:24
8397,35,1524,17,2026-01-08 19:39:40
8398,59,914,3,2025-12-12 14:27:36
8399,88,3233,98,2025-05-14 01:34:09
8400,77,3725,76,2025-08-08 17:44:04
8401,33,1417,62,2025-03-26 17:23:00
8402,22,1140,73,2025-02-14 02:18:25
8403,5,886,94,2025-12-05 20:17:43
8404,98,4787,67,2026-01-13 06:38:01
8405,24,4144,54,2025-05-04 06:33:11
8406,94,2218,92,2025-12-04 03:15:42
8407,32,1287,21,2025-05-02 04:16:52
8408,33,1957,91,2025-06-19 16:24:24
8409,54,949,3,2025-07-07 07:23:17
8410,56,661,40,2025-02-14 13:58:51
8411,100,858,68,2026-01-02 18:03:57
8412,33,4732,93,2025-06-11 19:36:16
8413,52,4998,21,2025-05-27 23:03:26
8414,10,2568,21,2026-01-14 14:17:52
8415,85,4249,2,2025-10-11 23:23:53
8416,83,196,11,2025-08-27 12:28:31
8417,100,4205,42,2025-01-02 11:16:32
8418,12,1423,29,2026-01-17 15:49:21
8419,78,3959,35,2025-05-23 10:19:52
8420,90,2081,92,2025-06-25 04:17:49
8421,77,560,59,2025-05-08 16:41:24
8422,5,551,44,2025-10-16 15:08:56
8423,9,3641,73,2025-12-06 22:27:10
8424,15,4884,21,2025-07-24 01:57:51
8425,56,4411,73,2025-08-14 04:35:46
8426,67,1691,18,2026-01-07 03:04:22
8427,42,1553,28,2025-07-22 20:13:29
8428,75,2556,29,2025-07-01 05:31:15
8429,38,3878,94,2025-02-18 18:21:34
8430,34,3803,77,2025-04-07 06:23:17
8431,71,1021,7,2025-08-27 13:45:31
8432,53,2064,78,2025-09-28 14:27:30
8433,21,76,18,2025-05-23 11:53:20
8434,36,2811,79,2025-07-23 17:00:13
8435,14,3469,34,2025-11-21 12:34:47
8436,95,754,19,2025-10-23 03:35:58
8437,77,1423,17,2025-06-20 15:59:27
8438,95,2382,6,2026-01-09 20:56:23
8439,75,1736,1,2025-02-01 11:08:00
8440,3,2772,78,2025-08-22 01:24:32
8441,20,4550,52,2025-05-17 13:38:42
8442,5,3054,68,2025-09-26 04:20:22
8443,57,1583,9,2025-05-23 15:22:56
8444,12,633,54,2025-12-11 15:59:12
8445,68,2433,61,2025-06-30 00:48:06
8446,58,3890,63,2025-06-05 10:50:28
8447,9,4858,57,2026-01-25 20:50:00
8448,44,2618,6,2025-11-25 16:29:53
8449,30,3877,70,2025-06-02 21:14:22
8450,79,2735,54,2025-03-20 20:39:54
8451,1,1882,41,2025-09-16 18:49:00
8452,86,3133,30,2025-12-09 13:44:40
8453,35,410,18,2025-07-06 15:12:10
8454,3,1109,19,2025-01-30 04:56:21
8455,2,1714,44,2025-12-09 16:57:04
8456,29,2045,5,2025-11-15 05:04:02
8457,25,2880,72,2025-04-01 05:31:17
8458,53,4939,6,2025-03-31 01:43:33
8459,76,1997,81,2025-07-05 04:38:27
8460,41,2283,32,2025-12-20 03:35:42
8461,19,2378,72,2025-10-04 09:58:36
8462,92,4255,17,2025-12-06 12:36:49
8463,38,392,27,2025-09-09 15:51:56
8464,88,4695,86,2025-10-04 07:56:15
8465,23,4094,96,2025-07-02 08:56:34
8466,56,4552,34,2025-08-05 04:29:49
8467,84,3071,76,2025-06-26 21:23:34
8468,36,1878,56,2025-06-15 05:40:56
8469,12,1397,70,2025-12-03 07:53:34
8470,84,4194,79,2025-12-09 17:53:52
8471,37,599,64,2025-09-10 22:40:08
8472,7,4732,8,2025-06-01 00:45:08
8473,58,2829,56,2025-08-04 14:48:44
8474,27,1812,75,2025-04-02 20:10:32
8475,61,1227,77,2025-10-12 11:34:15
8476,97,176,38,2025-05-20 13:27:13
8477,100,2860,74,2025-07-17 17:11:09
8478,18,3581,20,2025-02-22 20:21:09
8479,25,4056,86,2025-10-27 22:02:50
8480,70,1779,13,2025-01-05 21:59:41
8481,37,4764,51,2025-06-14 06:04:47
8482,43,2348,54,2025-07-22 00:08:06
8483,11,4947,93,2025-09-13 11:26:28
8484,75,2886,63,2025-09-02 21:43:38
8485,73,2146,73,2025-12-31 13:47:07
8486,29,4735,73,2025-02-10 05:35:52
8487,33,4998,91,2026-01-08 02:53:08
8488,12,1284,15,2025-12-11 13:38:26
8489,64,156,20,2025-09-01 21:13:33
8490,98,4018,28,2025-05-06 11:26:21
8491,75,4294,21,2025-05-21 04:33:45
8492,92,88,66,2026-01-01 18:01:38
8493,20,3253,58,2025-04-22 23:47:24
8494,9,3423,49,2025-09-09 05:36:36
8495,78,3482,28,2025-09-27 18:33:49
8496,1,4585,39,2025-07-05 11:05:45
8497,29,538,46,2025-11-20 15:20:23
8498,40,3340,72,2025-04-18 12:24:32
8499,98,2526,25,2025-11-27 08:55:29
8500,25,4635,72,2025-08-09 19:26:17
8501,15,539,71,2025-05-30 03:59:17
8502,69,2993,15,2025-06-11 22:56:04
8503,72,875,64,2025-02-03 05:34:09
8504,82,3192,51,2025-04-23 22:28:38
8505,92,4563,53,2025-07-31 23:19:44
8506,93,1820,63,2026-01-27 17:24:58
8507,60,2140,10,2025-05-06 15:09:29
8508,93,2801,98,2025-09-02 10:59:00
8509,91,4733,79,2025-11-18 10:43:41
8510,11,2167,59,2025-02-28 04:03:22
8511,10,1674,95,2025-11-11 17:25:11
8512,49,3543,78,2025-11-09 18:55:10
8513,38,3628,25,2025-07-01 12:34:52
8514,94,545,33,2025-05-08 18:24:54
8515,90,3844,96,2025-11-21 20:14:58
8516,91,4794,82,2025-04-15 07:09:08
8517,30,1176,82,2026-01-20 21:04:16
8518,73,1440,82,2025-01-08 10:29:56
8519,98,4641,44,2025-11-18 05:40:46
8520,46,4315,60,2026-01-27 04:38:24
8521,52,828,32,2025-08-07 16:52:24
8522,39,4702,62,2025-05-16 16:28:23
8523,90,3182,80,2025-06-02 07:33:07
8524,83,1506,21,2025-06-08 04:10:58
8525,59,2866,7,2025-07-19 10:52:31
8526,3,1559,1,2025-06-11 20:37:46
8527,78,51,62,2025-06-28 01:24:20
8528,41,898,100,2025-04-05 10:41:41
8529,44,4400,17,2025-02-09 22:21:04
8530,63,3066,58,2025-05-28 08:52:28
8531,63,170,93,2025-07-27 22:26:38
8532,58,709,14,2025-08-27 17:56:44
8533,7,1906,87,2026-01-02 10:34:16
8534,31,4477,35,2025-12-20 10:35:23
8535,55,4287,51,2025-05-08 20:21:33
8536,68,4393,76,2025-09-07 22:59:55
8537,69,4236,47,2025-07-25 14:10:52
8538,63,1728,17,2025-03-30 16:12:57
8539,94,118,82,2025-01-27 09:32:11
8540,36,2840,14,2025-11-20 08:42:33
8541,22,3573,59,2025-03-22 17:15:13
8542,6,2810,25,2025-11-09 17:24:18
8543,81,3904,19,2025-03-03 02:05:58
8544,68,1134,54,2025-09-11 18:11:45
8545,46,3607,59,2025-12-23 10:59:45
8546,28,826,44,2025-03-11 18:44:01
8547,11,2907,19,2025-06-22 09:29:10
8548,60,4741,33,2026-01-22 15:27:32
8549,54,691,34,2025-01-25 02:37:38
8550,18,4074,91,2025-04-08 11:04:10
8551,63,822,89,2025-06-02 15:52:03
8552,33,1037,5,2025-12-10 01:47:34
8553,79,4251,71,2025-05-25 21:37:17
8554,66,1474,37,2025-07-05 12:05:37
8555,68,3793,74,2025-10-02 15:31:28
8556,12,1757,75,2025-01-13 14:40:44
8557,23,3359,35,2025-05-03 02:48:35
8558,56,3256,54,2026-02-03 23:09:37
8559,63,547,45,2025-03-02 22:38:27
8560,72,3291,81,2025-12-29 06:12:47
8561,90,1450,83,2025-09-12 18:26:21
8562,33,4290,100,2025-09-08 02:36:52
8563,77,16,75,2026-01-09 07:36:19
8564,49,4113,27,2025-04-14 10:21:36
8565,41,954,51,2025-07-07 11:08:55
8566,71,3950,36,2025-11-15 00:36:59
8567,88,1461,18,2025-11-01 05:38:49
8568,7,2477,29,2025-05-12 12:52:27
8569,73,1153,76,2025-06-03 07:47:00
8570,67,3425,96,2025-08-06 14:10:44
8571,1,3221,51,2025-12-13 02:50:15
8572,85,1476,43,2025-01-09 12:19:52
8573,67,4499,67,2025-11-08 10:47:24
8574,16,665,34,2025-03-09 13:04:09
8575,71,4209,27,2025-03-19 00:05:55
8576,34,4280,93,2025-12-02 11:16:18
8577,31,212,35,2025-11-27 08:46:09
8578,29,3500,71,2025-05-13 03:41:45
8579,44,3797,52,2025-07-10 01:58:07
8580,51,3629,7,2025-03-30 20:36:53
8581,99,3056,68,2025-11-07 19:36:01
8582,15,4654,43,2025-02-07 17:31:11
8583,79,1577,43,2025-09-28 18:02:39
8584,59,2173,88,2025-02-14 22:54:01
8585,21,1309,88,2025-02-06 11:12:39
8586,50,4,70,2025-02-20 05:38:52
8587,40,2502,66,2025-10-28 18:49:00
8588,9,4940,8,2025-06-04 14:06:49
8589,23,3152,5,2025-01-18 07:19:50
8590,85,3137,16,2025-06-19 11:47:44
8591,64,233,89,2026-01-22 04:14:25
8592,3,2568,46,2025-12-12 06:03:44
8593,68,542,64,2025-08-28 10:06:31
8594,4,3140,78,2025-02-18 18:40:21
8595,61,3881,75,2025-09-02 11:12:55
8596,91,1146,2,2025-10-28 13:04:33
8597,74,2395,0,2025-03-11 05:43:53
8598,93,1681,69,2025-01-01 05:26:33
8599,14,3099,1,2025-09-30 18:55:16
8600,90,3300,86,2025-05-24 10:32:39
8601,20,4913,52,2025-09-23 16:46:43
8602,13,529,48,2025-03-09 07:04:58
8603,80,3853,76,2025-04-30 06:27:23
8604,55,3141,41,2025-03-29 09:54:27
8605,86,3511,91,2025-10-16 07:52:43
8606,1,4758,16,2025-10-28 10:53:47
8607,14,2310,1,2026-02-01 19:13:02
8608,12,1226,8,2025-09-05 21:56:27
8609,33,1048,40,2025-03-22 23:20:45
8610,68,3825,42,2025-11-22 21:22:38
8611,76,4810,48,2025-01-08 01:31:54
8612,59,4358,28,2026-01-15 22:15:44
8613,75,4063,40,2026-02-02 06:50:40
8614,99,2312,80,2025-09-23 04:18:06
8615,30,3382,95,2025-05-29 04:31:39
8616,98,4179,42,2025-09-02 06:06:27
8617,91,1777,44,2025-12-22 21:09:37
8618,71,472,53,2025-07-28 06:48:05
8619,33,3246,13,2025-11-25 05:03:27
8620,65,4099,70,2025-06-02 01:27:51
8621,30,899,41,2025-02-17 12:35:40
8622,89,3282,36,2025-10-18 07:41:48
8623,27,3357,90,2026-01-26 07:59:41
8624,36,2606,50,2025-10-11 21:37:43
8625,38,4059,82,2025-09-12 10:47:27
8626,85,719,13,2025-06-15 21:33:43
8627,90,4857,53,2025-11-26 22:50:34
8628,36,3035,63,2025-12-14 06:25:24
8629,73,1252,51,2025-06-21 20:57:16
8630,18,4125,77,2025-05-03 03:13:56
8631,37,511,1,2025-08-12 12:18:57
8632,84,3601,41,2025-09-21 07:54:24
8633,84,836,61,2025-02-24 21:15:03
8634,74,1719,17,2025-08-17 05:42:11
8635,33,4873,40,2025-12-30 07:47:27
8636,35,667,68,2025-10-30 16:08:50
8637,10,554,75,2025-04-22 18:04:51
8638,87,380,23,2025-12-05 23:21:14
8639,67,4359,7,2025-08-28 21:53:39
8640,73,1656,34,2025-10-21 12:59:23
8641,45,423,79,2025-08-03 20:55:26
8642,5,4188,44,2025-04-18 18:28:41
8643,65,3129,29,2025-07-04 06:07:15
8644,2,2142,33,2025-09-19 00:12:51
8645,65,2512,67,2025-02-28 15:24:08
8646,89,3692,55,2025-07-26 10:06:44
8647,95,1899,20,2025-08-17 04:49:54
8648,86,4685,23,2025-06-23 05:11:15
8649,68,311,34,2025-08-10 14:39:56
8650,4,4749,90,2025-04-11 02:20:26
8651,49,215,34,2025-05-28 10:19:41
8652,67,3974,96,2025-03-13 15:49:40
8653,92,4854,7,2025-07-23 04:05:53
8654,18,3986,82,2026-01-16 15:29:07
8655,13,4344,2,2025-01-31 09:19:44
8656,49,916,35,2025-04-07 20:02:50
8657,41,2177,46,2025-09-12 13:48:42
8658,17,3561,63,2025-01-22 22:44:09
8659,9,3292,59,2025-06-16 20:46:00
8660,72,2300,82,2025-09-07 04:16:20
8661,21,3965,8,2026-01-22 11:56:41
8662,58,2152,64,2025-01-18 10:59:28
8663,63,4469,90,2025-10-27 18:24:11
8664,6,2759,43,2025-11-02 16:09:58
8665,83,1333,1,2025-08-19 13:14:21
8666,53,4447,82,2025-06-25 21:16:36
8667,97,1725,97,2025-05-31 18:49:05
8668,70,4964,57,2025-08-28 23:42:23
8669,53,1287,65,2025-05-24 06:12:11
8670,53,3351,23,2025-08-21 08:25:24
8671,39,2954,15,2026-01-09 18:30:53
8672,48,510,31,2025-12-13 13:52:11
8673,51,1903,68,2025-01-16 12:44:32
8674,93,14,7,2025-03-27 21:22:42
8675,9,3420,94,2025-01-02 19:54:06
8676,56,322,73,2025-07-31 14:57:09
8677,90,4391,37,2025-04-02 13:28:35
8678,33,555,49,2025-08-25 10:18:46
8679,96,3136,38,2025-06-26 16:24:51
8680,21,3384,14,2025-08-21 05:34:36
8681,46,2854,48,2025-12-24 19:40:58
8682,69,2013,13,2025-04-26 01:47:53
8683,77,2314,17,2025-05-08 18:45:47
8684,40,2543,74,2025-12-27 11:50:55
8685,65,4688,7,2025-01-21 02:54:01
8686,40,3941,18,2026-02-02 06:43:14
8687,25,729,8,2026-01-26 15:25:49
8688,24,1573,100,2025-11-26 06:10:19
8689,2,3746,48,2025-06-24 07:58:55
8690,89,1997,95,2025-08-21 05:07:55
8691,23,2085,97,2025-02-10 02:20:15
8692,34,4130,33,2025-10-26 21:25:00
8693,61,2054,0,2025-08-02 06:10:42
8694,30,2012,77,2025-01-02 08:20:20
8695,23,152,45,2025-01-06 06:46:06
8696,87,447,8,2025-09-09 05:19:24
8697,14,4977,45,2025-06-12 08:49:01
8698,79,3993,56,2025-03-20 16:14:37
8699,58,1957,10,2025-04-13 02:23:35
8700,98,1917,79,2026-01-01 02:06:50
8701,13,564,88,2025-09-21 22:32:27
8702,74,1675,30,2026-01-31 12:19:15
8703,36,3140,68,2025-12-06 01:33:09
8704,62,3369,15,2025-11-22 01:46:29
8705,10,3933,0,2025-05-31 13:23:28
8706,10,1265,26,2025-02-04 07:38:10
8707,32,484,47,2026-01-31 12:10:30
8708,70,3198,26,2025-05-03 10:20:36
8709,70,763,81,2025-03-11 21:43:30
8710,70,1672,26,2025-09-01 18:40:57
8711,91,959,88,2025-11-24 16:46:13
8712,24,2822,80,2025-10-02 18:29:51
8713,22,3794,56,2025-11-19 02:47:46
8714,25,2422,79,2025-05-31 05:24:15
8715,8,2498,26,2026-01-09 04:09:03
8716,13,4096,30,2026-01-17 18:57:31
8717,18,654,73,2025-05-19 05:59:12
8718,97,1633,48,2025-09-17 16:21:26
8719,51,2378,57,2025-01-06 06:30:16
8720,85,4684,63,2025-03-22 18:23:22
8721,80,4987,70,2025-11-19 18:46:25
8722,58,3841,24,2025-01-18 13:20:28
8723,4,4581,59,2025-10-12 07:50:08
8724,54,1251,79,2025-11-19 07:02:16
8725,11,3098,7,2025-12-27 21:02:00
8726,20,1687,54,2025-03-02 20:10:22
8727,40,2016,54,2025-05-28 02:06:42
8728,81,196,35,2026-01-12 10:07:45
8729,4,3206,40,2025-01-12 20:53:55
8730,42,3613,75,2025-08-31 22:19:27
8731,28,4391,80,2025-12-14 15:28:38
8732,91,3135,51,2025-02-27 19:42:39
8733,13,2054,89,2025-03-07 18:30:05
8734,97,4334,58,2025-11-26 11:45:51
8735,29,2017,76,2025-07-29 01:54:58
8736,14,2073,51,2025-01-08 12:53:03
8737,68,3785,50,2025-04-12 07:28:11
8738,79,204,70,2025-11-09 09:46:05
8739,22,4217,81,2025-06-29 17:18:53
8740,90,1538,97,2025-10-12 03:51:46
8741,96,3362,61,2025-08-28 15:47:50
8742,50,2042,57,2025-12-20 08:24:53
8743,7,3593,22,2025-09-29 19:24:24
8744,38,2832,58,2025-12-20 00:07:36
8745,93,3487,57,2025-10-20 23:09:05
8746,28,2154,71,2025-04-29 07:22:22
8747,89,2133,7,2025-04-09 09:36:47
8748,34,3491,83,2025-11-01 09:08:50
8749,61,121,88,2025-09-06 16:27:49
8750,13,1859,90,2025-03-17 21:14:20
8751,73,1029,75,2025-09-05 21:32:46
8752,6,4995,47,2025-01-04 04:01:22
8753,46,3351,8,2025-05-17 11:33:08
8754,28,2399,81,2025-06-14 13:41:03
8755,99,4955,16,2025-08-14 17:27:53
8756,86,4,97,2025-02-02 22:00:05
8757,38,3881,66,2025-04-19 08:15:45
8758,62,718,16,2025-04-06 06:03:29
8759,88,2996,23,2025-07-10 18:19:30
8760,63,663,62,2025-12-12 17:04:36
8761,88,358,82,2025-01-13 15:09:57
8762,51,1147,71,2025-09-20 05:52:33
8763,20,1601,46,2025-02-23 09:38:00
8764,55,1034,84,2025-07-23 06:44:06
8765,17,4322,21,2025-06-13 02:41:21
8766,9,1564,20,2025-01-14 00:08:12
8767,85,3518,5,2025-09-12 05:21:59
8768,85,4360,39,2026-01-25 23:10:41
8769,19,1663,98,2025-04-20 22:32:10
8770,77,337,55,2025-01-18 13:59:07
8771,52,4135,52,2025-04-13 17:31:23
8772,26,4819,60,2025-01-15 01:49:57
8773,10,2150,80,2025-01-15 18:25:56
8774,8,1472,0,2025-07-09 23:32:18
8775,84,2029,67,2025-07-08 11:31:19
8776,71,2777,86,2026-01-12 14:00:33
8777,59,4182,89,2025-12-29 07:51:51
8778,7,417,26,2025-12-22 04:40:19
8779,22,4377,63,2025-09-20 22:11:17
8780,76,4655,88,2025-04-23 12:09:28
8781,34,3774,90,2025-05-04 12:18:37
8782,87,4188,69,2025-06-04 15:11:37
8783,16,2270,42,2025-11-21 23:03:05
8784,7,1480,28,2025-08-21 17:02:56
8785,54,3265,37,2025-10-14 03:23:53
8786,58,1843,66,2025-03-23 01:12:54
8787,55,654,74,2025-05-20 23:54:39
8788,83,180,5,2025-11-04 14:48:38
8789,47,738,96,2025-04-27 21:06:34
8790,96,1066,62,2025-09-15 05:25:40
8791,29,4926,92,2025-11-17 19:33:52
8792,59,3834,22,2025-01-26 06:04:02
8793,21,3817,17,2026-02-05 23:55:44
8794,30,4215,69,2025-05-13 22:07:06
8795,21,308,90,2026-01-29 22:24:24
8796,32,762,44,2025-03-06 00:41:47
8797,13,3073,17,2025-06-24 13:49:23
8798,53,4592,23,2025-03-13 02:28:43
8799,72,2787,78,2025-02-19 18:03:03
8800,26,1395,91,2025-06-08 14:54:17
8801,3,364,72,2025-06-21 12:29:59
8802,89,817,55,2025-02-16 19:55:09
8803,14,3082,4,2025-11-20 04:15:28
8804,58,4597,85,2025-07-28 23:33:22
8805,81,4077,100,2026-01-15 05:10:46
8806,4,3856,43,2025-03-09 12:28:03
8807,78,1608,3,2025-09-12 13:58:33
8808,93,410,26,2025-01-12 01:56:44
8809,28,4570,74,2025-12-30 18:33:24
8810,93,3149,69,2025-04-21 16:56:12
8811,16,1291,83,2025-08-17 16:55:07
8812,71,234,61,2025-03-22 19:19:17
8813,75,2161,82,2025-07-21 13:03:03
8814,39,4374,48,2025-12-03 21:31:40
8815,24,2724,68,2025-11-02 12:46:08
8816,28,1950,35,2025-11-05 06:20:19
8817,46,4385,60,2025-04-12 04:21:12
8818,59,4951,10,2025-11-01 18:25:45
8819,71,1262,32,2025-12-17 01:45:08
8820,98,1731,4,2025-10-16 16:15:04
8821,45,409,49,2026-01-20 22:57:19
8822,37,876,99,2025-02-17 15:30:20
8823,43,3010,95,2025-05-19 06:17:04
8824,94,2628,95,2025-08-28 04:38:40
8825,37,1576,89,2025-06-30 10:31:28
8826,51,4668,50,2026-02-05 00:20:26
8827,97,133,39,2025-05-19 23:23:12
8828,20,1615,89,2025-09-05 11:08:38
8829,89,3012,86,2025-09-20 00:01:40
8830,72,4455,52,2025-09-15 20:50:16
8831,27,1033,33,2025-04-21 03:00:15
8832,79,1378,86,2025-06-24 19:56:24
8833,1,1521,27,2025-08-05 18:16:58
8834,9,4611,93,2025-07-06 10:45:16
8835,16,377,90,2025-08-25 13:45:51
8836,88,1833,10,2025-11-27 09:54:18
8837,27,2654,60,2025-06-17 01:43:20
8838,77,3481,35,2025-06-07 06:52:59
8839,69,1860,67,2025-05-28 19:34:12
8840,94,179,56,2025-04-23 10:28:45
8841,59,1843,21,2025-03-09 10:43:45
8842,7,2488,71,2025-06-03 17:10:59
8843,21,1077,18,2025-07-07 16:07:51
8844,21,1973,23,2026-01-21 23:08:59
8845,23,4461,19,2025-09-23 15:47:05
8846,42,1841,48,2025-03-01 01:35:55
8847,37,2818,93,2025-04-21 06:14:41
8848,84,4115,62,2025-04-24 14:08:51
8849,34,4395,69,2025-09-20 21:58:58
8850,9,291,61,2025-10-01 23:35:54
8851,63,1619,10,2025-05-19 20:45:34
8852,67,2474,100,2025-12-05 00:13:52
8853,73,4747,60,2025-01-14 12:17:40
8854,45,3152,37,2025-08-22 16:35:13
8855,47,4753,12,2025-01-25 02:26:12
8856,29,4641,60,2025-12-17 13:17:44
8857,82,3704,73,2025-11-16 01:35:13
8858,72,4247,59,2025-01-10 13:07:14
8859,62,2729,71,2025-11-26 16:21:21
8860,25,1757,57,2025-02-05 18:17:36
8861,73,4063,20,2025-07-29 12:40:19
8862,15,1090,93,2025-04-25 01:06:06
8863,55,3072,93,2025-12-26 01:50:21
8864,52,3382,46,2025-08-05 13:04:36
8865,36,4381,47,2025-02-20 08:30:13
8866,65,970,36,2025-10-24 07:49:06
8867,92,2210,5,2025-07-30 18:43:59
8868,18,2503,50,2025-01-12 17:02:42
8869,67,3622,94,2025-09-21 11:08:51
8870,53,4416,72,2025-01-14 06:13:02
8871,15,2548,68,2025-04-16 10:04:07
8872,77,4421,100,2025-01-16 08:50:29
8873,34,2165,21,2025-10-29 18:33:07
8874,12,3029,62,2025-05-29 09:44:58
8875,83,1685,43,2025-12-17 13:08:59
8876,29,3731,6,2025-05-24 21:41:06
8877,14,3217,33,2025-07-03 00:35:51
8878,54,738,17,2025-02-20 14:45:36
8879,93,4701,100,2025-11-09 10:43:59
8880,5,3268,1,2025-10-27 10:03:08
8881,37,4404,93,2025-10-15 08:16:07
8882,28,763,59,2025-01-26 01:19:55
8883,12,386,32,2025-04-13 10:03:35
8884,36,4778,67,2025-02-28 14:56:09
8885,28,3712,57,2025-04-20 19:31:39
8886,74,2293,81,2025-06-12 04:22:54
8887,1,2354,14,2025-06-02 17:04:53
8888,1,1714,36,2025-08-20 16:12:09
8889,77,1242,24,2025-11-30 11:18:48
8890,87,1709,99,2025-01-13 12:25:07
8891,5,2192,82,2025-11-06 07:58:41
8892,99,846,99,2025-04-05 04:10:43
8893,25,1162,95,2025-01-11 21:38:06
8894,25,1774,13,2025-07-25 08:37:38
8895,23,3142,4,2025-05-19 23:45:04
8896,65,3637,11,2025-01-19 15:53:01
8897,94,1208,94,2025-07-07 21:08:25
8898,50,1818,33,2025-01-20 13:10:14
8899,18,2338,100,2025-11-05 04:48:03
8900,79,111,5,2025-05-16 15:42:32
8901,61,4607,98,2025-08-08 10:26:33
8902,87,2368,16,2025-02-06 21:56:38
8903,69,386,37,2025-05-23 18:16:16
8904,70,3316,10,2025-02-07 05:03:28
8905,51,260,50,2025-09-15 18:39:13
8906,100,2342,26,2025-01-14 01:55:09
8907,82,285,87,2025-05-05 22:12:10
8908,57,4209,52,2025-01-09 03:04:05
8909,19,3968,1,2025-06-28 12:21:38
8910,86,2521,17,2026-01-14 01:44:30
8911,5,3285,19,2025-01-15 04:53:55
8912,26,1731,57,2025-06-21 20:06:45
8913,64,4457,17,2025-11-15 18:17:28
8914,96,2363,95,2025-09-21 05:19:34
8915,30,1321,98,2025-10-18 19:51:47
8916,97,4736,9,2025-02-15 06:35:23
8917,29,3404,93,2025-09-26 08:18:55
8918,37,259,44,2025-01-18 15:49:14
8919,95,1638,14,2025-02-02 19:21:05
8920,91,934,35,2025-04-12 08:41:09
8921,93,383,19,2025-11-07 19:17:24
8922,50,842,1,2026-01-09 22:51:21
8923,21,4769,71,2025-01-26 19:10:01
8924,49,4164,54,2025-11-29 18:00:26
8925,55,1412,12,2025-06-22 19:12:52
8926,52,4351,86,2025-12-30 09:13:45
8927,61,4852,32,2025-10-21 13:12:50
8928,1,4783,65,2025-10-05 06:12:50
8929,4,872,11,2025-10-13 07:06:57
8930,58,2978,17,2025-12-25 05:28:09
8931,45,2152,29,2025-08-27 13:05:04
8932,40,4260,84,2025-09-05 17:08:24
8933,95,1964,45,2026-01-21 12:37:34
8934,13,750,55,2025-03-28 11:36:41
8935,2,1305,94,2025-11-19 22:46:14
8936,92,2859,89,2025-03-17 02:25:35
8937,58,4029,70,2025-07-04 16:25:52
8938,77,797,71,2025-11-26 13:00:47
8939,55,1888,63,2025-09-07 13:23:32
8940,55,4964,9,2025-06-28 12:57:02
8941,18,3708,10,2025-02-28 19:59:48
8942,24,4017,6,2025-02-18 08:16:56
8943,53,1929,3,2025-11-09 13:06:08
8944,5,3875,79,2025-04-02 10:20:41
8945,7,3329,6,2025-09-25 11:33:10
8946,59,2146,33,2025-06-12 08:59:27
8947,45,1521,28,2025-01-03 22:15:18
8948,85,4170,1,2025-12-21 00:35:08
8949,2,1374,81,2025-06-09 01:52:57
8950,15,184,39,2026-01-05 18:58:51
8951,14,3649,27,2025-11-30 01:36:50
8952,5,1462,44,2026-01-19 14:48:38
8953,77,3535,26,2025-08-11 18:53:58
8954,23,2871,23,2025-07-03 17:58:28
8955,26,2894,56,2025-11-01 01:00:12
8956,100,4306,1,2025-11-22 01:20:25
8957,32,2975,28,2025-06-21 00:56:55
8958,4,4714,26,2025-04-06 17:09:51
8959,99,2228,8,2025-12-22 16:00:47
8960,6,2526,66,2025-07-11 23:32:26
8961,44,438,55,2025-02-04 05:12:34
8962,33,1488,38,2025-05-04 08:39:50
8963,26,1254,74,2025-11-16 04:29:29
8964,75,4923,38,2026-01-27 07:49:23
8965,52,651,43,2025-06-09 22:46:00
8966,43,4851,15,2025-12-23 12:17:31
8967,76,1381,66,2025-01-25 05:01:29
8968,79,3210,25,2025-07-25 09:54:12
8969,84,2025,71,2025-08-16 20:45:32
8970,61,2798,38,2025-01-23 18:13:04
8971,18,2441,92,2025-04-15 18:15:46
8972,80,2802,94,2025-02-12 19:11:05
8973,27,3764,87,2025-03-11 05:34:57
8974,74,4016,79,2025-01-21 17:53:30
8975,47,2219,50,2025-10-29 19:15:47
8976,3,1531,20,2025-05-10 02:38:40
8977,36,3086,81,2025-10-15 23:51:51
8978,77,4174,67,2025-05-18 23:21:19
8979,84,3706,40,2025-11-23 01:23:46
8980,82,2,96,2025-05-24 22:32:56
8981,90,1305,33,2025-05-31 00:20:42
8982,43,3045,56,2026-01-13 04:26:16
8983,26,1214,64,2025-04-01 13:22:28
8984,2,4349,26,2025-01-27 16:28:47
8985,71,3430,54,2025-11-16 13:31:41
8986,51,4586,44,2025-10-11 06:47:41
8987,48,1038,1,2025-11-08 04:03:40
8988,4,119,60,2025-07-14 06:57:59
8989,41,974,40,2025-11-01 21:17:39
8990,16,2645,60,2025-11-29 02:18:29
8991,36,1651,3,2025-01-05 18:54:44
8992,97,4699,29,2025-01-24 06:26:33
8993,19,3100,82,2025-10-08 19:00:32
8994,8,1420,90,2026-01-16 01:09:31
8995,66,4678,41,2025-01-20 03:50:03
8996,82,2718,0,2025-05-21 01:45:42
8997,13,2630,83,2025-06-02 03:08:23
8998,93,536,51,2025-08-28 00:45:03
8999,7,2842,86,2025-03-29 16:19:29
9000,5,4951,14,2025-09-26 23:03:47
9001,29,3561,50,2025-12-27 11:29:00
9002,58,2924,56,2025-05-11 00:24:01
9003,93,107,98,2025-08-02 16:17:20
9004,13,2703,56,2026-01-09 22:13:24
9005,13,588,21,2025-10-11 15:52:41
9006,89,4405,1,2025-05-07 01:13:25
9007,38,4996,85,2025-02-11 15:48:40
9008,74,231,98,2025-08-01 20:00:40
9009,24,4913,80,2025-08-26 07:16:39
9010,35,1263,4,2025-06-16 00:06:06
9011,38,4766,100,2025-05-07 16:56:44
9012,99,3087,41,2025-07-28 00:46:57
9013,92,4275,67,2025-11-03 23:32:56
9014,41,2347,50,2025-05-31 02:36:07
9015,32,2967,75,2025-11-17 05:11:30
9016,42,3194,28,2025-11-18 18:30:25
9017,7,3177,38,2025-03-25 06:04:39
9018,31,3619,22,2025-03-01 08:48:37
9019,88,1613,0,2025-05-04 21:40:46
9020,64,2938,57,2025-04-05 08:29:25
9021,9,211,26,2025-10-22 12:26:51
9022,15,439,14,2025-04-24 19:32:44
9023,19,4554,13,2025-02-27 13:15:17
9024,32,3289,97,2025-03-10 21:20:20
9025,73,1713,34,2026-01-16 18:21:27
9026,48,3464,98,2025-03-16 10:17:33
9027,69,3009,29,2026-02-01 06:16:59
9028,77,569,63,2025-04-16 19:48:53
9029,42,2734,6,2025-11-11 10:40:09
9030,72,1214,81,2025-09-13 07:58:26
9031,21,81,14,2026-01-29 07:07:00
9032,87,1423,75,2025-06-14 03:37:33
9033,90,2204,53,2025-08-05 02:56:32
9034,42,1600,56,2025-03-14 21:00:27
9035,78,2284,85,2025-02-12 07:50:01
9036,80,2344,48,2025-04-27 15:15:09
9037,85,609,9,2025-04-18 23:32:09
9038,30,1146,3,2025-02-18 00:07:16
9039,50,3356,72,2025-07-05 05:10:13
9040,22,4044,73,2025-08-09 11:16:43
9041,41,552,60,2025-11-27 19:47:13
9042,69,815,82,2025-08-26 00:37:32
9043,47,1096,85,2025-04-01 09:28:35
9044,38,3985,91,2025-08-23 21:57:30
9045,47,1763,57,2025-11-24 14:50:47
9046,49,4182,75,2025-10-20 23:35:06
9047,1,1442,53,2025-11-21 07:59:02
9048,44,550,14,2025-06-21 02:12:52
9049,12,2946,33,2026-01-15 20:50:14
9050,74,1568,34,2025-04-08 16:10:49
9051,69,976,88,2025-11-25 00:53:36
9052,5,3104,35,2026-01-03 20:18:43
9053,43,4595,86,2025-02-03 01:07:22
9054,61,4549,77,2025-04-25 21:32:37
9055,95,4995,32,2025-04-07 17:22:55
9056,90,1156,63,2025-05-05 00:53:35
9057,8,3334,73,2026-02-04 19:04:01
9058,1,4687,17,2026-01-20 07:40:04
9059,55,548,81,2026-02-02 10:59:38
9060,13,4051,31,2025-07-28 19:34:59
9061,37,4041,10,2025-05-23 13:49:21
9062,66,3234,29,2025-03-17 10:06:10
9063,62,4970,63,2025-09-17 06:12:46
9064,78,3749,28,2025-01-16 04:35:41
9065,4,4574,24,2026-01-03 17:01:57
9066,62,3422,47,2025-06-12 00:13:02
9067,79,621,13,2025-12-18 09:35:48
9068,54,4203,50,2025-08-16 01:37:07
9069,96,4318,12,2025-05-20 15:37:16
9070,20,1180,39,2025-08-16 12:57:37
9071,94,4608,15,2025-07-27 13:19:20
9072,75,355,78,2026-01-28 01:30:24
9073,14,3638,36,2025-09-25 04:58:15
9074,6,3995,95,2025-07-30 02:50:18
9075,6,2028,18,2025-08-09 19:31:33
9076,70,4886,21,2025-07-09 06:49:39
9077,24,4029,43,2025-04-03 22:54:41
9078,52,4973,10,2026-02-04 23:25:56
9079,21,2799,44,2025-03-16 08:22:23
9080,75,1207,12,2025-10-16 02:52:52
9081,21,3765,41,2025-02-28 04:16:00
9082,92,4901,9,2025-05-05 01:56:05
9083,45,4746,42,2025-03-26 16:45:42
9084,6,1557,75,2025-06-29 10:39:10
9085,69,2322,63,2025-03-23 04:52:33
9086,20,1855,90,2025-02-12 06:50:24
9087,93,2773,14,2025-01-11 02:10:46
9088,20,2254,37,2026-02-03 13:57:16
9089,77,4381,72,2025-07-06 08:24:44
9090,93,2185,84,2025-07-09 05:41:35
9091,25,2082,37,2025-03-10 21:04:31
9092,91,3262,21,2025-10-15 09:53:14
9093,86,4905,33,2025-01-13 01:40:36
9094,87,4311,26,2025-08-13 17:44:42
9095,22,2254,26,2025-08-11 01:15:24
9096,7,1094,17,2025-02-12 02:22:17
9097,82,1599,88,2025-06-10 00:46:56
9098,95,3838,98,2025-03-30 18:30:28
9099,88,852,41,2025-06-25 10:03:34
9100,27,219,40,2025-04-12 20:50:50
9101,36,3501,6,2025-03-05 11:49:54
9102,85,4053,7,2025-02-21 13:29:45
9103,9,4817,35,2025-03-28 22:08:54
9104,33,2858,89,2025-03-11 09:30:07
9105,67,3668,94,2025-02-26 09:21:33
9106,69,216,43,2026-01-23 17:09:03
9107,53,1175,78,2025-01-18 22:48:13
9108,52,4139,10,2025-08-26 03:07:21
9109,22,4497,23,2025-03-15 00:31:46
9110,38,4475,37,2025-12-04 09:24:32
9111,94,1940,3,2026-01-30 23:21:32
9112,63,147,48,2025-07-01 15:48:06
9113,33,2638,100,2025-03-20 23:18:28
9114,37,3393,98,2025-09-03 05:06:19
9115,65,704,12,2026-01-12 13:44:37
9116,12,3446,33,2025-10-31 03:18:42
9117,48,143,92,2025-01-27 05:19:04
9118,40,678,68,2025-06-02 01:31:07
9119,11,4693,85,2025-11-20 00:35:51
9120,11,1789,93,2025-07-23 20:38:16
9121,52,1558,74,2025-10-27 04:26:15
9122,5,4654,17,2026-01-01 07:44:44
9123,72,1143,18,2025-10-06 04:58:44
9124,87,2528,13,2025-02-21 04:27:44
9125,50,4636,11,2025-11-14 02:25:27
9126,25,1635,51,2026-01-30 20:07:04
9127,77,595,37,2025-08-10 20:32:56
9128,38,184,65,2025-06-30 01:24:20
9129,27,75,36,2025-08-19 16:29:06
9130,26,234,96,2025-10-14 09:05:40
9131,84,65,67,2026-01-02 19:11:04
9132,7,2540,44,2025-10-15 14:00:14
9133,53,1052,33,2025-06-09 05:06:04
9134,82,3227,3,2025-03-29 05:22:26
9135,62,125,79,2025-07-17 07:49:27
9136,98,266,2,2026-01-29 20:05:02
9137,30,3526,12,2025-04-21 23:57:27
9138,60,1381,95,2025-04-23 19:44:04
9139,51,1480,56,2025-07-03 19:31:13
9140,63,3331,12,2026-01-02 13:02:09
9141,59,3831,83,2025-09-07 06:24:47
9142,7,1403,68,2025-01-22 10:42:09
9143,61,4496,41,2025-05-25 15:32:09
9144,70,4270,18,2025-04-27 17:20:27
9145,4,3312,72,2025-11-19 19:56:00
9146,85,2777,38,2025-08-17 01:56:36
9147,20,3400,26,2025-08-13 11:44:25
9148,47,4882,34,2025-11-24 18:12:39
9149,72,3916,5,2026-02-02 04:29:02
9150,62,4460,22,2025-09-20 16:10:37
9151,31,367,13,2025-06-07 08:22:53
9152,37,81,17,2025-07-15 20:25:24
9153,25,3934,90,2026-01-15 12:10:38
9154,66,2658,12,2025-09-18 14:36:21
9155,11,748,94,2026-01-03 09:21:30
9156,34,1084,84,2025-10-27 19:36:22
9157,17,2119,18,2025-01-23 17:47:57
9158,35,2861,50,2025-06-07 08:13:25
9159,79,889,76,2025-07-11 03:10:26
9160,53,523,64,2025-06-15 15:54:28
9161,75,2859,97,2025-08-09 21:38:21
9162,92,1232,8,2025-02-06 06:14:05
9163,88,2314,4,2025-11-29 17:11:08
9164,72,3215,4,2025-07-29 10:18:40
9165,24,3674,82,2025-07-28 20:56:44
9166,48,2946,11,2025-08-09 15:08:33
9167,81,2648,52,2025-03-18 11:41:06
9168,51,4726,19,2025-10-23 16:44:16
9169,40,2088,100,2025-07-26 02:40:02
9170,96,2706,29,2025-03-22 21:35:02
9171,79,3942,7,2026-01-08 18:58:18
9172,16,3366,40,2025-11-28 20:22:47
9173,23,3501,10,2025-09-02 21:52:51
9174,73,4256,76,2025-02-07 04:09:35
9175,92,1063,9,2026-02-04 18:11:00
9176,12,477,7,2025-04-15 00:03:25
9177,9,4174,99,2025-12-04 14:10:31
9178,5,747,27,2025-01-23 17:08:56
9179,87,1071,32,2025-04-06 03:37:39
9180,27,2030,96,2025-03-30 21:43:39
9181,10,508,100,2025-10-02 07:51:24
9182,32,83,81,2025-11-27 00:09:52
9183,35,556,55,2025-05-14 03:16:48
9184,70,2457,60,2025-02-04 18:57:36
9185,43,3985,55,2025-01-16 07:22:42
9186,38,88,82,2025-09-20 12:03:24
9187,96,3384,18,2025-01-30 15:23:07
9188,68,2636,60,2025-11-11 01:06:24
9189,15,4300,35,2025-11-04 22:47:00
9190,68,4543,62,2025-12-01 23:18:19
9191,89,4490,19,2025-12-05 01:20:45
9192,77,3807,60,2026-02-01 02:09:55
9193,2,2552,63,2025-11-06 03:11:44
9194,2,4714,58,2025-11-19 09:52:14
9195,44,4802,32,2025-04-02 18:53:04
9196,18,3121,55,2025-08-18 07:57:38
9197,76,3911,0,2025-05-23 16:55:32
9198,91,3062,84,2025-08-12 08:15:37
9199,94,1586,15,2025-01-17 02:24:52
9200,81,2679,88,2025-07-27 00:29:30
9201,63,4521,40,2025-03-29 09:06:19
9202,89,1757,27,2026-01-29 10:44:38
9203,44,4420,20,2025-10-04 03:09:13
9204,3,1333,49,2025-12-16 09:22:53
9205,38,3862,25,2025-06-13 06:58:52
9206,63,1842,25,2026-01-06 21:10:37
9207,28,4204,57,2025-07-14 01:36:04
9208,95,3199,22,2025-06-19 23:15:27
9209,20,141,100,2025-12-30 02:39:23
9210,64,1003,74,2026-01-28 08:59:59
9211,34,4844,6,2025-02-03 11:16:09
9212,45,4485,88,2025-12-09 06:51:43
9213,35,2538,78,2026-01-01 11:23:24
9214,54,2615,13,2026-01-27 07:56:51
9215,53,4676,46,2026-01-28 18:23:11
9216,77,3069,72,2026-01-12 02:53:23
9217,41,925,79,2025-05-11 15:07:52
9218,12,389,18,2025-01-09 13:52:22
9219,49,1088,99,2026-01-16 09:38:54
9220,35,2736,29,2025-12-22 05:26:14
9221,29,2442,27,2025-04-09 14:28:16
9222,64,3437,14,2025-05-12 02:18:05
9223,80,1407,22,2025-03-27 22:44:41
9224,80,4562,60,2025-02-15 08:23:03
9225,100,3940,10,2025-04-29 13:23:04
9226,4,670,25,2025-05-23 18:18:21
9227,64,2106,23,2025-09-19 07:45:21
9228,32,3334,17,2026-01-28 11:32:02
9229,71,4854,48,2025-07-05 18:21:01
9230,39,2907,98,2025-01-07 23:01:49
9231,29,3856,9,2025-12-16 02:49:46
9232,37,326,64,2025-12-02 11:31:14
9233,76,2721,17,2025-03-23 12:46:52
9234,4,2875,59,2025-10-22 09:37:09
9235,91,2126,42,2025-05-04 12:57:12
9236,27,1702,93,2025-02-21 07:56:34
9237,76,1315,85,2025-04-01 19:47:33
9238,99,4235,50,2025-03-09 23:14:19
9239,74,908,31,2025-02-25 01:28:02
9240,67,658,66,2025-01-24 23:38:10
9241,79,855,21,2025-09-23 01:45:57
9242,29,1759,54,2025-07-21 13:44:48
9243,81,148,24,2025-04-08 22:08:36
9244,9,2447,56,2025-05-31 14:47:22
9245,41,2240,8,2025-02-24 03:40:23
9246,60,2481,85,2025-07-06 10:50:33
9247,94,4003,62,2025-10-13 16:53:15
9248,59,2279,87,2025-10-20 18:27:39
9249,63,2823,22,2025-05-25 15:53:05
9250,92,1694,87,2025-08-15 23:11:32
9251,51,4905,96,2025-02-13 01:30:11
9252,8,2281,37,2025-01-05 05:43:20
9253,52,1514,95,2025-08-13 11:07:40
9254,71,3371,51,2025-03-27 07:58:10
9255,2,3689,89,2025-09-18 23:33:31
9256,62,2498,42,2025-08-15 14:50:29
9257,32,3798,71,2025-11-30 14:01:53
9258,33,1055,1,2025-03-12 02:15:45
9259,16,854,15,2025-12-06 19:05:26
9260,11,4947,68,2025-08-08 13:35:39
9261,23,4394,46,2025-09-21 17:04:57
9262,31,2600,53,2025-11-27 17:58:15
9263,100,575,54,2025-08-08 09:48:50
9264,9,820,8,2025-12-07 14:16:19
9265,14,573,19,2025-08-24 08:19:40
9266,99,687,71,2025-02-20 14:07:34
9267,39,2319,53,2025-06-21 23:19:49
9268,15,4039,90,2025-08-04 11:33:24
9269,50,272,8,2025-03-10 08:53:52
9270,72,987,19,2025-09-18 00:12:02
9271,41,934,56,2025-07-13 08:56:26
9272,75,2998,68,2025-08-11 16:58:28
9273,97,20,35,2025-08-30 22:35:58
9274,27,469,79,2025-08-20 01:37:50
9275,46,4575,23,2025-01-13 09:21:38
9276,25,2416,34,2025-01-18 12:33:25
9277,66,663,69,2026-01-10 23:59:18
9278,32,2435,28,2025-05-05 00:17:25
9279,70,1947,94,2025-07-09 12:23:09
9280,50,869,85,2025-05-03 00:38:52
9281,68,2574,81,2025-09-17 09:04:18
9282,59,3995,97,2025-01-17 19:57:22
9283,41,723,37,2025-11-04 05:19:30
9284,13,453,5,2025-08-23 19:49:04
9285,92,2737,72,2025-03-31 08:39:11
9286,62,527,57,2025-07-27 18:58:05
9287,18,4773,59,2025-10-25 20:37:13
9288,32,1406,3,2025-11-10 23:07:13
9289,12,3504,56,2025-08-27 13:46:30
9290,71,4802,91,2025-12-11 00:32:42
9291,40,3118,3,2025-12-14 06:46:19
9292,5,3455,60,2025-03-20 06:27:13
9293,50,4558,41,2025-04-26 13:38:34
9294,34,3660,4,2025-11-15 11:41:35
9295,4,2808,32,2025-12-02 06:17:49
9296,18,4865,42,2025-03-27 11:20:17
9297,71,811,84,2025-05-28 05:15:43
9298,11,499,1,2025-06-17 16:31:02
9299,76,591,14,2025-11-01 22:51:06
9300,21,2610,15,2025-01-14 02:20:21
9301,40,209,11,2025-10-13 21:51:47
9302,25,4969,96,2025-03-16 22:22:23
9303,65,3256,94,2025-04-14 01:48:56
9304,60,1343,73,2025-10-11 16:37:26
9305,64,3669,63,2025-09-08 23:22:21
9306,86,4327,1,2025-07-21 23:31:25
9307,54,4335,67,2025-10-13 08:26:53
9308,62,3605,24,2025-01-16 02:45:31
9309,67,3310,35,2025-05-04 17:27:56
9310,85,1301,4,2025-10-20 02:28:05
9311,64,4163,18,2025-06-12 07:53:05
9312,79,1900,33,2025-08-23 11:14:30
9313,94,55,88,2025-09-12 16:30:49
9314,88,2054,86,2025-09-04 05:02:46
9315,28,3281,66,2025-11-18 05:36:17
9316,16,1086,37,2025-05-30 16:18:16
9317,75,2171,78,2025-06-22 10:53:11
9318,3,3067,9,2025-09-01 14:01:04
9319,12,4950,8,2025-08-24 16:06:26
9320,26,997,14,2025-01-04 16:48:29
9321,29,994,14,2025-07-04 04:50:43
9322,61,3277,55,2025-03-10 15:54:36
9323,21,2929,90,2025-03-13 05:16:27
9324,25,3664,40,2025-09-20 12:10:24
9325,19,542,22,2025-05-24 01:27:09
9326,30,3769,94,2026-02-01 05:10:28
9327,70,1932,56,2025-01-13 18:09:16
9328,70,2725,49,2025-05-11 17:12:54
9329,33,4868,22,2025-01-31 10:54:15
9330,41,3983,79,2025-04-05 11:44:56
9331,74,1199,6,2025-03-29 01:21:10
9332,60,439,24,2025-11-04 05:45:42
9333,69,1539,41,2025-01-08 05:52:56
9334,96,1654,75,2025-07-20 21:28:55
9335,80,3598,36,2025-02-21 12:01:08
9336,45,340,83,2025-05-22 13:54:11
9337,72,3295,87,2025-01-08 21:02:30
9338,57,3620,18,2025-08-07 01:18:47
9339,36,4492,72,2026-01-11 23:27:06
9340,66,1873,86,2025-07-25 20:16:34
9341,7,759,83,2025-01-29 20:58:23
9342,55,301,79,2025-11-30 09:53:20
9343,33,1942,23,2026-02-03 16:18:37
9344,99,4197,30,2025-12-25 01:36:25
9345,69,3764,21,2025-09-04 18:55:07
9346,29,3768,38,2025-10-10 03:03:23
9347,3,3614,96,2025-06-25 06:54:34
9348,45,1147,5,2025-11-04 18:20:31
9349,68,3771,47,2025-03-31 19:41:59
9350,25,2900,13,2025-06-02 10:49:46
9351,25,3736,50,2025-08-21 08:22:14
9352,10,1099,81,2026-01-04 05:43:00
9353,100,4204,18,2026-01-29 01:27:39
9354,87,1515,14,2025-11-14 10:26:57
9355,62,1206,88,2025-05-11 10:03:24
9356,16,1044,31,2025-02-15 13:42:11
9357,43,4733,20,2025-08-18 05:44:54
9358,84,4100,83,2025-01-25 03:52:06
9359,89,2735,68,2025-05-22 05:32:31
9360,1,4113,12,2025-12-01 11:20:52
9361,3,4719,64,2025-10-30 01:19:58
9362,2,1007,59,2026-01-18 18:15:47
9363,92,593,83,2025-03-07 04:49:19
9364,23,4708,6,2025-10-26 00:59:11
9365,61,2530,58,2025-10-16 11:22:31
9366,98,302,72,2025-03-03 00:17:59
9367,43,817,13,2025-10-10 01:31:29
9368,12,981,76,2025-08-27 15:35:18
9369,55,4599,24,2025-07-31 12:01:51
9370,42,4519,21,2026-01-21 00:40:39
9371,46,3857,21,2025-10-03 09:57:09
9372,34,3908,17,2026-01-05 05:00:33
9373,68,2501,65,2025-03-16 16:49:42
9374,40,2510,51,2025-11-02 17:35:13
9375,93,2335,70,2025-02-07 14:30:28
9376,58,2384,70,2025-06-19 03:47:49
9377,77,4743,16,2025-03-10 02:58:25
9378,48,2827,92,2025-10-20 11:30:52
9379,5,1939,83,2025-01-03 18:08:15
9380,54,1467,55,2025-10-05 19:17:45
9381,24,2277,58,2025-11-06 14:42:54
9382,54,3969,41,2025-11-22 19:45:40
9383,15,1526,62,2025-06-04 15:21:45
9384,53,4445,55,2025-04-06 11:01:15
9385,52,631,69,2025-06-29 01:13:42
9386,9,4372,44,2025-07-21 21:09:47
9387,69,3537,2,2025-10-29 04:24:25
9388,87,3569,4,2025-12-10 20:45:04
9389,78,1850,54,2025-09-02 15:31:07
9390,18,2674,88,2026-01-13 22:51:35
9391,98,107,66,2025-05-20 02:25:16
9392,5,147,22,2025-12-18 23:53:54
9393,19,4009,8,2025-11-11 19:28:24
9394,80,1627,12,2025-01-12 18:27:49
9395,63,4388,37,2025-05-13 18:16:56
9396,44,25,33,2025-08-27 08:00:20
9397,63,25,36,2025-01-17 08:59:40
9398,70,3621,83,2025-02-04 08:37:22
9399,40,3165,91,2025-03-02 14:03:53
9400,78,4163,21,2025-11-22 17:41:13
9401,72,303,86,2025-08-11 22:54:52
9402,42,4820,33,2025-01-23 06:32:33
9403,57,3746,77,2025-04-06 19:09:16
9404,11,4626,83,2025-03-26 13:18:25
9405,35,805,54,2025-02-02 04:11:32
9406,89,4984,48,2025-11-07 14:22:44
9407,20,1211,11,2025-10-10 04:25:11
9408,45,200,96,2026-01-20 20:46:56
9409,2,1342,71,2025-12-02 23:00:57
9410,29,508,11,2025-08-14 19:13:19
9411,36,423,30,2025-07-13 23:42:19
9412,15,208,70,2025-06-04 06:39:59
9413,81,1600,28,2025-05-15 19:18:29
9414,13,2809,40,2025-05-24 10:41:55
9415,78,247,38,2025-01-09 02:24:11
9416,45,1544,45,2025-07-15 15:31:44
9417,64,4214,85,2025-09-20 10:24:10
9418,42,2877,8,2025-07-04 23:58:29
9419,17,4875,65,2025-01-14 21:37:13
9420,13,3334,59,2025-01-25 11:29:37
9421,99,1655,61,2025-07-14 17:46:37
9422,95,4784,32,2025-11-18 07:09:42
9423,71,4327,97,2025-09-18 16:24:36
9424,3,1884,40,2025-06-04 19:06:45
9425,82,167,69,2025-11-11 19:15:35
9426,91,1632,20,2025-05-30 12:14:47
9427,54,4033,89,2025-02-19 01:35:33
9428,59,3231,39,2025-05-23 10:08:51
9429,44,1513,85,2026-01-04 19:36:11
9430,21,2309,1,2025-07-14 07:16:33
9431,35,4255,82,2025-01-14 21:40:45
9432,40,1812,4,2025-03-22 04:38:47
9433,1,4978,2,2025-11-13 03:48:52
9434,53,2213,33,2025-04-10 22:30:32
9435,52,2968,6,2025-06-17 04:10:26
9436,22,3810,88,2025-12-08 02:38:48
9437,22,3517,49,2025-03-24 21:02:48
9438,81,3073,21,2026-01-11 12:42:28
9439,58,541,70,2025-01-03 21:28:17
9440,98,4391,44,2025-01-08 00:24:48
9441,86,2246,57,2025-06-25 00:47:33
9442,26,1434,50,2025-05-16 14:53:53
9443,18,4769,55,2025-10-19 18:16:22
9444,33,4963,35,2025-06-19 13:40:07
9445,95,2778,27,2025-07-14 12:34:10
9446,100,2244,92,2025-10-18 18:46:45
9447,30,3349,90,2025-01-16 21:26:53
9448,7,3865,66,2025-12-21 02:06:59
9449,80,4785,51,2025-09-13 11:33:44
9450,44,2850,9,2026-01-23 03:14:44
9451,30,1417,51,2025-07-17 17:53:23
9452,16,1716,77,2025-05-21 06:33:22
9453,79,2366,19,2025-12-07 20:02:19
9454,88,4223,21,2025-04-30 14:43:18
9455,35,4283,42,2025-02-03 03:48:37
9456,26,1368,62,2025-08-06 00:05:38
9457,37,4727,29,2025-04-27 06:53:02
9458,78,3933,61,2025-10-30 06:04:31
9459,85,1586,42,2026-02-05 06:17:41
9460,89,156,84,2025-02-04 05:16:07
9461,39,756,44,2025-01-12 20:19:23
9462,52,1995,97,2025-12-02 15:34:04
9463,72,555,91,2025-10-23 17:25:37
9464,2,715,11,2025-06-09 03:56:53
9465,60,337,70,2025-08-16 15:17:52
9466,80,3370,50,2025-04-06 21:31:13
9467,68,4577,56,2025-10-21 02:40:59
9468,2,965,95,2025-03-26 08:51:44
9469,27,2161,59,2025-07-27 20:28:51
9470,94,3494,94,2025-01-16 01:08:26
9471,54,2398,28,2025-10-27 11:31:37
9472,95,2606,88,2025-10-06 11:40:57
9473,76,4181,2,2025-07-04 14:05:50
9474,3,1873,64,2025-11-30 13:52:38
9475,33,4684,35,2026-01-24 19:38:04
9476,13,1656,56,2025-01-17 16:28:14
9477,98,811,61,2025-03-05 21:06:27
9478,8,4071,13,2025-06-27 10:58:50
9479,9,1928,93,2025-01-08 14:55:12
9480,25,3459,68,2025-06-30 15:53:31
9481,73,1712,86,2025-10-29 15:08:16
9482,23,4746,20,2025-01-19 18:54:52
9483,90,2774,82,2025-01-18 06:39:45
9484,32,2809,75,2025-12-20 22:45:30
9485,31,4610,2,2025-03-07 16:00:30
9486,41,2542,8,2025-12-04 16:06:33
9487,38,4644,13,2025-10-21 06:38:01
9488,4,2986,39,2025-08-13 06:33:34
9489,87,3279,26,2025-06-18 00:44:06
9490,63,3432,79,2025-05-07 04:16:31
9491,50,2686,72,2025-04-27 22:52:33
9492,2,3844,71,2025-08-17 13:12:00
9493,100,2785,67,2025-11-13 19:17:40
9494,26,4505,97,2025-10-24 11:35:27
9495,4,2887,63,2026-01-25 12:21:37
9496,50,991,6,2025-07-14 01:13:28
9497,83,2360,21,2025-04-09 00:28:40
9498,33,2603,30,2025-11-24 18:09:56
9499,72,2202,46,2025-04-13 08:13:37
9500,92,160,41,2025-10-03 02:59:03
9501,6,1280,77,2025-12-10 06:00:25
9502,77,2174,36,2025-12-15 02:09:42
9503,3,2909,19,2025-02-27 07:51:15
9504,56,4344,23,2025-04-12 09:50:07
9505,21,711,65,2026-01-10 20:03:33
9506,13,871,92,2025-05-27 15:50:28
9507,7,3688,60,2025-04-27 23:21:20
9508,38,941,31,2025-05-24 07:16:04
9509,7,1311,88,2025-07-08 01:31:16
9510,67,4384,85,2025-05-17 17:28:53
9511,33,995,48,2025-12-26 05:50:48
9512,61,4701,10,2025-05-11 07:02:31
9513,56,1501,75,2025-04-09 10:13:13
9514,18,430,2,2025-06-25 21:30:18
9515,29,887,1,2025-02-13 13:10:20
9516,81,3399,91,2025-08-18 15:46:37
9517,30,3608,81,2025-10-13 18:35:47
9518,69,1329,30,2026-01-27 22:54:49
9519,96,4317,81,2025-10-15 11:56:38
9520,58,738,64,2025-10-25 17:01:31
9521,92,3740,22,2025-01-26 00:06:32
9522,15,919,92,2025-11-01 14:50:36
9523,28,3483,67,2025-12-18 04:53:54
9524,70,3378,79,2025-11-06 09:46:08
9525,50,3952,21,2026-01-01 21:03:21
9526,9,781,83,2025-02-15 01:22:09
9527,96,711,92,2025-12-16 03:13:53
9528,55,3545,58,2025-01-20 20:09:19
9529,77,3383,81,2025-05-13 19:08:55
9530,13,4503,47,2026-01-17 05:16:44
9531,68,185,97,2026-01-20 07:45:35
9532,63,3437,84,2025-09-05 01:52:55
9533,37,765,61,2025-06-01 20:58:15
9534,49,1500,80,2025-12-11 00:39:22
9535,52,3760,11,2025-08-18 05:15:36
9536,30,3358,8,2025-04-18 07:42:27
9537,40,1985,2,2025-05-06 20:11:09
9538,25,1548,39,2025-06-04 12:06:56
9539,81,3594,37,2025-07-16 21:10:06
9540,73,4108,35,2025-01-19 00:44:55
9541,4,1337,91,2025-06-18 20:07:18
9542,13,3179,22,2025-07-17 08:40:17
9543,19,3130,31,2025-06-15 06:52:48
9544,56,3345,69,2025-01-21 21:33:23
9545,68,788,98,2025-07-08 20:35:19
9546,77,2570,26,2025-10-27 04:59:15
9547,77,55,10,2025-09-05 04:40:11
9548,96,367,85,2025-12-13 02:38:42
9549,96,2862,24,2025-06-20 22:13:27
9550,59,625,42,2025-01-16 11:18:22
9551,39,1624,59,2025-09-10 15:55:10
9552,96,1628,99,2025-09-12 11:45:32
9553,69,2103,85,2025-11-15 04:18:56
9554,50,567,10,2025-06-18 08:19:56
9555,6,1778,82,2025-06-26 16:56:24
9556,60,4143,86,2025-08-24 12:48:30
9557,79,2736,94,2025-09-29 21:41:25
9558,65,3831,83,2025-12-13 06:36:32
9559,10,4428,63,2025-07-28 12:20:15
9560,64,2044,11,2025-08-20 16:12:42
9561,90,600,70,2025-09-01 04:44:37
9562,94,3120,93,2025-05-08 06:48:36
9563,3,3320,65,2025-10-25 21:13:52
9564,99,2204,67,2025-04-25 18:26:55
9565,37,3760,99,2025-01-18 15:11:50
9566,35,1054,1,2025-11-08 14:56:46
9567,76,4031,88,2025-05-06 17:02:45
9568,84,1091,12,2025-12-26 22:41:29
9569,21,267,62,2025-06-13 01:03:20
9570,93,4098,21,2025-08-30 10:36:20
9571,9,3362,67,2025-08-25 03:07:00
9572,97,2192,32,2025-05-06 10:17:03
9573,16,4219,78,2025-01-04 19:49:04
9574,77,4920,70,2025-12-16 07:01:27
9575,29,3177,100,2025-09-13 07:13:46
9576,39,2208,92,2025-11-14 22:22:31
9577,9,4457,13,2026-02-03 08:31:07
9578,41,4101,83,2025-08-17 03:28:16
9579,11,3183,88,2025-03-12 21:59:21
9580,13,2161,82,2025-06-27 02:52:31
9581,75,203,3,2025-07-15 19:57:59
9582,75,4507,69,2025-07-23 22:50:52
9583,18,4640,87,2025-04-04 21:11:35
9584,77,2819,20,2025-06-18 22:14:58
9585,38,1714,90,2025-09-30 17:14:54
9586,97,1843,40,2025-07-13 15:50:46
9587,22,1041,90,2026-01-09 02:47:22
9588,56,3907,12,2025-01-24 16:44:19
9589,78,3282,2,2025-10-30 03:30:04
9590,99,1092,38,2025-11-12 10:11:24
9591,35,4749,81,2025-02-14 05:41:45
9592,55,4737,54,2025-05-23 05:35:50
9593,61,1874,83,2026-01-02 00:24:38
9594,4,2864,43,2026-01-22 09:56:14
9595,53,3521,25,2025-04-06 13:57:01
9596,78,783,36,2026-01-06 00:32:15
9597,54,3700,58,2025-03-02 21:01:32
9598,22,1138,9,2025-11-09 11:57:21
9599,30,3870,15,2025-06-26 10:02:55
9600,84,2414,55,2025-01-25 17:33:30
9601,47,1500,7,2025-08-30 02:02:06
9602,79,2875,88,2025-06-06 16:45:04
9603,14,2814,32,2025-01-24 11:16:04
9604,86,1436,27,2025-05-29 20:48:48
9605,38,3624,25,2025-10-16 23:01:45
9606,4,3472,40,2025-08-06 21:18:18
9607,52,3568,23,2025-06-07 20:01:06
9608,56,4068,41,2026-02-04 06:26:58
9609,82,1128,31,2025-09-30 23:17:44
9610,91,3534,31,2025-03-28 03:54:19
9611,98,4661,12,2025-09-23 03:36:56
9612,84,404,81,2025-01-29 15:33:58
9613,19,4369,94,2025-10-20 22:33:50
9614,77,1988,39,2025-10-21 19:21:10
9615,99,3049,36,2025-06-02 15:43:19
9616,32,2824,36,2025-01-25 18:24:46
9617,23,1475,2,2025-02-12 09:34:02
9618,57,477,58,2025-07-23 02:03:42
9619,19,3398,59,2025-06-14 01:55:34
9620,98,4942,0,2026-01-03 16:40:42
9621,32,338,8,2025-05-16 11:56:49
9622,94,1997,9,2025-05-02 21:54:26
9623,7,168,16,2026-01-13 01:24:08
9624,13,2974,39,2025-07-15 16:32:18
9625,19,1210,23,2025-05-30 05:44:30
9626,50,1563,85,2025-08-09 17:44:29
9627,84,3808,77,2025-12-29 23:32:05
9628,27,1119,75,2025-12-21 21:02:13
9629,100,4274,94,2025-02-19 01:20:08
9630,94,3401,12,2025-06-20 21:33:58
9631,32,2847,18,2025-04-21 17:37:07
9632,77,1569,93,2026-02-01 07:31:29
9633,4,1035,30,2025-05-25 07:26:25
9634,51,4481,37,2025-03-18 12:04:01
9635,89,2185,85,2025-06-29 04:21:59
9636,45,1830,36,2025-01-16 09:21:08
9637,18,938,13,2025-02-09 05:16:00
9638,40,1930,100,2025-10-22 19:04:36
9639,23,3694,6,2025-12-22 21:08:54
9640,96,972,42,2025-10-31 11:42:43
9641,78,3935,83,2025-10-18 05:11:47
9642,53,4456,26,2025-11-25 10:02:17
9643,21,693,24,2025-07-13 15:38:25
9644,98,1280,45,2025-07-31 15:12:57
9645,14,1020,14,2025-03-07 20:46:10
9646,36,1774,72,2025-08-31 22:39:11
9647,95,2518,94,2025-07-23 16:56:53
9648,93,3149,97,2025-07-16 14:39:57
9649,44,2005,86,2025-03-25 15:50:00
9650,31,3368,0,2025-03-25 21:47:17
9651,8,3949,93,2026-01-24 10:46:35
9652,7,2444,61,2025-07-08 07:05:01
9653,85,353,27,2025-05-27 00:50:04
9654,45,4614,14,2025-09-30 15:46:14
9655,100,2127,61,2025-07-01 09:14:22
9656,57,733,81,2025-08-18 07:20:36
9657,17,691,93,2025-01-24 16:55:02
9658,81,2992,9,2025-11-06 23:28:59
9659,99,3501,75,2025-09-16 16:34:53
9660,5,284,43,2025-12-16 13:31:08
9661,37,3217,36,2025-08-12 04:00:53
9662,6,139,81,2025-06-11 18:11:21
9663,11,2769,6,2025-12-31 06:52:26
9664,87,4629,23,2025-07-03 13:25:29
9665,23,1748,92,2025-03-22 09:02:30
9666,78,4273,46,2025-11-03 15:57:48
9667,67,778,8,2025-03-17 01:51:55
9668,58,311,23,2025-02-20 21:32:52
9669,29,4815,87,2025-04-16 08:17:10
9670,28,4396,79,2025-03-15 06:55:00
9671,35,3171,99,2025-06-28 01:43:24
9672,71,538,93,2025-11-25 15:37:50
9673,97,389,86,2025-03-02 21:39:12
9674,3,4582,21,2025-12-15 07:56:09
9675,16,1956,74,2025-05-01 02:21:24
9676,2,587,39,2025-09-07 03:51:21
9677,3,3537,92,2025-09-23 09:58:39
9678,94,2563,60,2026-01-04 09:24:23
9679,54,2056,3,2025-06-22 18:53:54
9680,49,737,22,2025-06-07 22:28:07
9681,77,1655,20,2025-05-02 05:10:07
9682,82,1026,84,2025-06-20 14:07:11
9683,22,566,1,2025-09-12 10:17:53
9684,26,4178,97,2025-12-06 06:33:25
9685,91,1567,94,2025-02-19 08:29:20
9686,87,523,4,2025-05-27 17:29:06
9687,38,2511,25,2025-04-28 04:25:02
9688,25,782,66,2025-06-04 18:52:56
9689,20,4875,74,2025-06-21 20:29:57
9690,35,1076,64,2025-06-10 10:49:06
9691,66,3008,24,2025-06-17 14:53:22
9692,98,2351,68,2025-05-16 18:12:03
9693,98,551,65,2025-01-29 01:09:11
9694,96,4824,75,2025-05-14 16:45:14
9695,3,3643,30,2025-06-14 01:38:50
9696,81,4109,26,2025-10-25 02:29:28
9697,96,3090,82,2025-07-24 06:37:43
9698,35,628,73,2025-06-16 23:16:07
9699,78,3550,93,2025-07-23 19:14:34
9700,21,2150,66,2025-08-05 07:29:23
9701,15,1574,20,2025-08-27 10:47:30
9702,98,984,96,2025-05-04 15:17:48
9703,94,3470,81,2025-12-05 16:08:11
9704,66,3396,83,2026-01-22 21:53:37
9705,29,4645,39,2025-06-17 08:34:21
9706,90,2862,3,2025-07-16 13:32:00
9707,64,2646,99,2025-07-19 12:34:22
9708,61,4086,11,2026-01-29 11:27:46
9709,37,2920,99,2025-05-16 13:40:07
9710,83,598,93,2025-02-26 03:56:26
9711,27,4273,0,2025-04-14 03:09:54
9712,82,1967,88,2025-10-12 03:25:52
9713,20,2589,26,2025-07-30 14:27:07
9714,88,4561,30,2026-01-22 16:13:31
9715,7,4467,85,2025-03-06 23:06:54
9716,55,2781,59,2025-01-20 23:01:10
9717,28,718,61,2025-02-03 07:16:21
9718,67,4134,47,2025-05-08 11:05:52
9719,1,490,7,2025-01-01 09:39:17
9720,7,2711,53,2025-10-03 08:09:51
9721,49,2828,14,2025-12-30 12:48:39
9722,22,1077,38,2025-08-24 01:11:51
9723,48,108,36,2025-07-19 18:31:19
9724,72,2782,20,2025-10-27 23:56:04
9725,49,4277,95,2025-10-16 10:20:30
9726,26,1333,68,2025-08-11 12:56:33
9727,56,3022,50,2025-04-22 21:19:38
9728,52,1387,91,2025-02-28 01:33:40
9729,19,4110,71,2025-12-14 14:14:14
9730,84,792,25,2025-04-21 01:32:32
9731,6,4641,17,2025-12-18 22:57:55
9732,3,4522,49,2025-03-31 23:26:51
9733,92,4090,42,2025-06-23 12:19:30
9734,19,2236,39,2025-09-17 09:19:35
9735,39,2718,27,2025-06-10 03:56:25
9736,34,4299,69,2025-07-18 06:06:33
9737,49,1287,100,2025-06-28 01:01:23
9738,91,3366,99,2026-01-12 10:07:58
9739,76,3579,41,2025-04-27 15:52:30
9740,16,2537,41,2025-05-08 12:36:29
9741,36,4702,45,2025-02-25 22:36:16
9742,90,4521,100,2025-02-25 01:01:24
9743,60,744,45,2025-01-26 08:05:12
9744,78,1844,87,2025-07-18 07:04:50
9745,19,1749,98,2026-01-11 06:58:07
9746,42,585,8,2025-03-17 01:13:36
9747,61,1166,0,2025-01-01 23:01:02
9748,69,1754,15,2025-12-02 04:05:46
9749,96,3269,21,2025-04-10 06:41:36
9750,75,2069,58,2025-12-14 19:53:29
9751,87,4706,41,2025-04-06 14:33:25
9752,33,4286,55,2025-07-17 07:09:27
9753,53,2774,91,2025-01-25 05:16:03
9754,33,622,10,2025-11-06 11:19:30
9755,88,1090,79,2025-04-19 17:05:19
9756,57,729,78,2025-04-26 16:51:32
9757,85,4706,60,2026-01-15 03:47:16
9758,51,1761,22,2025-02-10 23:56:33
9759,91,1061,91,2025-03-01 05:02:45
9760,35,4613,15,2025-09-15 00:27:31
9761,50,3280,78,2025-09-23 20:52:48
9762,40,1883,40,2025-08-03 20:46:17
9763,46,2256,54,2025-05-17 22:34:28
9764,11,4951,12,2026-01-22 08:14:48
9765,45,3959,65,2025-12-10 05:17:34
9766,34,1465,65,2025-02-25 01:17:17
9767,2,1066,38,2025-03-07 12:58:47
9768,72,100,98,2025-10-24 20:24:20
9769,77,1977,7,2025-05-27 03:56:54
9770,71,75,7,2025-11-21 14:47:17
9771,93,1268,14,2025-08-18 01:43:48
9772,5,3805,50,2025-09-09 05:10:36
9773,61,27,19,2025-04-10 19:46:37
9774,82,3563,63,2025-11-30 00:36:35
9775,81,853,20,2025-11-10 20:47:43
9776,48,3247,15,2025-10-07 12:41:15
9777,56,4646,58,2025-09-22 00:26:13
9778,34,882,97,2026-01-13 14:21:19
9779,90,3141,45,2025-08-04 21:08:28
9780,32,4923,70,2025-07-10 17:34:12
9781,88,4456,89,2025-09-08 11:26:30
9782,38,2881,7,2025-03-12 10:00:16
9783,95,2558,31,2025-11-07 14:00:17
9784,98,490,95,2025-10-09 03:40:34
9785,6,1409,73,2025-02-11 06:52:42
9786,13,2240,67,2025-06-18 23:16:32
9787,40,3630,68,2026-01-18 17:52:06
9788,59,75,16,2025-01-25 03:56:18
9789,59,3166,71,2025-05-04 20:56:36
9790,21,2995,73,2025-04-16 23:09:34
9791,65,2069,33,2025-10-11 19:36:37
9792,80,3660,10,2025-11-03 08:26:50
9793,74,1834,28,2025-01-23 11:56:52
9794,6,3994,18,2025-08-31 15:26:36
9795,62,4393,21,2025-11-21 12:57:17
9796,1,4477,11,2025-11-17 10:10:07
9797,68,1854,24,2025-10-06 11:44:41
9798,34,3426,35,2025-10-15 12:32:36
9799,30,3117,25,2025-11-08 23:27:28
9800,7,475,59,2025-08-31 15:12:36
9801,42,4516,71,2025-07-30 20:38:23
9802,79,3826,31,2025-01-03 10:01:25
9803,64,4417,1,2025-12-23 11:59:42
9804,23,2889,72,2025-12-02 10:24:03
9805,33,2788,52,2025-05-22 06:08:35
9806,91,780,27,2025-01-04 18:19:05
9807,15,3919,17,2025-02-25 02:01:40
9808,93,229,87,2025-05-29 23:25:17
9809,15,4597,5,2025-02-18 06:21:36
9810,100,1028,93,2025-09-14 01:02:15
9811,54,4833,21,2025-09-05 01:25:26
9812,78,2096,16,2026-01-26 11:44:12
9813,94,3444,44,2025-04-22 19:29:40
9814,74,1059,12,2025-05-12 12:52:18
9815,30,1748,97,2026-01-20 09:21:33
9816,5,4016,55,2025-08-13 20:17:29
9817,11,1643,91,2025-01-23 08:11:15
9818,4,3241,59,2026-01-19 22:40:54
9819,40,1890,41,2025-10-01 01:43:34
9820,43,1136,11,2025-08-14 19:10:10
9821,5,1102,38,2025-07-18 18:55:56
9822,33,4340,9,2025-11-21 09:59:13
9823,32,3846,30,2025-01-06 14:58:51
9824,70,1630,31,2025-08-23 02:16:19
9825,57,3101,11,2025-02-05 05:19:45
9826,59,2457,11,2025-11-04 06:32:40
9827,89,370,68,2025-03-12 13:51:31
9828,45,3408,63,2025-10-23 14:34:25
9829,38,1242,80,2025-06-13 19:49:53
9830,2,4134,18,2025-07-21 03:01:38
9831,20,1990,91,2025-06-12 06:37:05
9832,13,4880,89,2025-11-09 11:47:43
9833,38,4464,57,2025-02-09 21:13:07
9834,26,1350,78,2025-03-07 19:56:54
9835,88,3559,19,2025-10-20 01:20:14
9836,76,2146,95,2025-12-25 01:15:03
9837,20,249,31,2025-02-04 04:01:26
9838,1,3357,37,2026-01-23 18:38:46
9839,78,3804,42,2025-08-13 10:23:24
9840,19,266,32,2025-11-27 22:52:21
9841,51,2393,94,2025-10-23 08:39:17
9842,10,4467,90,2025-03-11 01:25:58
9843,34,3657,70,2026-01-01 07:56:27
9844,76,1540,75,2025-02-22 14:16:19
9845,79,4427,64,2025-06-10 05:49:41
9846,57,4279,99,2025-01-27 17:52:41
9847,9,2977,49,2025-09-28 21:53:01
9848,24,2622,32,2025-06-22 01:31:32
9849,65,612,48,2025-02-21 20:06:26
9850,86,3368,80,2025-04-16 21:40:20
9851,60,4990,89,2025-08-04 22:05:38
9852,69,3935,9,2025-04-05 03:26:28
9853,26,1875,53,2025-05-21 07:17:09
9854,5,3129,24,2025-04-06 15:49:17
9855,53,4271,97,2025-08-08 10:36:37
9856,67,1260,82,2025-08-28 21:23:03
9857,55,4552,40,2025-08-05 07:31:26
9858,18,507,35,2025-06-25 23:33:19
9859,4,3953,30,2025-10-04 18:21:27
9860,16,3046,60,2025-12-15 13:54:06
9861,63,2190,22,2025-02-28 03:07:29
9862,95,3475,51,2025-02-15 23:41:29
9863,26,2603,45,2025-07-17 17:23:46
9864,88,31,11,2025-09-13 15:11:42
9865,36,366,50,2025-03-10 23:00:07
9866,49,3096,9,2025-08-29 23:11:07
9867,100,3814,85,2025-05-29 09:06:12
9868,99,3783,15,2025-07-03 19:34:47
9869,60,3201,58,2025-08-26 06:33:26
9870,70,2580,32,2025-05-19 19:39:11
9871,96,966,32,2025-06-29 08:27:17
9872,99,413,23,2025-03-17 18:31:50
9873,25,1995,53,2025-05-24 15:22:24
9874,29,3362,86,2025-06-16 15:17:33
9875,59,3751,0,2025-03-15 19:02:34
9876,33,2387,2,2025-08-19 05:14:15
9877,90,478,2,2025-07-12 12:20:57
9878,66,1604,96,2025-06-29 01:48:35
9879,29,2268,50,2025-06-06 20:24:03
9880,70,1977,84,2025-02-03 11:19:10
9881,27,2626,50,2025-06-02 12:13:21
9882,51,149,76,2026-01-11 06:21:40
9883,66,3768,7,2025-01-10 06:15:35
9884,78,3059,16,2025-01-14 22:57:12
9885,34,3778,89,2025-12-13 06:16:53
9886,55,743,72,2026-01-24 21:28:25
9887,65,1934,18,2025-02-08 19:21:44
9888,33,2003,45,2025-10-13 08:53:22
9889,82,2305,43,2025-11-20 03:23:09
9890,59,1690,20,2025-04-24 15:23:55
9891,97,4504,36,2025-11-22 17:14:04
9892,61,1989,62,2026-01-25 12:11:22
9893,59,1443,74,2025-04-22 06:35:41
9894,38,2925,16,2025-12-08 09:49:45
9895,52,1031,90,2025-02-05 10:44:35
9896,22,1722,67,2025-10-24 03:45:32
9897,77,978,60,2025-02-07 09:42:39
9898,90,858,25,2025-01-20 12:53:14
9899,34,227,10,2026-01-30 12:48:28
9900,98,1192,63,2025-11-12 20:13:58
9901,89,1033,0,2025-12-04 14:29:28
9902,61,4320,20,2025-11-10 14:09:18
9903,98,4631,13,2026-01-31 16:08:18
9904,23,4965,93,2025-12-21 00:46:35
9905,12,3247,65,2026-01-14 04:48:02
9906,89,4107,84,2025-07-29 21:39:51
9907,44,1308,59,2026-01-26 23:27:50
9908,63,4499,93,2025-11-01 11:15:23
9909,67,3304,24,2025-12-13 11:55:34
9910,58,343,27,2025-12-21 17:24:08
9911,53,2676,55,2025-06-15 22:20:39
9912,78,2097,99,2025-10-25 16:23:03
9913,96,3621,85,2025-08-30 12:36:04
9914,61,4039,67,2025-07-31 13:37:03
9915,24,2283,77,2025-06-13 13:14:12
9916,34,234,38,2025-02-26 15:10:13
9917,9,4087,83,2025-02-10 18:12:55
9918,70,855,61,2025-04-09 17:15:19
9919,29,4518,90,2025-06-23 07:20:24
9920,29,3605,1,2025-11-18 23:18:52
9921,70,1834,79,2025-04-08 07:58:12
9922,58,3404,93,2025-06-15 16:24:38
9923,6,4013,78,2025-01-20 17:25:02
9924,11,1260,78,2025-09-06 01:26:30
9925,64,4267,65,2025-05-10 19:01:01
9926,39,1858,79,2025-07-23 00:13:27
9927,14,1973,90,2025-08-23 15:00:00
9928,72,624,96,2025-01-01 01:52:00
9929,70,2178,98,2025-10-26 15:01:52
9930,72,4934,84,2025-04-01 12:01:05
9931,84,3663,36,2025-02-05 03:39:28
9932,76,166,22,2025-09-16 18:47:40
9933,74,4566,62,2025-09-16 22:11:52
9934,27,2790,58,2026-01-01 21:02:58
9935,58,2561,76,2025-11-26 18:28:46
9936,42,1001,92,2025-07-20 03:59:18
9937,36,1845,97,2025-01-21 15:32:43
9938,93,2934,91,2025-02-23 09:49:14
9939,6,338,67,2025-12-04 18:35:06
9940,31,3177,82,2025-09-09 12:54:03
9941,78,3307,5,2025-10-25 17:47:52
9942,85,1535,55,2025-08-17 08:04:46
9943,54,4297,39,2026-01-05 05:06:26
9944,68,2185,44,2025-05-13 05:38:50
9945,23,4705,67,2025-08-24 20:20:27
9946,71,1869,52,2025-08-09 10:33:22
9947,38,3525,8,2025-12-15 17:11:09
9948,87,3801,52,2025-09-09 14:02:14
9949,69,3312,3,2025-04-21 07:34:27
9950,87,3448,71,2025-08-30 11:18:55
9951,18,2665,2,2025-08-06 02:22:21
9952,86,1301,21,2025-09-17 17:39:36
9953,53,4490,93,2025-01-13 05:09:53
9954,47,3881,64,2025-01-23 20:38:36
9955,45,2538,88,2025-02-05 21:08:00
9956,14,661,25,2026-02-05 21:25:51
9957,80,2814,35,2025-08-06 08:04:19
9958,25,867,33,2026-01-30 19:41:11
9959,77,3185,86,2025-04-12 23:07:43
9960,4,282,67,2025-07-29 23:17:06
9961,30,4569,59,2025-04-25 07:48:14
9962,79,2128,76,2025-03-29 09:29:10
9963,4,2547,41,2025-08-23 04:38:21
9964,15,1581,2,2025-04-23 16:45:31
9965,76,4840,18,2025-06-29 17:56:25
9966,50,448,20,2025-10-23 03:18:37
9967,81,2505,40,2025-01-03 13:29:55
9968,26,2477,91,2025-05-16 15:13:31
9969,97,392,81,2025-03-03 18:04:28
9970,72,4973,33,2026-01-21 14:49:58
9971,21,1652,3,2026-01-05 21:59:33
9972,45,2024,5,2025-08-21 01:38:20
9973,8,3973,43,2025-12-28 15:36:08
9974,11,4890,72,2025-11-05 10:49:31
9975,66,610,43,2025-12-30 10:08:53
9976,62,4140,67,2025-07-22 14:29:32
9977,60,2821,58,2025-03-31 15:52:15
9978,74,4011,56,2025-04-11 02:27:33
9979,13,389,74,2025-11-02 04:22:05
9980,3,3038,41,2025-12-24 12:24:38
9981,70,2675,39,2025-09-07 10:34:24
9982,80,2757,84,2025-01-18 20:29:53
9983,30,1424,57,2025-02-15 11:47:36
9984,55,4354,40,2025-06-17 12:02:50
9985,97,2282,64,2026-01-12 21:06:23
9986,81,794,49,2025-02-16 11:45:56
9987,58,1358,45,2025-04-03 23:52:38
9988,68,1640,78,2025-12-17 16:05:29
9989,93,4865,26,2025-05-17 23:59:37
9990,66,3971,92,2025-06-22 10:23:25
9991,14,1017,24,2025-11-15 14:23:44
9992,53,245,59,2025-12-07 01:55:49
9993,85,3922,5,2025-11-23 01:18:27
9994,67,3375,36,2025-12-01 03:05:34
9995,46,302,36,2025-12-27 12:42:04
9996,32,1440,84,2025-02-23 22:34:53
9997,79,609,95,2025-12-27 17:43:32
9998,66,4923,1,2025-04-27 19:24:51
9999,91,568,46,2025-01-26 01:46:51
10000,72,4689,84,2026-01-11 22:35:11
10001,43,1572,17,2025-05-06 10:45:22
10002,53,1144,65,2025-02-18 01:38:57
10003,83,794,37,2025-11-26 14:32:53
10004,15,730,24,2025-08-02 15:32:00
10005,90,2884,89,2025-02-15 01:33:39
10006,2,3966,57,2025-03-05 09:30:05
10007,1,4585,5,2025-09-08 03:29:08
10008,9,4504,68,2025-08-21 22:59:54
10009,76,252,49,2025-07-24 17:46:59
10010,62,2037,66,2025-01-17 06:46:56
10011,58,1225,22,2025-05-29 20:49:31
10012,100,422,19,2025-08-31 12:05:43
10013,81,2906,31,2025-06-26 00:56:12
10014,26,2737,34,2025-09-28 20:34:57
10015,70,1155,22,2025-11-26 08:19:19
10016,54,2280,93,2025-10-25 13:30:31
10017,99,605,70,2025-03-17 12:13:33
10018,18,786,73,2025-09-14 20:12:52
10019,86,1795,43,2025-03-23 04:05:09
10020,79,4885,19,2025-03-08 19:21:12
10021,24,3532,26,2025-12-25 11:07:15
10022,11,3680,14,2025-02-23 23:46:43
10023,1,4256,30,2025-03-21 19:44:41
10024,23,4193,99,2025-01-31 02:02:23
10025,88,977,13,2025-10-12 20:04:11
10026,53,3613,31,2025-03-10 06:10:41
10027,39,3951,46,2025-09-05 07:33:56
10028,39,1055,52,2025-07-03 17:21:41
10029,81,3332,53,2025-12-28 22:20:11
10030,23,4520,81,2025-07-14 08:14:20
10031,60,671,7,2025-04-12 19:59:15
10032,73,2476,41,2025-02-04 13:13:57
10033,52,3640,93,2025-05-29 22:00:08
10034,87,398,80,2025-06-07 23:48:39
10035,93,3520,8,2025-12-04 15:07:22
10036,69,3341,11,2025-01-10 08:15:28
10037,62,4394,81,2025-04-27 15:51:23
10038,82,908,63,2025-06-10 19:39:25
10039,78,1443,32,2025-09-09 03:44:10
10040,64,4134,51,2025-03-31 07:44:12
10041,100,3512,20,2025-05-15 12:44:49
10042,8,2299,54,2025-02-12 17:36:53
10043,29,2014,47,2025-12-08 16:06:42
10044,97,2647,43,2025-04-12 00:02:39
10045,46,786,8,2026-01-14 06:17:26
10046,84,3000,61,2025-02-15 19:28:17
10047,8,3120,10,2025-09-12 02:07:15
10048,38,4343,5,2025-06-25 14:49:21
10049,2,2365,36,2025-03-24 22:28:46
10050,82,2234,45,2025-04-30 12:05:31
10051,7,1265,40,2025-08-16 21:44:47
10052,19,778,26,2025-04-09 21:15:37
10053,5,3987,38,2025-09-17 07:42:34
10054,8,1536,71,2025-12-17 18:25:56
10055,4,994,76,2025-09-13 10:21:50
10056,63,3374,63,2025-06-06 22:41:48
10057,97,2483,56,2025-01-25 21:05:02
10058,10,4619,66,2025-07-13 14:20:17
10059,3,926,44,2025-01-29 16:05:02
10060,14,3238,94,2025-07-27 16:32:22
10061,29,4512,38,2025-12-16 22:47:10
10062,62,3620,80,2026-02-05 05:53:06
10063,27,3831,16,2025-03-26 08:09:32
10064,44,2803,67,2025-06-03 14:57:10
10065,78,5,5,2025-10-04 18:06:26
10066,94,4784,78,2025-07-12 04:47:58
10067,83,3958,19,2025-02-08 18:01:53
10068,90,1280,19,2025-03-11 07:53:03
10069,77,2885,60,2025-09-17 00:27:23
10070,5,796,59,2025-11-22 02:36:55
10071,36,528,93,2025-11-13 20:34:17
10072,51,1429,20,2025-06-14 11:07:31
10073,76,1338,6,2025-04-26 02:28:18
10074,12,3514,97,2025-02-12 08:10:20
10075,30,1727,66,2025-09-16 14:03:11
10076,80,2483,45,2025-11-20 16:03:57
10077,58,165,81,2025-02-03 14:30:05
10078,32,201,95,2025-07-30 13:53:11
10079,16,666,87,2025-12-24 05:20:48
10080,60,3367,74,2025-05-07 13:33:19
10081,98,2447,61,2025-01-10 09:42:35
10082,85,1463,39,2025-03-11 16:19:38
10083,47,2110,72,2025-02-06 17:49:54
10084,33,181,92,2025-07-22 14:47:52
10085,60,467,4,2025-05-18 20:02:09
10086,2,1478,22,2025-12-08 09:21:45
10087,13,188,43,2025-04-22 18:46:51
10088,20,3126,17,2025-07-03 19:04:23
10089,93,3666,81,2025-12-18 17:18:40
10090,35,1446,72,2025-06-06 04:24:57
10091,57,2754,62,2025-09-03 23:19:29
10092,29,1869,6,2025-09-26 10:29:55
10093,82,2460,72,2025-10-31 16:08:21
10094,36,2744,64,2025-07-25 09:58:05
10095,94,2804,27,2025-02-05 04:06:02
10096,60,3676,96,2025-01-25 13:04:15
10097,30,4232,74,2025-01-12 11:00:22
10098,89,1788,75,2025-02-20 14:39:29
10099,5,4650,30,2025-11-27 14:10:03
10100,69,3956,86,2025-07-13 20:56:05
10101,41,916,72,2025-07-19 14:26:28
10102,34,667,1,2026-01-03 01:57:23
10103,17,3107,46,2025-03-06 15:57:00
10104,98,3745,49,2025-05-06 05:19:38
10105,56,476,94,2025-01-22 11:29:53
10106,88,3171,2,2025-11-27 22:24:28
10107,60,2559,30,2025-04-02 00:46:14
10108,38,3547,48,2025-02-18 18:32:22
10109,43,4276,84,2026-01-28 05:45:52
10110,90,2503,43,2025-07-11 10:05:30
10111,16,3257,9,2025-02-16 18:24:01
10112,89,1091,9,2025-02-13 05:30:38
10113,19,4568,89,2026-01-06 00:21:12
10114,28,3701,92,2025-09-10 13:15:01
10115,50,472,15,2025-04-15 04:52:26
10116,93,3634,15,2025-01-06 13:21:39
10117,54,112,37,2025-12-24 01:39:56
10118,96,1640,61,2025-11-01 04:56:38
10119,32,3608,45,2025-12-24 15:54:36
10120,10,336,94,2025-03-20 17:52:54
10121,28,3275,92,2025-11-04 11:25:03
10122,73,2012,91,2025-12-20 14:55:55
10123,51,3540,89,2025-05-03 02:12:25
10124,12,13,81,2025-10-30 23:48:04
10125,28,445,76,2025-08-06 04:03:51
10126,5,4634,28,2026-01-21 17:38:35
10127,40,742,72,2025-09-10 07:13:43
10128,41,29,58,2025-01-17 02:34:20
10129,4,3334,63,2025-03-17 14:07:17
10130,11,1555,0,2025-12-18 00:44:36
10131,55,2180,1,2025-04-20 03:22:58
10132,98,2223,41,2025-12-20 03:04:58
10133,13,4557,50,2025-11-12 23:20:16
10134,98,1885,37,2025-10-12 03:40:30
10135,40,765,26,2025-09-18 11:24:47
10136,84,2184,32,2025-10-30 09:21:47
10137,94,1246,13,2025-06-14 12:59:20
10138,96,3069,66,2025-05-12 02:25:52
10139,9,3105,78,2025-08-05 04:29:52
10140,29,1307,76,2026-01-01 11:34:41
10141,80,3095,0,2025-10-27 03:48:33
10142,7,4612,42,2025-05-08 10:11:32
10143,12,1458,49,2025-05-30 23:47:42
10144,31,2470,91,2026-01-13 03:14:50
10145,82,2226,10,2026-01-14 06:31:09
10146,36,1144,84,2025-04-28 22:01:39
10147,23,3679,4,2026-01-16 14:33:13
10148,73,4667,33,2025-12-31 04:04:17
10149,37,3397,80,2025-08-17 10:39:15
10150,5,410,13,2025-10-12 00:12:24
10151,27,1890,14,2025-10-17 17:02:38
10152,69,2787,31,2025-10-01 10:02:09
10153,43,3230,99,2025-01-09 19:13:30
10154,1,298,36,2025-05-14 21:41:45
10155,75,4699,17,2025-03-31 03:00:28
10156,3,3954,30,2025-12-07 14:07:05
10157,17,4766,89,2025-12-10 02:11:29
10158,93,2339,21,2025-12-03 15:06:03
10159,91,574,88,2025-06-10 16:29:21
10160,15,1562,74,2025-11-15 06:39:47
10161,57,4220,74,2025-08-17 20:17:26
10162,88,3007,24,2025-09-10 04:40:29
10163,46,321,14,2025-04-22 13:25:08
10164,44,84,41,2025-11-06 02:04:02
10165,29,2816,61,2025-10-24 15:01:17
10166,50,3443,83,2025-09-19 22:23:43
10167,15,1927,34,2026-01-14 07:11:40
10168,87,650,68,2025-09-07 12:47:16
10169,33,3170,96,2025-07-17 09:42:03
10170,56,2540,41,2025-12-06 04:58:11
10171,85,2968,19,2025-02-25 14:11:56
10172,17,4149,77,2026-01-04 03:24:27
10173,19,2206,12,2026-01-09 08:09:20
10174,79,1520,81,2025-06-12 04:41:14
10175,36,4159,24,2025-10-28 06:07:07
10176,20,3369,14,2025-02-19 22:53:46
10177,56,4311,62,2025-04-29 10:10:28
10178,89,3019,66,2025-09-03 04:42:04
10179,100,3201,96,2025-09-11 11:24:30
10180,23,465,68,2025-12-09 06:09:02
10181,95,2233,46,2025-05-23 13:37:56
10182,76,994,75,2025-07-16 19:08:24
10183,25,3387,16,2025-01-25 13:52:52
10184,70,3450,32,2025-01-25 07:35:38
10185,15,2769,17,2025-10-05 17:50:31
10186,89,847,89,2025-05-29 21:56:27
10187,86,4451,4,2025-02-12 14:19:44
10188,46,846,9,2025-12-30 04:25:05
10189,2,2562,88,2025-05-31 06:39:07
10190,31,939,31,2025-09-01 07:11:41
10191,54,2666,23,2025-10-01 03:14:21
10192,99,1472,51,2025-04-23 05:51:30
10193,65,4583,16,2025-08-08 00:17:49
10194,69,4114,20,2025-09-16 14:44:26
10195,85,1270,64,2025-06-23 16:14:25
10196,2,3965,32,2025-11-18 17:58:04
10197,3,1272,56,2025-02-02 15:28:39
10198,68,1552,5,2025-03-16 16:23:38
10199,16,331,64,2025-08-20 15:09:39
10200,85,1308,87,2026-01-14 11:24:41
10201,57,4769,2,2025-09-19 21:46:26
10202,61,3366,64,2025-02-10 07:07:02
10203,58,723,65,2025-01-09 14:05:47
10204,8,4336,87,2025-09-16 09:49:09
10205,84,520,12,2025-09-29 22:19:04
10206,73,3539,26,2025-05-04 21:00:36
10207,44,2014,1,2025-09-14 12:37:03
10208,25,1709,56,2025-08-29 20:52:03
10209,51,1610,67,2025-07-18 14:07:44
10210,10,1922,64,2025-07-29 02:26:15
10211,51,1140,42,2025-05-28 19:23:09
10212,34,2502,38,2025-04-08 17:50:28
10213,91,3578,17,2025-12-05 16:36:30
10214,95,3924,28,2025-09-16 23:35:52
10215,75,482,75,2025-09-09 20:18:45
10216,61,4078,97,2025-06-09 15:28:40
10217,26,435,72,2025-07-23 08:12:17
10218,50,4007,11,2025-03-22 22:39:47
10219,10,4644,26,2025-03-09 20:06:59
10220,97,2191,32,2025-08-14 19:03:28
10221,97,1228,66,2025-07-14 19:35:00
10222,70,3824,13,2025-08-11 06:50:57
10223,22,1282,77,2025-06-04 00:42:14
10224,16,4314,1,2025-11-15 08:32:47
10225,52,2469,12,2025-05-25 11:27:52
10226,93,4068,47,2025-08-30 05:25:14
10227,61,3784,22,2025-02-07 01:42:49
10228,44,511,66,2025-07-20 21:26:04
10229,15,3861,83,2025-08-01 10:12:51
10230,78,875,28,2025-09-07 20:27:18
10231,44,2531,12,2025-08-20 08:04:51
10232,42,3236,87,2025-09-28 23:56:53
10233,74,2907,96,2026-01-28 22:22:20
10234,23,4218,90,2025-08-04 20:21:20
10235,28,3941,44,2025-09-16 23:37:21
10236,46,2586,36,2025-02-22 08:25:20
10237,22,2820,60,2026-01-26 07:30:07
10238,18,4861,41,2025-12-01 07:09:22
10239,49,2150,96,2025-03-06 14:01:36
10240,51,1839,97,2025-11-11 06:32:02
10241,9,2935,14,2025-07-27 06:48:14
10242,69,2259,14,2025-08-04 18:33:05
10243,92,1448,46,2025-07-02 20:35:30
10244,22,4837,84,2025-04-20 00:12:27
10245,7,1360,48,2025-03-30 00:24:52
10246,35,3829,16,2025-11-24 22:49:31
10247,93,3715,31,2026-01-07 19:59:55
10248,11,533,85,2025-04-03 23:30:30
10249,97,1250,27,2025-08-01 19:14:08
10250,69,4524,70,2025-11-24 12:42:27
10251,25,1187,8,2025-08-12 13:03:12
10252,63,199,52,2025-03-01 10:19:11
10253,8,199,78,2025-05-07 03:28:10
10254,93,3077,21,2025-08-03 02:55:14
10255,56,4456,79,2025-04-07 08:04:39
10256,60,3938,64,2025-07-02 22:18:33
10257,56,668,75,2025-03-12 20:28:53
10258,91,1296,6,2025-04-22 00:30:36
10259,19,2725,77,2025-02-25 05:22:47
10260,3,817,50,2025-12-16 12:04:04
10261,99,1165,47,2025-05-17 14:49:37
10262,51,4764,71,2025-06-18 20:32:51
10263,59,2872,100,2025-11-30 05:07:33
10264,2,3397,33,2025-05-14 08:36:03
10265,12,1111,53,2025-03-24 00:03:17
10266,13,190,33,2025-05-26 03:00:18
10267,49,1474,69,2025-01-06 23:43:35
10268,33,3951,87,2025-08-02 19:48:45
10269,44,96,35,2025-05-25 15:28:15
10270,54,29,13,2025-09-05 00:22:35
10271,10,945,24,2025-02-21 17:16:57
10272,41,4376,29,2025-10-15 14:20:40
10273,57,4698,0,2025-03-05 14:13:03
10274,21,3156,80,2025-07-06 02:37:24
10275,31,3247,79,2025-02-27 19:38:50
10276,14,1916,61,2025-03-22 18:33:52
10277,71,33,52,2025-03-13 09:45:22
10278,85,1887,18,2025-06-06 08:17:34
10279,30,2502,47,2025-02-25 03:17:06
10280,98,4497,39,2025-02-03 16:14:56
10281,79,409,41,2026-02-02 09:42:30
10282,8,1045,52,2025-07-07 23:36:15
10283,86,2477,10,2025-07-12 16:04:41
10284,90,2,51,2025-12-02 21:03:38
10285,50,3018,95,2025-05-23 21:57:40
10286,60,1098,90,2025-03-16 23:03:47
10287,89,629,19,2025-11-23 00:43:13
10288,100,2921,33,2025-03-26 20:03:15
10289,11,319,62,2025-07-27 09:31:56
10290,14,38,0,2025-04-22 12:54:04
10291,13,1542,55,2025-11-19 17:46:44
10292,12,4724,9,2025-03-20 16:06:05
10293,36,3611,1,2025-04-24 13:20:18
10294,70,981,59,2025-10-23 21:08:45
10295,97,3700,2,2025-08-04 06:51:16
10296,52,4868,89,2025-11-09 18:19:47
10297,3,2502,24,2025-08-03 22:57:03
10298,95,1183,47,2026-01-05 01:51:45
10299,88,276,58,2025-01-29 18:10:21
10300,2,872,74,2025-09-20 07:32:59
10301,44,3018,65,2025-10-23 00:59:53
10302,83,4500,2,2025-12-28 23:53:53
10303,12,210,9,2025-03-16 03:11:10
10304,61,3727,24,2026-02-03 01:38:19
10305,50,4779,1,2025-07-16 02:07:05
10306,27,3380,71,2025-07-19 03:24:42
10307,98,1290,19,2025-01-19 12:42:54
10308,53,4441,85,2025-08-17 03:31:01
10309,36,4120,28,2025-01-30 23:10:02
10310,84,3186,15,2026-01-07 04:31:33
10311,16,4642,57,2025-07-23 15:24:33
10312,72,1307,25,2025-08-19 05:06:31
10313,2,233,24,2025-05-17 15:28:29
10314,33,317,15,2026-01-02 03:03:48
10315,98,2325,85,2025-03-28 06:30:29
10316,57,2293,4,2025-02-01 17:52:13
10317,91,1821,74,2025-01-14 11:37:44
10318,62,1830,7,2025-04-03 16:22:22
10319,62,4995,56,2025-05-24 10:15:35
10320,54,2759,77,2025-11-10 01:53:36
10321,13,1441,65,2026-01-19 04:35:33
10322,40,879,47,2025-08-28 10:56:53
10323,6,2478,27,2025-12-10 11:27:49
10324,63,967,57,2025-03-14 01:32:29
10325,5,3672,16,2025-12-10 13:23:19
10326,74,4830,100,2025-03-25 10:09:52
10327,69,3246,56,2026-02-03 05:16:29
10328,19,1407,64,2026-01-14 17:51:07
10329,42,665,98,2025-11-14 19:01:22
10330,1,2349,21,2025-07-08 17:32:11
10331,92,3953,72,2025-02-15 21:53:18
10332,74,4869,6,2025-07-22 04:22:13
10333,77,4033,5,2025-02-28 23:46:14
10334,76,4196,91,2025-11-29 07:05:01
10335,22,847,19,2025-09-29 20:24:36
10336,27,2318,89,2025-04-21 14:12:02
10337,61,2737,29,2026-01-05 02:38:19
10338,27,2059,91,2025-07-16 22:13:05
10339,37,4964,63,2025-09-04 02:40:27
10340,95,4187,17,2025-02-09 13:22:25
10341,47,894,80,2025-01-21 14:36:14
10342,80,221,79,2025-07-12 23:48:28
10343,81,2558,8,2025-11-20 17:42:14
10344,74,2832,75,2025-10-10 17:03:04
10345,2,2224,74,2025-02-13 11:56:05
10346,33,3115,20,2025-12-27 04:52:06
10347,35,4365,43,2025-04-01 02:31:44
10348,44,4983,5,2025-09-09 06:04:07
10349,7,3780,39,2025-06-11 12:10:29
10350,5,2651,55,2025-10-15 06:39:58
10351,13,3934,56,2025-12-20 00:34:02
10352,89,142,27,2025-01-27 10:21:13
10353,40,87,88,2025-03-14 01:59:49
10354,73,2453,32,2025-06-25 13:18:16
10355,85,2400,62,2025-02-08 08:14:29
10356,47,4325,100,2025-02-07 12:32:20
10357,95,4574,3,2025-10-09 07:23:31
10358,82,1145,20,2025-10-18 12:53:00
10359,41,3391,8,2025-11-26 12:58:24
10360,29,260,50,2026-01-09 12:43:08
10361,44,1913,44,2025-02-01 02:06:16
10362,55,350,32,2025-09-07 20:09:15
10363,40,3373,85,2025-05-23 11:04:44
10364,60,1794,67,2026-01-07 20:38:42
10365,84,1183,92,2025-07-24 18:49:13
10366,91,3101,2,2026-01-04 09:10:56
10367,79,3447,42,2025-03-22 15:33:29
10368,26,3143,99,2025-04-10 19:44:12
10369,22,1899,39,2025-10-21 09:26:18
10370,78,1276,76,2025-02-22 05:02:35
10371,9,3125,35,2026-01-02 07:11:04
10372,63,4914,34,2025-10-20 21:06:17
10373,65,4453,66,2025-04-21 19:38:37
10374,16,2717,90,2025-04-05 10:23:21
10375,28,3412,20,2026-01-26 13:44:23
10376,38,4842,13,2025-10-31 15:58:33
10377,54,2837,21,2026-02-02 15:01:50
10378,58,4912,58,2025-01-09 18:07:31
10379,67,3320,78,2025-07-20 15:29:21
10380,11,4664,49,2025-03-26 16:23:31
10381,35,408,45,2026-01-12 13:04:07
10382,22,1383,10,2025-02-04 11:55:08
10383,49,1679,29,2025-05-23 15:25:21
10384,89,2809,50,2025-01-29 15:09:24
10385,16,4673,86,2025-03-14 17:52:43
10386,72,492,89,2025-11-03 00:09:51
10387,84,4194,45,2025-08-25 02:35:35
10388,18,1906,58,2025-08-06 12:36:39
10389,20,2223,51,2025-06-17 08:03:13
10390,73,3984,88,2025-10-08 08:56:20
10391,41,4351,1,2025-04-06 14:54:54
10392,72,2016,67,2025-11-29 18:47:33
10393,48,3609,79,2025-07-16 14:11:53
10394,87,4658,59,2025-04-05 05:26:17
10395,43,4269,4,2025-01-19 19:28:11
10396,73,2292,88,2025-02-18 13:10:38
10397,67,3130,37,2025-01-12 23:24:28
10398,12,1822,37,2025-01-20 17:08:11
10399,88,3622,2,2025-02-19 12:06:26
10400,9,3929,21,2025-03-04 17:49:46
10401,43,3293,77,2025-09-11 04:23:31
10402,97,2490,18,2025-08-18 20:52:15
10403,50,2727,69,2025-06-16 09:43:15
10404,34,3174,68,2025-05-23 03:37:06
10405,61,507,83,2025-09-16 05:33:19
10406,10,4462,35,2025-06-09 07:00:25
10407,63,3,36,2025-11-19 01:23:41
10408,47,2732,24,2025-03-07 06:15:37
10409,61,2190,82,2025-03-26 09:58:20
10410,30,3564,13,2025-08-02 23:24:28
10411,94,4773,13,2025-10-28 11:55:47
10412,12,4136,13,2025-09-04 20:43:59
10413,62,3323,68,2025-07-19 19:55:08
10414,1,3690,66,2025-11-25 03:17:00
10415,67,1005,47,2025-07-06 05:36:22
10416,45,1690,40,2025-12-26 18:44:50
10417,25,1063,14,2026-01-25 20:38:40
10418,59,1944,93,2025-07-29 04:19:21
10419,98,3912,65,2025-02-01 05:06:41
10420,1,4558,1,2025-06-13 00:19:31
10421,10,2858,91,2025-12-30 14:32:18
10422,7,4995,78,2026-01-11 19:55:41
10423,97,3255,19,2025-10-07 05:03:42
10424,89,3335,72,2025-01-15 15:28:10
10425,71,1420,42,2025-05-07 16:04:17
10426,3,3851,53,2025-06-28 18:27:45
10427,5,1073,7,2025-01-04 12:57:51
10428,93,3145,94,2025-09-02 12:44:16
10429,18,2518,91,2025-12-22 09:49:54
10430,55,2190,8,2025-11-24 23:13:28
10431,54,233,40,2025-09-28 19:43:11
10432,85,135,66,2025-04-14 18:44:38
10433,64,3837,76,2025-04-15 10:54:23
10434,80,4576,14,2025-06-08 12:12:08
10435,35,1724,97,2025-08-13 16:39:13
10436,12,3550,40,2025-12-21 16:44:17
10437,25,2157,5,2025-06-22 17:01:42
10438,99,4310,45,2026-01-15 06:32:21
10439,55,373,100,2026-02-01 09:55:02
10440,82,780,54,2025-10-21 02:49:10
10441,16,4658,88,2025-12-07 10:53:25
10442,64,2523,24,2025-09-24 18:47:06
10443,29,1370,8,2025-04-10 14:15:26
10444,25,4339,75,2025-11-25 22:09:25
10445,69,2490,19,2025-05-13 13:14:44
10446,93,3513,32,2025-05-15 10:34:41
10447,30,1004,74,2025-09-15 15:21:55
10448,79,20,12,2026-01-20 10:48:21
10449,44,2172,20,2025-01-17 01:04:25
10450,28,669,72,2025-03-24 00:50:17
10451,70,4587,19,2025-04-18 12:29:43
10452,85,271,69,2025-09-08 20:31:30
10453,20,522,95,2025-09-06 21:42:14
10454,87,2019,11,2025-03-11 01:56:07
10455,94,4445,45,2025-05-04 16:40:27
10456,55,3764,14,2025-05-11 16:58:31
10457,25,859,58,2025-03-07 00:25:48
10458,56,3528,15,2025-10-11 22:36:10
10459,4,3283,99,2025-01-01 02:42:44
10460,83,4499,90,2025-06-02 22:15:08
10461,43,4001,12,2026-01-26 13:51:21
10462,58,3411,95,2025-09-20 03:25:44
10463,7,806,65,2025-09-23 03:39:17
10464,21,3528,43,2025-02-11 07:48:07
10465,41,2383,5,2025-12-05 19:20:30
10466,10,4901,96,2025-11-13 22:16:31
10467,74,408,19,2025-12-27 19:31:44
10468,49,4423,69,2025-12-19 06:43:29
10469,69,3273,97,2025-07-15 12:59:38
10470,65,1898,52,2025-06-12 06:09:35
10471,86,4239,72,2025-07-02 14:11:00
10472,34,2697,95,2025-06-02 16:09:57
10473,88,699,94,2025-04-03 12:07:31
10474,23,4259,26,2025-06-28 13:21:49
10475,39,497,74,2025-12-25 18:01:19
10476,63,2123,91,2025-03-20 05:51:10
10477,68,1075,4,2025-03-23 23:37:33
10478,39,1437,74,2025-10-28 01:02:40
10479,74,3004,73,2025-01-12 08:37:38
10480,100,4266,53,2025-07-10 10:37:43
10481,44,4202,0,2025-07-30 20:18:13
10482,13,3686,29,2025-10-26 04:41:25
10483,94,1500,95,2025-02-09 21:55:34
10484,69,1155,44,2025-09-11 20:30:01
10485,28,364,69,2025-10-15 05:35:27
10486,2,4387,34,2025-10-16 00:34:32
10487,89,2650,54,2025-12-18 11:59:45
10488,21,635,50,2025-11-22 07:17:32
10489,98,312,57,2025-06-09 00:58:32
10490,95,1100,3,2026-01-21 10:46:27
10491,41,2792,72,2025-01-12 09:28:16
10492,82,4858,21,2025-03-26 23:39:37
10493,50,240,10,2025-04-12 03:12:13
10494,73,2859,34,2025-07-22 06:25:09
10495,87,1397,100,2025-06-21 15:24:39
10496,44,4457,64,2025-11-25 23:43:00
10497,89,222,64,2025-05-03 01:37:54
10498,91,411,30,2025-09-08 07:58:20
10499,20,3704,39,2025-08-08 09:30:32
10500,3,1814,77,2025-04-01 21:01:36
10501,73,2430,27,2025-01-27 18:22:44
10502,23,4755,12,2026-01-23 15:20:12
10503,9,2983,26,2025-05-23 23:04:24
10504,84,3640,24,2025-06-04 04:30:55
10505,62,688,10,2025-03-25 18:56:34
10506,29,1706,81,2025-02-12 12:34:37
10507,15,4100,58,2025-01-21 09:33:50
10508,8,4729,76,2025-04-22 07:13:00
10509,81,4501,13,2025-07-08 11:59:57
10510,64,2923,93,2025-10-11 23:00:33
10511,57,3321,45,2025-12-29 20:13:06
10512,46,414,99,2025-10-06 05:19:56
10513,29,4902,60,2025-05-21 07:04:32
10514,83,3163,81,2025-12-07 11:02:05
10515,70,2076,9,2025-03-26 02:48:32
10516,26,4980,87,2025-09-19 00:25:05
10517,56,4020,94,2025-05-27 20:10:49
10518,75,1907,97,2026-01-03 01:15:19
10519,28,355,51,2025-03-04 08:38:42
10520,39,2852,85,2025-08-22 09:39:05
10521,14,2396,28,2025-09-16 08:05:33
10522,60,2797,31,2026-02-02 23:25:04
10523,15,3126,9,2025-04-10 12:59:59
10524,90,3871,35,2025-01-09 23:50:09
10525,11,4945,92,2026-01-10 18:24:30
10526,19,1940,41,2025-06-19 13:10:04
10527,70,2555,71,2025-12-13 14:17:49
10528,38,2340,78,2025-04-30 14:47:54
10529,98,1558,76,2025-02-18 07:59:03
10530,24,730,87,2025-07-08 16:45:23
10531,55,1434,98,2025-12-09 21:38:19
10532,25,1379,58,2025-12-14 18:26:10
10533,85,577,13,2025-01-03 15:51:02
10534,24,3072,43,2025-01-20 10:00:28
10535,21,1724,46,2026-01-08 15:13:30
10536,33,894,61,2025-01-11 03:45:46
10537,7,1313,70,2025-06-02 09:06:19
10538,56,224,96,2025-02-02 04:50:32
10539,94,3866,46,2025-04-15 06:33:30
10540,77,2925,49,2025-07-26 09:15:52
10541,47,1194,54,2025-12-17 15:49:48
10542,94,84,100,2025-11-12 21:59:19
10543,23,138,86,2025-10-14 00:45:26
10544,73,1988,4,2025-12-12 08:46:18
10545,95,964,55,2025-05-26 16:01:45
10546,88,472,95,2025-09-10 10:24:10
10547,40,1931,51,2026-01-27 11:05:03
10548,96,2765,28,2025-02-01 05:03:12
10549,84,2818,46,2025-03-10 14:14:34
10550,9,732,88,2025-12-08 04:20:14
10551,45,1277,27,2025-12-04 08:25:52
10552,62,1841,83,2025-05-28 06:26:31
10553,71,1207,87,2025-05-11 20:41:52
10554,6,4898,24,2025-09-10 23:05:03
10555,80,2551,2,2025-10-26 02:34:51
10556,87,3548,48,2025-03-16 22:26:05
10557,28,3559,36,2025-05-17 23:32:41
10558,41,3963,96,2025-08-13 21:09:26
10559,44,1948,34,2026-01-15 10:26:04
10560,23,4791,0,2025-03-17 01:56:07
10561,89,4951,23,2025-11-27 13:11:56
10562,52,2664,81,2026-01-13 20:17:31
10563,14,4971,44,2025-05-26 05:14:00
10564,95,836,13,2025-03-12 12:50:16
10565,46,435,84,2025-12-22 03:26:07
10566,68,1365,16,2025-09-14 23:10:13
10567,84,4028,48,2025-11-29 02:25:42
10568,30,2803,26,2025-03-07 02:41:04
10569,14,4970,56,2025-11-29 19:11:55
10570,54,1427,67,2025-10-03 09:39:03
10571,12,4914,89,2025-07-19 02:02:05
10572,9,3030,92,2026-01-16 04:23:32
10573,62,4725,58,2025-04-06 01:05:03
10574,39,4394,57,2026-01-15 14:18:30
10575,79,1637,67,2025-01-14 22:25:31
10576,78,4376,86,2025-06-09 19:04:49
10577,81,739,0,2025-08-22 10:57:05
10578,88,863,14,2025-04-13 06:23:53
10579,82,1048,55,2025-08-12 01:58:45
10580,42,3265,94,2025-06-14 13:16:50
10581,88,2105,92,2025-08-09 07:36:09
10582,47,3728,71,2025-02-16 06:37:40
10583,53,802,64,2025-03-22 14:43:57
10584,51,95,80,2025-05-29 02:00:23
10585,78,2635,14,2025-05-04 01:09:45
10586,59,2935,34,2025-02-09 10:58:35
10587,46,1655,36,2025-02-14 20:07:07
10588,96,4459,55,2025-09-16 10:40:07
10589,84,3898,34,2025-02-09 11:13:37
10590,36,384,91,2025-04-26 14:39:33
10591,76,3539,62,2025-10-22 13:19:50
10592,30,1878,25,2025-02-04 06:03:43
10593,98,1648,9,2025-10-29 21:14:50
10594,6,632,48,2025-02-26 01:19:59
10595,94,1537,24,2025-11-23 17:28:13
10596,66,3611,65,2025-10-13 15:38:26
10597,6,2137,63,2026-01-08 10:40:55
10598,12,4072,84,2025-07-08 22:12:46
10599,71,3175,100,2025-04-21 14:23:56
10600,26,431,84,2025-12-04 07:24:54
10601,4,2466,3,2025-04-18 19:40:49
10602,60,4143,90,2025-10-30 08:10:06
10603,6,1972,17,2025-08-17 23:16:34
10604,82,1041,46,2026-01-18 07:53:43
10605,77,2606,31,2025-01-20 10:50:09
10606,16,3825,64,2025-03-29 08:37:16
10607,63,3258,83,2025-04-06 17:21:03
10608,43,774,29,2025-03-06 07:18:34
10609,97,4227,11,2025-06-23 12:26:04
10610,42,4073,73,2025-04-21 04:39:07
10611,79,1681,80,2025-04-21 13:37:13
10612,58,342,34,2026-02-03 00:55:56
10613,44,1007,89,2025-01-31 10:27:32
10614,39,3112,35,2025-08-02 08:11:45
10615,6,836,46,2026-01-13 19:14:47
10616,8,3239,82,2025-07-02 06:29:29
10617,47,3691,31,2025-09-01 13:25:31
10618,94,4018,70,2025-06-02 08:33:37
10619,80,3103,92,2026-01-26 23:01:16
10620,55,373,47,2026-01-05 23:53:36
10621,76,1428,48,2025-08-31 01:09:50
10622,67,4827,86,2025-03-19 20:01:56
10623,20,2420,95,2025-08-17 19:27:39
10624,26,819,1,2025-10-08 06:26:07
10625,100,1620,53,2026-01-04 10:57:39
10626,56,2773,62,2025-04-29 22:29:35
10627,76,4382,98,2025-04-30 06:54:56
10628,87,2726,39,2025-10-24 00:12:59
10629,21,349,81,2025-12-30 22:21:03
10630,80,2031,57,2025-11-02 17:42:19
10631,30,2617,18,2025-09-30 03:15:52
10632,86,1149,97,2025-06-23 21:34:08
10633,98,927,96,2025-11-28 21:16:25
10634,85,1339,5,2025-03-14 14:42:09
10635,100,4475,28,2025-09-12 03:14:22
10636,13,547,93,2025-12-17 19:06:03
10637,27,1951,59,2025-11-17 04:15:20
10638,34,4996,96,2025-12-09 03:18:51
10639,9,4650,9,2025-11-14 23:13:32
10640,12,3657,26,2025-10-28 01:46:36
10641,20,693,23,2025-09-22 12:33:10
10642,27,1556,14,2025-12-24 01:52:10
10643,96,3419,80,2026-01-18 02:55:59
10644,94,3014,58,2026-02-04 10:05:05
10645,27,4587,62,2025-05-03 20:05:20
10646,31,4508,48,2025-04-28 02:44:42
10647,46,3404,24,2025-11-21 01:18:11
10648,75,3928,24,2025-10-28 07:32:45
10649,61,1013,86,2025-05-30 08:30:31
10650,8,4727,51,2025-03-14 16:45:12
10651,71,124,75,2025-10-08 21:17:15
10652,81,1704,45,2025-07-26 22:19:05
10653,91,4180,92,2025-08-24 21:19:25
10654,37,1902,28,2025-05-10 10:33:12
10655,26,4614,77,2025-08-23 13:35:51
10656,92,347,18,2026-01-16 07:53:57
10657,22,493,45,2025-09-04 17:47:08
10658,89,4618,36,2025-05-01 03:29:36
10659,6,3781,15,2025-11-17 19:56:26
10660,86,129,66,2026-02-04 20:04:19
10661,84,2025,44,2025-06-09 13:08:23
10662,97,663,56,2025-12-26 04:53:14
10663,15,4989,0,2025-01-05 09:41:04
10664,39,3417,73,2025-11-12 18:57:21
10665,37,3732,73,2025-01-21 05:34:57
10666,81,4956,3,2025-10-12 10:59:15
10667,8,2049,53,2025-09-05 01:33:24
10668,54,755,3,2025-08-31 19:57:22
10669,78,2657,64,2025-02-28 10:34:21
10670,53,4636,73,2025-02-17 22:55:49
10671,91,3465,11,2025-06-26 09:11:15
10672,49,589,38,2025-10-17 15:21:07
10673,55,4955,54,2025-03-23 09:32:47
10674,80,2377,21,2025-06-16 22:06:11
10675,37,1331,25,2025-04-27 16:22:21
10676,48,1187,76,2025-10-31 09:38:09
10677,75,1644,18,2025-10-02 04:05:03
10678,28,2633,22,2025-04-20 04:08:18
10679,46,2896,45,2025-06-12 15:08:05
10680,19,4690,74,2026-02-04 19:51:42
10681,35,4948,56,2025-07-08 04:20:49
10682,71,242,74,2026-01-24 10:11:06
10683,17,4874,95,2025-12-02 05:32:03
10684,87,4101,41,2025-03-25 06:39:36
10685,64,2407,36,2025-07-28 13:15:47
10686,66,259,8,2025-04-21 17:40:32
10687,26,4729,89,2026-01-12 22:28:49
10688,92,4507,10,2025-05-03 14:55:56
10689,79,859,84,2025-04-22 11:28:16
10690,52,2245,49,2025-05-20 13:40:04
10691,92,332,66,2025-01-30 08:40:49
10692,22,4494,36,2025-12-07 22:39:31
10693,73,1412,61,2025-08-22 23:02:32
10694,16,3207,88,2025-02-18 08:02:19
10695,77,1280,49,2025-04-27 06:28:27
10696,24,218,42,2025-10-26 07:19:45
10697,77,1818,67,2025-11-16 15:04:11
10698,70,1345,9,2025-06-07 19:26:18
10699,97,88,4,2025-09-24 02:45:08
10700,92,747,97,2025-01-15 16:00:34
10701,21,2004,57,2025-05-21 03:04:26
10702,72,423,26,2025-09-11 04:35:22
10703,90,4757,26,2025-03-02 20:14:31
10704,76,2419,49,2025-10-06 00:20:45
10705,9,1948,58,2025-10-29 04:45:09
10706,88,4555,33,2025-05-04 06:24:44
10707,81,2554,31,2025-10-17 19:06:12
10708,17,2799,68,2025-05-08 06:01:49
10709,58,1937,64,2025-06-09 02:00:52
10710,42,2718,8,2025-11-04 20:00:45
10711,71,4649,58,2025-09-21 14:25:10
10712,11,3042,36,2025-11-12 17:26:06
10713,73,3745,99,2025-04-05 00:13:39
10714,18,1567,83,2025-09-22 15:47:01
10715,37,2791,7,2025-07-08 21:50:59
10716,42,2275,96,2025-11-04 11:15:56
10717,54,4988,32,2025-06-25 03:11:18
10718,8,1336,46,2025-12-21 16:09:43
10719,61,3645,2,2025-09-17 22:53:28
10720,33,3605,48,2025-05-13 12:12:15
10721,90,4371,73,2025-03-14 02:10:47
10722,40,1510,66,2025-09-28 07:37:42
10723,55,3831,84,2025-06-23 06:25:25
10724,36,3392,19,2025-12-22 16:47:14
10725,68,4870,0,2025-08-03 15:33:46
10726,58,430,49,2025-03-04 10:01:47
10727,6,3202,90,2025-06-13 05:27:36
10728,19,770,33,2025-12-13 19:48:51
10729,8,4321,73,2025-12-05 17:17:58
10730,73,3715,99,2025-01-08 06:47:48
10731,49,1730,52,2025-12-07 15:39:21
10732,9,3844,63,2025-10-10 07:41:55
10733,80,1869,85,2025-05-27 17:09:18
10734,90,758,82,2025-04-05 08:03:37
10735,73,760,77,2025-12-03 11:48:59
10736,7,2638,70,2025-08-14 14:05:58
10737,47,2923,76,2025-08-03 09:00:01
10738,66,3256,93,2025-04-22 11:18:50
10739,25,3241,63,2026-02-04 06:22:18
10740,14,2903,8,2025-05-16 00:36:53
10741,97,1173,88,2025-03-05 07:35:48
10742,62,1636,13,2025-06-13 21:56:36
10743,100,1616,83,2025-10-02 13:49:31
10744,23,966,72,2025-12-18 02:48:02
10745,59,330,59,2025-01-21 16:18:58
10746,61,3647,93,2025-06-18 03:30:45
10747,97,168,82,2025-04-03 03:48:50
10748,72,723,73,2025-08-04 14:52:56
10749,66,3873,2,2025-03-04 02:42:09
10750,52,2391,51,2025-07-23 15:21:24
10751,57,4178,38,2025-08-05 23:58:57
10752,79,865,39,2025-07-22 02:02:47
10753,79,2412,29,2025-02-27 23:43:47
10754,85,4392,54,2025-05-30 10:42:07
10755,24,1739,20,2025-02-09 02:40:49
10756,68,3815,61,2025-02-10 14:50:48
10757,48,4240,56,2025-06-29 22:00:47
10758,76,608,0,2025-07-10 23:08:36
10759,96,1759,64,2026-01-26 11:05:23
10760,91,4378,85,2025-02-08 09:18:10
10761,11,2734,86,2025-05-16 08:07:45
10762,4,2038,2,2026-01-02 19:48:30
10763,10,1028,68,2025-08-13 15:44:12
10764,62,57,36,2025-10-17 19:29:41
10765,28,4649,75,2025-02-06 18:14:04
10766,61,1674,43,2025-09-30 09:50:22
10767,6,281,42,2025-10-26 20:02:23
10768,48,2033,91,2026-01-08 19:29:29
10769,33,85,86,2025-10-15 04:37:19
10770,73,603,29,2025-04-23 01:18:21
10771,71,2026,34,2025-10-20 20:35:41
10772,72,3397,75,2025-09-15 11:27:46
10773,26,1941,91,2026-01-15 16:01:08
10774,11,3435,27,2025-06-17 03:41:50
10775,34,4674,77,2025-10-17 13:06:08
10776,8,4230,8,2025-11-02 15:52:23
10777,48,4699,89,2025-12-24 05:37:03
10778,11,4153,46,2025-03-09 00:57:02
10779,84,859,67,2025-01-26 22:38:26
10780,32,3843,96,2026-02-04 08:32:43
10781,46,3997,33,2025-09-10 01:34:26
10782,40,1016,57,2025-04-23 05:02:43
10783,88,3906,30,2025-03-22 06:01:42
10784,7,1335,19,2025-03-28 05:57:02
10785,63,195,12,2025-09-09 15:41:00
10786,18,4350,38,2025-05-02 08:25:53
10787,91,2008,3,2025-11-08 17:09:11
10788,71,2457,56,2025-02-15 16:07:59
10789,9,4663,31,2025-06-26 23:52:15
10790,11,479,49,2025-01-05 02:36:13
10791,29,2685,1,2026-02-03 04:25:37
10792,35,1834,42,2025-10-19 01:03:53
10793,62,2616,45,2025-03-12 09:52:53
10794,30,2631,28,2025-05-01 08:42:54
10795,84,1278,90,2025-12-25 23:50:03
10796,45,1971,39,2025-05-06 20:54:55
10797,81,1826,11,2026-01-14 13:15:21
10798,95,3121,65,2025-01-10 17:20:41
10799,71,3951,85,2025-06-08 03:50:45
10800,20,2434,85,2025-02-07 14:11:08
10801,88,658,9,2025-11-15 13:37:35
10802,73,2946,36,2025-09-23 21:09:37
10803,78,3976,68,2025-11-17 11:24:54
10804,24,1804,45,2026-02-02 13:42:09
10805,30,1276,35,2025-06-13 20:23:29
10806,84,3196,44,2025-05-25 11:44:45
10807,8,40,81,2025-12-06 16:34:12
10808,72,2021,86,2025-01-12 03:53:15
10809,73,3967,59,2025-04-25 21:23:44
10810,26,3755,77,2025-11-03 07:35:48
10811,94,4164,35,2025-09-20 09:27:10
10812,90,2133,38,2025-11-27 18:27:52
10813,77,2633,66,2025-08-14 14:22:11
10814,88,2242,53,2025-08-20 14:33:20
10815,68,2377,6,2026-01-17 06:30:20
10816,40,3175,29,2025-08-21 09:48:38
10817,30,2596,65,2025-06-13 22:28:31
10818,10,1548,37,2025-08-23 17:24:35
10819,10,2765,5,2025-01-04 02:47:31
10820,64,4075,18,2025-05-08 21:13:41
10821,68,4459,49,2025-10-19 22:49:48
10822,26,1200,55,2025-08-20 01:15:48
10823,8,4060,89,2026-01-21 05:48:16
10824,9,4385,73,2025-11-23 19:47:42
10825,6,4866,97,2025-10-14 04:59:11
10826,50,2524,83,2025-12-29 05:47:10
10827,27,1931,7,2025-06-05 11:23:33
10828,23,4577,51,2025-09-02 14:57:48
10829,20,4435,56,2025-04-18 21:22:11
10830,39,4726,42,2025-11-06 02:01:40
10831,91,961,35,2025-05-20 20:51:57
10832,66,1255,70,2025-07-15 17:09:41
10833,31,2342,2,2025-01-19 20:32:15
10834,77,3473,94,2025-03-09 18:48:42
10835,42,1500,48,2025-09-01 07:06:42
10836,25,4315,35,2025-01-07 10:26:20
10837,82,1468,93,2025-04-26 14:01:46
10838,31,2524,19,2025-01-03 08:20:20
10839,26,1809,90,2025-04-20 19:36:00
10840,12,1838,61,2025-06-20 19:42:59
10841,86,3905,48,2025-10-04 15:12:55
10842,81,3417,78,2025-12-27 00:50:15
10843,83,1008,13,2025-02-17 20:57:24
10844,20,880,95,2025-03-10 17:11:36
10845,45,1529,76,2025-03-20 14:53:45
10846,10,2564,17,2025-06-01 09:41:35
10847,29,4475,71,2025-01-02 06:18:08
10848,24,4686,100,2026-02-03 09:43:03
10849,82,476,52,2025-10-16 16:58:59
10850,76,3250,74,2025-11-20 06:58:15
10851,99,2717,4,2025-10-05 19:51:13
10852,86,2479,39,2025-10-22 21:10:51
10853,90,1977,43,2025-11-07 19:42:38
10854,68,1398,8,2025-03-30 17:40:10
10855,61,137,3,2025-11-24 01:39:15
10856,82,3773,80,2026-01-29 23:35:14
10857,90,1835,4,2025-01-08 12:18:09
10858,9,4114,17,2025-02-23 15:16:15
10859,33,216,34,2026-01-23 13:55:17
10860,40,2167,14,2025-12-16 12:47:58
10861,44,999,25,2025-08-19 13:02:18
10862,34,3551,73,2025-03-14 07:18:19
10863,90,3385,45,2025-09-26 09:00:22
10864,62,910,5,2025-04-14 07:50:39
10865,91,1044,67,2025-10-27 11:56:50
10866,70,465,34,2025-03-07 15:29:08
10867,76,191,86,2025-11-24 06:49:32
10868,62,3764,57,2025-04-14 05:04:57
10869,90,1370,28,2025-08-29 04:21:06
10870,15,4342,81,2025-04-01 22:05:57
10871,42,3695,87,2025-09-25 01:37:16
10872,95,4321,44,2025-02-17 04:36:57
10873,38,3736,21,2025-01-27 00:09:32
10874,65,2735,62,2026-01-28 05:29:00
10875,18,3531,5,2025-11-03 07:21:00
10876,48,155,30,2025-02-02 20:44:09
10877,38,1170,86,2025-11-19 05:47:52
10878,82,2877,70,2025-01-06 23:13:02
10879,68,4945,39,2025-06-24 17:03:47
10880,34,1212,52,2025-11-09 06:57:23
10881,48,701,21,2025-06-24 00:41:25
10882,27,4129,98,2025-05-04 11:59:45
10883,21,1986,5,2025-05-05 21:16:23
10884,52,4324,56,2025-02-14 23:10:13
10885,36,2768,99,2025-05-10 01:13:35
10886,100,1021,91,2025-08-04 12:38:00
10887,34,1094,68,2025-12-10 09:50:37
10888,15,1439,24,2025-12-03 01:10:46
10889,85,1860,47,2026-01-08 09:17:32
10890,3,2736,14,2025-04-02 16:00:15
10891,84,4155,18,2025-05-24 16:52:17
10892,19,3843,37,2025-04-02 23:47:44
10893,30,3679,80,2026-01-11 04:17:09
10894,93,481,27,2025-01-30 15:57:52
10895,59,3397,98,2025-06-08 05:09:30
10896,48,2556,47,2025-11-05 10:42:53
10897,89,2676,56,2025-09-09 07:06:03
10898,53,4870,81,2026-02-04 16:39:11
10899,31,3145,49,2025-01-29 11:22:37
10900,11,574,8,2025-11-16 02:39:56
10901,42,3627,70,2025-12-17 03:17:07
10902,84,3061,81,2025-01-07 13:46:38
10903,44,1434,74,2025-02-01 06:39:26
10904,87,1368,46,2025-05-10 12:08:33
10905,69,4138,43,2025-09-07 04:46:54
10906,72,3353,98,2025-01-31 23:50:16
10907,2,302,54,2025-03-12 20:15:26
10908,16,458,41,2026-01-05 09:26:01
10909,20,1504,91,2025-04-30 09:12:07
10910,91,4264,28,2025-03-08 02:28:46
10911,27,1427,25,2025-02-23 01:09:16
10912,37,2583,23,2025-09-01 15:33:54
10913,84,3172,77,2025-06-15 17:08:47
10914,36,1457,53,2025-06-17 23:32:03
10915,97,2846,42,2026-01-19 15:40:59
10916,27,3680,73,2025-03-14 01:25:26
10917,39,4991,54,2025-06-30 21:11:10
10918,22,3994,74,2025-12-11 10:18:21
10919,52,3541,60,2025-09-20 17:21:54
10920,26,1949,77,2025-07-19 04:24:13
10921,21,63,41,2026-01-09 01:25:48
10922,67,2703,51,2025-07-18 05:19:57
10923,80,630,59,2025-08-27 21:23:56
10924,46,1276,3,2025-01-07 20:16:05
10925,16,845,25,2025-02-15 15:19:47
10926,14,1288,20,2025-06-28 15:55:38
10927,89,832,19,2025-07-29 16:39:33
10928,66,221,47,2025-11-04 19:16:15
10929,66,993,0,2025-12-13 16:46:42
10930,19,4642,35,2025-10-07 01:29:50
10931,33,3701,11,2025-07-06 02:34:19
10932,48,1769,56,2025-07-29 11:13:05
10933,39,4971,42,2025-11-04 18:54:06
10934,80,2761,77,2025-05-29 21:02:56
10935,95,3136,42,2025-07-25 12:06:55
10936,99,248,14,2025-12-10 07:05:47
10937,45,1856,39,2025-12-03 17:27:02
10938,17,1461,34,2025-11-03 23:43:29
10939,43,3388,14,2025-10-03 15:21:29
10940,5,1231,17,2025-07-08 09:40:08
10941,91,3127,10,2025-01-25 15:38:41
10942,63,1704,54,2025-05-07 18:24:39
10943,86,389,85,2025-07-14 03:17:23
10944,26,3496,73,2025-09-16 19:29:22
10945,31,658,10,2025-11-20 05:19:20
10946,64,504,43,2025-01-04 11:20:07
10947,5,1,89,2025-10-17 05:23:11
10948,39,669,83,2025-08-01 00:23:45
10949,29,1002,97,2025-05-13 01:44:13
10950,93,1687,33,2025-02-19 10:50:52
10951,56,3843,90,2025-07-21 06:26:13
10952,31,2452,53,2025-09-14 17:36:28
10953,65,2800,53,2025-04-19 15:28:28
10954,41,1625,66,2025-12-08 16:36:08
10955,82,3382,63,2025-06-16 05:24:48
10956,67,1862,16,2025-09-03 00:45:15
10957,23,1025,67,2025-06-13 01:25:11
10958,8,3503,41,2025-11-12 09:55:57
10959,31,251,39,2025-02-18 18:30:17
10960,81,2077,57,2025-09-02 07:22:02
10961,37,4486,16,2025-08-21 08:11:06
10962,3,1310,16,2025-09-03 23:11:37
10963,74,2262,53,2025-09-17 23:49:21
10964,70,1583,45,2026-01-21 08:55:35
10965,88,3668,91,2025-04-07 13:54:47
10966,38,1520,79,2025-01-28 23:56:17
10967,77,1522,20,2025-12-05 00:39:15
10968,38,1289,2,2025-03-04 04:03:53
10969,100,3249,87,2025-11-26 03:11:52
10970,43,1847,99,2025-01-19 21:24:34
10971,37,1937,68,2025-06-06 10:36:23
10972,45,2660,24,2025-07-03 11:13:19
10973,15,659,7,2025-09-01 06:05:13
10974,17,2008,61,2026-01-30 23:04:39
10975,25,4764,16,2025-07-13 20:59:46
10976,10,2840,51,2025-06-06 10:39:47
10977,14,2553,56,2025-01-26 23:50:21
10978,6,1427,33,2025-03-18 10:19:55
10979,40,3019,90,2025-06-13 02:52:30
10980,30,497,24,2025-02-24 07:21:51
10981,90,648,11,2025-02-23 16:24:07
10982,17,2436,46,2025-06-27 19:03:43
10983,45,1731,20,2025-06-13 14:08:39
10984,31,4055,33,2025-12-20 06:41:53
10985,67,45,33,2025-03-12 09:24:25
10986,47,1972,33,2025-03-06 07:52:04
10987,47,968,66,2025-05-25 23:32:24
10988,55,393,42,2025-01-31 04:31:26
10989,90,1230,45,2025-12-04 00:04:20
10990,88,4549,42,2025-03-31 09:26:28
10991,26,4536,72,2025-12-26 05:43:50
10992,13,2999,22,2025-02-14 06:04:45
10993,95,3530,90,2025-05-17 01:14:05
10994,65,3331,74,2025-07-29 06:41:37
10995,95,1287,92,2026-01-13 13:29:48
10996,40,3501,73,2025-11-03 08:44:03
10997,77,3115,99,2025-08-11 05:12:12
10998,1,1553,21,2025-03-30 21:56:52
10999,64,3320,7,2025-09-10 00:26:02
11000,22,4375,71,2025-11-05 12:42:36
11001,49,1557,3,2025-01-06 07:24:05
11002,67,4411,99,2025-02-18 05:10:20
11003,92,1440,97,2025-06-30 23:10:32
11004,21,1305,94,2025-02-25 23:20:17
11005,83,2135,37,2026-01-29 15:26:32
11006,65,274,42,2025-02-06 13:24:34
11007,92,4242,69,2025-05-02 20:43:58
11008,95,959,14,2025-11-09 15:57:58
11009,68,3744,78,2025-05-20 17:54:23
11010,76,2493,100,2025-07-23 06:50:44
11011,36,2381,75,2025-01-23 22:27:39
11012,58,3419,64,2025-03-13 10:29:03
11013,33,1477,37,2025-02-17 03:01:11
11014,26,4963,57,2025-09-21 01:21:29
11015,51,1716,70,2025-10-11 11:33:10
11016,29,1644,45,2025-01-21 16:42:55
11017,29,4836,92,2025-08-01 10:08:21
11018,58,1014,60,2025-12-04 13:49:18
11019,100,4366,3,2025-11-23 11:16:41
11020,85,3768,16,2025-11-01 09:55:51
11021,49,769,90,2025-04-14 06:35:16
11022,41,4457,77,2025-03-23 23:01:36
11023,81,3332,44,2025-05-01 09:30:18
11024,96,4131,95,2025-04-14 22:19:45
11025,42,4084,34,2025-01-15 14:41:16
11026,37,711,88,2025-06-07 06:46:01
11027,50,2128,43,2025-11-14 00:47:51
11028,29,211,6,2026-01-01 08:03:08
11029,97,1030,9,2025-07-16 16:13:29
11030,29,80,95,2025-05-21 16:30:40
11031,19,1699,77,2025-06-05 19:00:01
11032,18,3556,27,2026-01-23 19:27:26
11033,88,2393,69,2026-02-02 05:50:25
11034,82,3138,23,2025-04-13 13:08:07
11035,32,2772,0,2026-01-20 16:21:58
11036,30,3162,27,2025-04-05 20:45:50
11037,3,3319,45,2025-07-21 15:38:01
11038,42,3173,97,2025-04-14 03:18:46
11039,63,4842,70,2025-10-14 04:52:56
11040,87,3125,96,2025-12-24 09:55:04
11041,95,4601,49,2025-02-27 00:04:51
11042,2,2279,26,2025-01-12 04:29:36
11043,26,17,47,2025-08-10 13:42:06
11044,59,499,2,2025-09-20 20:33:00
11045,47,166,1,2025-09-17 03:34:10
11046,44,281,41,2025-03-26 11:00:38
11047,78,4032,95,2025-01-30 01:58:50
11048,21,4994,13,2025-06-19 01:57:54
11049,28,2661,74,2026-01-18 10:14:19
11050,84,2004,17,2025-09-06 11:08:39
11051,65,4659,36,2025-10-03 11:09:24
11052,94,4195,4,2025-08-15 05:42:17
11053,71,3320,25,2025-06-19 08:46:32
11054,43,3696,82,2025-02-17 04:23:22
11055,31,935,31,2025-03-24 13:17:17
11056,71,2749,1,2025-04-06 20:35:17
11057,83,678,87,2025-11-17 13:44:27
11058,6,4815,82,2025-09-28 18:50:12
11059,72,1546,56,2025-08-11 15:50:04
11060,10,531,63,2025-11-21 23:46:18
11061,81,4044,10,2025-02-26 18:48:20
11062,72,1432,95,2025-12-02 14:28:35
11063,2,912,96,2025-06-11 01:11:16
11064,1,1919,30,2025-01-12 05:33:11
11065,88,1745,14,2025-09-16 14:57:37
11066,83,889,47,2025-10-13 03:20:40
11067,21,2161,80,2025-03-24 07:10:15
11068,60,4630,85,2025-03-11 15:33:42
11069,73,3294,79,2025-01-16 20:35:22
11070,24,4102,12,2026-01-22 14:44:25
11071,5,108,46,2025-11-17 20:26:27
11072,42,3671,82,2025-10-11 11:30:04
11073,64,4410,79,2025-12-16 17:34:05
11074,14,518,62,2025-05-23 22:38:57
11075,100,601,80,2025-03-23 01:22:16
11076,18,3838,54,2025-11-02 21:10:29
11077,27,2092,26,2025-10-02 05:57:34
11078,72,2863,78,2025-03-11 08:53:04
11079,71,1524,71,2025-01-09 22:37:50
11080,95,596,95,2025-11-17 11:45:51
11081,11,1655,15,2025-07-17 11:11:06
11082,81,2134,42,2025-08-05 21:20:47
11083,66,4107,16,2025-01-21 06:48:27
11084,62,2064,66,2025-11-13 04:21:54
11085,51,4028,53,2025-12-07 17:58:06
11086,36,2309,91,2025-03-15 06:37:50
11087,23,1432,55,2025-04-07 09:24:30
11088,47,1591,39,2025-05-31 05:37:51
11089,92,2588,47,2025-04-05 17:46:37
11090,68,2724,43,2025-08-21 13:27:55
11091,16,4728,69,2026-01-26 12:31:58
11092,43,4491,33,2025-10-16 00:46:26
11093,42,247,54,2025-08-24 02:03:21
11094,64,914,91,2025-08-29 05:05:02
11095,84,1426,71,2025-01-06 23:44:16
11096,30,2442,49,2025-06-16 19:39:32
11097,19,761,62,2026-01-10 07:58:33
11098,73,1973,76,2025-08-10 02:13:55
11099,71,2781,14,2025-01-20 02:19:25
11100,79,3232,48,2025-04-03 05:49:54
11101,43,87,45,2025-08-28 08:23:32
11102,5,3576,3,2026-01-13 17:31:15
11103,36,4677,12,2025-02-21 16:49:00
11104,96,201,79,2025-08-10 15:23:35
11105,51,2631,99,2025-12-08 15:53:24
11106,19,4858,68,2025-06-05 22:33:42
11107,21,2979,52,2025-05-27 06:51:29
11108,15,4304,1,2025-04-10 22:09:36
11109,5,2027,84,2025-04-06 07:42:05
11110,86,174,84,2025-02-01 16:19:28
11111,38,1933,21,2025-11-23 07:35:12
11112,51,1933,97,2026-01-03 07:35:40
11113,63,2426,49,2025-09-05 20:59:37
11114,100,3679,8,2025-02-03 03:14:48
11115,66,3441,56,2025-03-05 08:49:21
11116,84,1547,65,2025-11-07 02:58:20
11117,53,3153,4,2025-02-17 01:22:34
11118,97,789,31,2025-03-16 04:19:41
11119,31,3212,52,2025-03-31 16:18:09
11120,63,3454,98,2025-12-02 07:04:42
11121,33,3542,84,2025-01-06 14:05:54
11122,23,828,11,2026-01-12 23:29:33
11123,94,3021,68,2026-01-07 19:25:27
11124,29,2520,61,2025-12-13 23:48:02
11125,14,2038,26,2025-07-26 10:39:42
11126,57,4763,97,2025-03-02 16:09:30
11127,4,3963,98,2025-01-03 15:45:15
11128,48,4364,27,2025-10-05 15:14:25
11129,8,880,70,2025-10-01 16:44:55
11130,98,2368,12,2025-10-10 20:47:30
11131,84,1430,62,2025-05-01 01:33:10
11132,2,779,3,2025-07-06 08:57:15
11133,6,3582,44,2025-04-14 02:29:26
11134,74,3983,87,2025-10-09 08:41:19
11135,96,4875,33,2025-05-17 04:59:20
11136,85,591,37,2026-01-03 07:40:37
11137,60,1562,18,2025-11-10 21:56:29
11138,7,3071,52,2025-10-17 07:27:12
11139,46,1015,0,2026-01-08 17:06:02
11140,71,4890,89,2025-04-10 22:40:16
11141,67,2743,79,2025-04-25 23:09:49
11142,57,4926,37,2025-09-27 16:15:47
11143,100,102,12,2025-05-13 22:50:33
11144,33,4283,7,2025-08-25 04:39:45
11145,58,2145,51,2025-12-15 23:07:24
11146,77,3493,23,2025-12-07 12:31:28
11147,80,878,56,2025-01-01 09:58:24
11148,87,15,24,2025-11-09 23:11:45
11149,24,4984,48,2025-10-23 08:08:21
11150,30,838,37,2025-09-28 09:18:26
11151,77,1770,2,2025-07-19 20:38:24
11152,2,1313,39,2025-12-04 20:27:12
11153,58,60,7,2025-11-12 01:06:27
11154,91,4669,28,2025-10-01 22:55:54
11155,66,1598,50,2025-02-12 07:27:02
11156,50,910,81,2025-10-14 07:26:38
11157,23,3347,36,2025-05-04 21:23:16
11158,39,534,78,2026-01-31 16:14:55
11159,24,1745,79,2025-09-10 13:44:45
11160,86,2763,27,2025-08-12 23:15:28
11161,20,1097,27,2025-08-03 21:15:05
11162,22,2749,45,2025-11-11 10:52:27
11163,16,1515,33,2026-01-05 04:01:31
11164,36,2404,95,2026-01-19 17:50:13
11165,15,205,57,2025-10-25 21:22:36
11166,7,3694,41,2025-09-22 17:08:18
11167,56,1964,4,2025-10-13 04:29:58
11168,27,1105,59,2025-11-11 17:57:07
11169,49,4594,84,2025-05-21 19:14:56
11170,39,914,32,2025-04-22 08:05:55
11171,46,980,34,2025-06-27 07:16:21
11172,7,4389,53,2025-08-18 07:59:25
11173,6,1155,85,2025-02-09 15:17:03
11174,77,462,83,2025-06-13 13:52:12
11175,70,1020,21,2025-08-19 03:53:54
11176,64,2027,31,2025-10-07 14:02:06
11177,46,4912,77,2025-01-20 04:27:52
11178,63,3471,91,2025-02-10 17:42:24
11179,10,3964,16,2025-08-13 07:04:53
11180,35,4311,18,2025-04-02 04:17:17
11181,72,543,56,2025-01-15 01:08:13
11182,83,1752,38,2026-01-14 03:48:16
11183,29,4758,98,2025-07-12 07:49:45
11184,85,2516,69,2025-11-25 15:30:41
11185,72,3549,75,2025-09-11 05:15:26
11186,33,2447,75,2025-10-23 02:44:34
11187,88,3302,43,2025-10-15 10:16:25
11188,44,1267,82,2025-12-29 08:07:30
11189,36,3289,47,2025-10-08 12:44:03
11190,87,2863,18,2026-01-17 20:25:48
11191,74,3591,68,2025-09-23 08:26:35
11192,45,2915,89,2025-08-24 11:07:17
11193,79,4188,30,2025-06-05 13:58:32
11194,83,3819,3,2025-04-01 23:46:51
11195,97,3322,30,2025-03-03 19:01:36
11196,30,2120,5,2025-07-12 08:28:33
11197,53,2307,55,2025-07-24 07:35:06
11198,31,1268,67,2025-05-18 11:48:52
11199,97,1623,88,2025-12-13 13:17:34
11200,95,2915,43,2025-05-25 18:37:42
11201,91,1630,91,2026-01-28 03:33:41
11202,24,4192,3,2025-11-05 14:28:47
11203,63,251,39,2025-04-02 02:22:15
11204,29,4350,65,2025-12-24 20:09:05
11205,66,1988,98,2025-07-01 07:14:41
11206,99,4209,21,2026-02-05 01:16:20
11207,50,1549,74,2025-03-04 19:00:15
11208,63,5,50,2025-01-05 12:48:51
11209,18,4430,35,2025-05-13 16:10:02
11210,76,4973,18,2025-09-03 01:38:56
11211,16,1314,94,2025-05-02 17:19:27
11212,63,2230,61,2025-09-15 20:31:41
11213,87,1486,40,2026-01-04 00:32:40
11214,82,3639,41,2025-08-15 12:43:06
11215,21,1095,82,2025-06-17 10:32:25
11216,71,368,16,2025-12-23 23:41:22
11217,79,3607,63,2025-03-05 21:13:07
11218,25,3249,37,2025-04-15 03:16:41
11219,52,1197,34,2025-03-28 15:06:55
11220,85,1713,85,2025-03-29 19:47:25
11221,38,3849,2,2025-02-26 15:46:17
11222,98,3268,77,2025-03-27 07:35:06
11223,60,372,60,2025-08-08 22:48:40
11224,25,4366,50,2025-06-16 07:27:10
11225,61,4412,5,2025-06-24 20:42:03
11226,90,3164,14,2025-07-13 03:30:09
11227,14,3061,46,2025-07-06 04:42:57
11228,6,583,75,2025-05-07 17:32:57
11229,54,2059,46,2025-10-21 06:26:12
11230,35,1210,66,2025-02-09 21:12:46
11231,2,2093,92,2025-06-28 12:02:54
11232,100,3336,80,2025-03-31 07:16:20
11233,14,2820,39,2025-11-13 09:06:29
11234,43,2934,61,2025-06-19 02:58:58
11235,5,4819,67,2025-10-21 02:43:46
11236,23,3587,49,2025-04-08 17:57:17
11237,77,1123,72,2025-07-30 06:24:44
11238,55,2175,72,2025-12-27 06:35:51
11239,22,1328,21,2025-01-28 01:08:32
11240,35,4078,70,2025-05-01 19:54:14
11241,56,4993,40,2025-10-07 02:36:36
11242,13,2322,85,2025-01-31 21:54:13
11243,51,1047,41,2025-12-11 10:12:42
11244,89,3652,70,2025-03-26 00:34:20
11245,73,763,23,2025-06-15 09:10:08
11246,37,156,17,2025-08-24 08:21:05
11247,69,4078,16,2025-11-27 20:32:30
11248,88,3633,52,2025-02-03 17:25:34
11249,92,2956,67,2025-12-16 12:52:56
11250,25,455,28,2025-12-24 01:12:00
11251,79,448,35,2025-08-20 14:57:09
11252,66,1941,85,2025-02-23 16:02:12
11253,45,2255,84,2025-11-13 20:43:29
11254,93,4685,85,2025-11-20 00:01:51
11255,92,777,37,2025-07-15 21:08:11
11256,77,97,2,2025-10-05 14:36:54
11257,94,4070,13,2025-05-10 03:10:41
11258,21,1688,42,2025-12-13 00:24:45
11259,96,3555,39,2025-03-02 14:32:59
11260,53,3719,16,2025-05-22 22:41:22
11261,55,2226,5,2025-08-24 19:12:03
11262,5,884,66,2025-02-21 03:56:31
11263,61,2718,82,2025-11-13 12:05:06
11264,59,4554,53,2025-06-27 10:46:21
11265,15,4832,16,2025-08-01 01:19:33
11266,11,3079,34,2025-01-17 06:10:23
11267,17,3762,52,2025-11-17 23:13:44
11268,83,2819,42,2025-05-12 06:16:35
11269,66,1990,14,2025-03-09 16:13:48
11270,31,2407,17,2025-10-18 01:03:33
11271,42,4075,9,2026-01-16 09:09:18
11272,56,732,32,2025-10-01 01:42:22
11273,5,688,43,2025-05-17 16:14:59
11274,5,633,32,2025-04-20 23:12:40
11275,8,1480,9,2025-09-09 14:44:56
11276,17,4364,39,2025-09-04 00:33:45
11277,95,2319,56,2025-03-15 23:29:34
11278,94,296,50,2025-01-24 20:37:46
11279,98,2275,57,2025-03-02 19:26:53
11280,8,1969,54,2025-10-26 11:18:17
11281,89,1132,5,2025-10-24 23:39:44
11282,29,787,89,2025-01-10 09:07:47
11283,83,2615,7,2025-08-15 01:22:22
11284,57,632,75,2025-08-12 20:25:48
11285,17,1016,15,2025-09-17 23:20:43
11286,45,2274,100,2025-12-18 17:56:01
11287,70,2690,94,2025-02-19 03:25:56
11288,31,3554,63,2025-12-21 07:53:17
11289,2,561,82,2025-08-13 05:40:55
11290,100,2656,45,2026-01-21 04:52:18
11291,92,469,99,2025-10-25 03:52:43
11292,44,2504,93,2025-01-01 22:06:10
11293,8,3046,26,2025-12-10 03:53:17
11294,99,2153,86,2025-02-02 09:22:43
11295,2,209,2,2025-04-12 14:24:49
11296,82,2580,57,2025-04-07 22:13:00
11297,52,56,83,2026-01-20 10:58:25
11298,68,1088,79,2025-07-25 15:27:36
11299,3,2685,31,2025-04-12 13:17:07
11300,90,4154,27,2025-04-12 08:16:05
11301,94,2284,98,2025-08-28 21:01:10
11302,44,133,54,2025-01-15 15:52:03
11303,36,556,7,2025-02-14 19:27:03
11304,15,3632,26,2025-01-12 16:02:08
11305,66,2533,91,2026-01-17 22:47:58
11306,38,4020,94,2026-01-02 11:41:21
11307,45,1626,45,2025-04-15 06:44:55
11308,80,2961,4,2025-06-21 05:58:48
11309,79,864,18,2025-08-02 08:17:32
11310,57,4923,0,2025-08-27 18:46:17
11311,79,2676,71,2025-11-28 05:18:13
11312,22,3331,12,2025-04-27 13:14:02
11313,71,3744,21,2025-01-10 07:39:29
11314,38,726,34,2025-01-01 19:36:36
11315,42,42,51,2025-05-24 04:54:23
11316,84,829,20,2025-11-10 23:59:20
11317,17,113,18,2025-01-02 20:08:33
11318,85,1113,24,2025-07-24 09:44:05
11319,99,2367,90,2025-07-05 09:26:49
11320,72,1240,17,2025-03-19 23:17:50
11321,41,3471,91,2026-01-14 02:17:44
11322,57,1527,52,2025-03-31 18:35:50
11323,62,503,94,2025-10-10 21:40:55
11324,13,155,72,2026-01-04 23:12:45
11325,75,3461,85,2025-01-04 02:46:27
11326,44,1936,56,2025-07-29 21:09:13
11327,76,2367,3,2025-05-06 12:35:05
11328,19,4530,11,2025-09-20 08:59:37
11329,73,3685,99,2026-01-29 12:27:48
11330,90,2050,31,2025-01-26 20:42:49
11331,19,4415,59,2025-10-11 16:13:16
11332,59,3760,56,2026-01-18 00:10:55
11333,70,1304,95,2025-07-25 07:15:33
11334,34,1059,74,2025-11-01 11:26:43
11335,39,584,66,2025-10-06 14:23:56
11336,38,2652,99,2025-05-10 12:32:51
11337,84,4685,4,2025-01-06 08:20:37
11338,95,689,24,2025-09-11 21:15:46
11339,7,1231,80,2026-01-07 04:30:15
11340,60,4283,32,2025-12-28 13:19:42
11341,18,142,30,2026-01-08 08:51:03
11342,37,3167,1,2025-01-30 10:02:17
11343,69,2598,51,2025-06-10 02:02:47
11344,74,4737,5,2026-01-10 18:08:22
11345,4,682,38,2025-03-15 09:30:38
11346,6,802,24,2025-07-20 02:52:38
11347,1,731,37,2025-01-10 15:52:44
11348,53,4642,45,2026-01-29 11:49:08
11349,85,3300,50,2025-08-28 01:57:21
11350,99,2198,36,2025-11-29 09:52:29
11351,38,4281,91,2025-10-04 18:23:05
11352,78,1560,14,2025-11-24 09:49:22
11353,79,3000,89,2025-02-24 03:00:34
11354,36,3264,96,2025-05-10 21:10:26
11355,40,2697,16,2025-10-09 05:55:44
11356,51,2943,40,2026-01-29 07:30:10
11357,91,3057,71,2025-10-19 09:51:57
11358,44,427,1,2025-06-05 08:54:05
11359,66,4438,38,2025-01-22 16:00:36
11360,82,3648,85,2025-10-31 15:42:05
11361,90,656,43,2025-11-15 22:59:33
11362,88,3940,20,2025-01-22 23:51:07
11363,14,2442,92,2025-02-08 10:14:24
11364,100,2530,92,2025-08-16 19:45:03
11365,19,2584,37,2025-12-10 05:29:28
11366,87,4416,88,2025-01-25 09:52:25
11367,27,4653,32,2025-11-25 23:36:42
11368,16,395,32,2025-10-11 18:37:10
11369,9,1689,65,2026-01-11 11:49:00
11370,100,244,61,2025-08-29 13:10:34
11371,61,1351,86,2025-08-30 16:12:21
11372,56,2029,17,2025-05-22 13:42:47
11373,2,4373,93,2025-12-23 14:00:43
11374,68,4766,10,2025-03-11 11:19:53
11375,29,3070,14,2025-08-22 22:28:28
11376,5,4600,0,2025-09-28 12:23:59
11377,38,3561,31,2025-12-14 03:37:49
11378,59,1085,96,2026-01-17 09:38:16
11379,66,3628,9,2025-03-15 00:28:49
11380,70,1672,34,2025-12-21 07:14:06
11381,41,3641,71,2025-03-13 12:27:06
11382,52,3205,44,2025-02-07 14:17:39
11383,56,3946,11,2025-08-06 21:45:25
11384,15,2200,35,2025-07-04 23:33:42
11385,24,3167,36,2025-07-03 22:24:42
11386,5,3256,1,2025-07-21 22:29:04
11387,44,1290,27,2025-02-02 22:58:54
11388,85,985,70,2025-02-07 13:28:25
11389,58,3201,11,2025-07-10 06:48:52
11390,76,1801,20,2025-07-11 21:01:36
11391,55,4471,95,2025-05-23 21:53:57
11392,12,259,9,2026-01-14 21:45:28
11393,13,4405,76,2025-03-04 11:25:24
11394,13,2040,42,2025-07-02 10:21:57
11395,24,3864,46,2025-02-22 23:31:12
11396,58,4175,79,2025-02-19 18:32:11
11397,4,2622,42,2025-02-09 10:06:06
11398,36,1718,25,2025-05-11 13:11:30
11399,99,116,60,2026-01-24 17:52:50
11400,19,3262,60,2025-10-13 14:18:38
11401,1,2871,7,2025-03-14 00:44:40
11402,17,3511,10,2025-07-08 14:48:56
11403,89,353,80,2025-10-13 20:10:47
11404,70,653,92,2025-01-17 13:38:42
11405,50,3824,8,2025-01-20 22:39:02
11406,72,1021,70,2025-10-09 14:01:10
11407,65,19,8,2025-09-13 23:59:13
11408,38,2139,10,2025-10-15 16:53:19
11409,28,1222,68,2025-01-09 02:58:37
11410,81,193,86,2025-12-06 09:18:34
11411,55,2516,1,2025-12-23 07:42:07
11412,31,2895,15,2025-09-19 10:21:29
11413,13,1351,47,2025-10-06 02:23:43
11414,93,2211,78,2025-07-27 02:23:29
11415,22,1541,39,2025-09-10 09:38:08
11416,93,3870,31,2025-09-05 19:38:38
11417,63,1058,75,2025-05-24 04:51:25
11418,72,4697,15,2025-06-22 04:52:51
11419,58,245,50,2025-08-27 02:02:43
11420,65,614,54,2025-11-08 05:09:37
11421,84,468,24,2025-04-10 04:00:56
11422,99,4861,13,2025-04-08 13:42:08
11423,20,157,54,2025-05-16 11:48:12
11424,2,3143,12,2025-12-07 03:46:13
11425,31,2286,10,2025-05-07 08:01:41
11426,46,1479,48,2025-02-03 20:53:58
11427,88,1871,35,2025-03-24 20:25:42
11428,100,776,69,2025-10-05 07:40:59
11429,88,1655,75,2025-02-18 12:57:42
11430,6,682,6,2025-05-20 05:23:57
11431,66,1285,72,2025-05-01 15:18:28
11432,91,1435,61,2025-02-28 06:51:54
11433,41,3942,22,2025-05-08 20:47:36
11434,18,613,29,2025-01-09 03:35:50
11435,61,4036,26,2025-02-19 14:39:54
11436,10,1147,47,2025-03-07 22:40:41
11437,16,2406,10,2025-09-11 16:57:04
11438,26,4970,25,2025-12-01 05:23:21
11439,55,3141,88,2025-05-13 17:52:18
11440,11,450,3,2025-02-18 10:26:02
11441,30,4597,57,2025-05-29 15:14:47
11442,2,2783,42,2025-05-29 22:58:16
11443,36,4548,14,2025-11-16 17:38:30
11444,76,1417,80,2026-01-01 09:07:13
11445,16,3761,50,2025-05-29 14:39:36
11446,81,2118,44,2025-08-02 09:01:40
11447,87,4666,93,2025-10-26 16:43:50
11448,17,1506,27,2026-01-18 18:20:49
11449,75,4604,71,2025-06-01 10:55:57
11450,84,1762,19,2025-03-15 11:32:13
11451,21,2804,17,2025-06-26 08:48:34
11452,41,3229,70,2026-01-03 05:15:18
11453,59,4287,80,2025-02-19 11:16:58
11454,41,3068,41,2025-10-28 01:27:21
11455,60,4451,42,2025-09-12 18:35:33
11456,77,4047,70,2025-09-11 10:05:02
11457,39,584,2,2025-10-24 22:59:34
11458,24,1691,12,2025-01-09 21:09:53
11459,23,3554,18,2025-08-19 19:50:46
11460,7,811,8,2025-06-19 22:53:10
11461,37,4327,42,2026-01-17 18:09:16
11462,33,1006,48,2025-08-01 14:34:31
11463,36,2328,95,2025-12-29 12:28:05
11464,12,1813,41,2025-08-11 21:42:48
11465,36,4832,20,2025-11-03 20:48:57
11466,17,3494,42,2025-10-09 01:45:53
11467,38,1208,36,2025-12-04 05:32:04
11468,74,4763,26,2025-09-20 08:17:30
11469,21,299,84,2025-06-10 00:11:45
11470,48,2162,72,2025-05-17 05:30:10
11471,87,1951,47,2025-08-12 10:07:29
11472,63,3978,65,2025-05-12 17:57:29
11473,3,3058,56,2025-06-03 03:44:25
11474,53,3062,35,2025-10-16 16:53:57
11475,15,1192,95,2025-08-11 05:05:45
11476,9,4652,50,2025-06-08 06:03:15
11477,7,2175,63,2025-04-04 11:58:36
11478,75,2891,25,2025-09-26 11:46:48
11479,70,3236,60,2026-01-30 04:56:58
11480,29,2313,58,2025-03-25 00:22:42
11481,19,4772,59,2025-04-16 15:47:24
11482,94,2550,99,2025-09-01 16:23:50
11483,56,4754,50,2025-12-27 11:01:55
11484,29,1411,23,2025-05-22 19:45:17
11485,6,4772,81,2025-06-02 23:50:02
11486,2,1927,0,2025-01-13 11:53:30
11487,99,3584,47,2025-05-31 10:22:06
11488,9,553,43,2025-10-25 10:55:55
11489,89,3240,35,2025-09-24 04:13:50
11490,17,4625,30,2025-10-13 08:41:11
11491,77,3924,58,2025-08-14 15:16:16
11492,8,843,85,2025-08-28 19:58:37
11493,95,3353,89,2025-12-28 19:40:02
11494,27,3183,50,2025-07-02 08:11:31
11495,59,4571,33,2025-09-13 21:40:59
11496,68,2723,6,2025-04-26 05:12:14
11497,87,3033,39,2026-01-29 02:58:37
11498,100,3308,53,2025-12-10 04:25:25
11499,1,168,32,2025-11-10 09:02:45
11500,86,3443,2,2025-06-28 23:59:00
11501,100,521,97,2025-10-05 10:04:12
11502,11,2080,8,2025-12-07 04:28:22
11503,78,1531,50,2025-02-05 22:12:46
11504,40,4633,8,2025-07-14 10:48:29
11505,48,111,8,2025-07-24 07:19:13
11506,87,3302,11,2025-06-29 07:44:16
11507,48,3661,63,2025-01-20 02:09:45
11508,57,1508,76,2025-05-20 13:01:21
11509,77,628,23,2025-04-07 09:23:02
11510,11,1842,0,2025-07-17 16:15:07
11511,81,1443,86,2025-05-08 04:13:52
11512,97,2156,81,2025-01-03 08:13:49
11513,76,2358,64,2025-08-12 11:29:13
11514,89,4571,57,2025-12-17 04:19:17
11515,57,472,88,2025-10-23 06:36:45
11516,55,3576,2,2025-09-06 08:16:47
11517,43,4844,81,2025-05-15 12:06:05
11518,40,3829,70,2025-03-22 18:42:54
11519,55,2958,74,2025-04-15 02:59:52
11520,60,1131,14,2026-01-20 13:59:42
11521,96,4035,98,2025-07-09 01:28:28
11522,20,4829,3,2025-08-21 22:24:09
11523,97,2839,49,2026-01-14 20:01:13
11524,43,1705,58,2025-04-29 18:04:29
11525,42,1065,56,2025-06-19 06:36:39
11526,55,1127,4,2025-03-23 04:33:10
11527,11,3725,4,2025-10-25 20:31:51
11528,4,4476,56,2025-08-13 11:49:02
11529,70,688,29,2025-07-14 01:57:06
11530,20,3190,4,2025-11-03 11:26:11
11531,100,751,78,2025-10-18 09:54:46
11532,55,3325,36,2025-04-26 17:06:49
11533,95,2231,13,2025-05-06 07:42:18
11534,3,1324,30,2025-01-11 06:19:33
11535,41,427,37,2025-08-13 11:09:19
11536,100,2765,18,2025-04-18 15:12:17
11537,41,1590,100,2025-11-20 01:40:58
11538,11,4170,17,2025-06-10 08:45:02
11539,53,4188,42,2025-06-15 21:12:04
11540,63,2451,42,2025-07-04 10:26:55
11541,97,4198,85,2025-07-16 20:06:11
11542,89,1332,33,2025-08-11 07:08:05
11543,37,3950,44,2025-11-05 17:51:10
11544,67,2348,38,2025-01-13 19:54:21
11545,56,2688,99,2025-07-10 05:14:54
11546,56,4867,65,2025-12-21 06:19:29
11547,28,2983,95,2025-05-24 19:22:24
11548,39,4441,91,2025-11-21 19:48:38
11549,79,1846,0,2025-07-27 10:36:18
11550,41,4940,49,2025-07-21 23:23:20
11551,13,1824,37,2025-05-08 14:47:51
11552,33,2685,5,2025-05-25 15:14:11
11553,53,3935,46,2025-06-16 21:38:13
11554,16,1810,99,2025-02-01 14:14:34
11555,33,3628,31,2025-02-19 23:53:36
11556,52,2014,70,2025-03-24 19:36:04
11557,66,4843,77,2025-03-07 10:21:42
11558,45,4672,52,2025-02-15 21:57:26
11559,53,1797,77,2025-02-26 14:14:20
11560,55,4256,69,2025-12-21 02:24:21
11561,51,2039,50,2025-11-18 22:32:52
11562,3,1126,24,2026-02-04 22:26:57
11563,51,541,46,2025-01-03 20:48:28
11564,8,2430,59,2025-11-14 05:05:26
11565,44,1384,33,2025-08-07 10:05:45
11566,48,4600,89,2026-01-30 06:27:57
11567,35,4479,94,2025-04-16 10:07:58
11568,23,3865,87,2025-02-22 08:38:33
11569,58,3892,0,2025-08-23 05:26:52
11570,6,3381,27,2025-10-26 04:46:47
11571,44,1950,72,2025-02-15 04:36:35
11572,11,3662,5,2025-01-19 18:35:21
11573,22,4125,4,2025-12-22 08:56:30
11574,31,3004,4,2025-12-23 09:16:30
11575,19,4684,10,2025-01-23 00:39:50
11576,79,2096,58,2025-07-29 15:39:06
11577,100,1830,36,2025-12-01 11:01:49
11578,96,1124,46,2025-10-09 11:18:09
11579,88,1161,100,2025-09-04 03:26:55
11580,51,3982,97,2025-09-25 14:36:26
11581,63,4471,34,2025-07-18 12:36:50
11582,72,2422,80,2025-02-10 03:10:58
11583,61,3797,44,2025-04-19 15:31:48
11584,25,2011,35,2025-10-21 13:39:33
11585,34,3442,97,2025-03-11 06:27:29
11586,83,1891,36,2025-12-26 11:25:42
11587,2,1097,36,2025-04-17 15:52:30
11588,49,3693,24,2025-03-20 09:15:45
11589,33,1737,22,2025-02-26 00:59:28
11590,69,4934,16,2025-12-30 02:57:29
11591,61,4984,93,2025-05-23 23:18:40
11592,49,3396,69,2026-01-17 22:19:27
11593,26,4921,61,2025-08-01 21:12:39
11594,94,4951,3,2025-10-23 06:27:47
11595,27,1958,32,2025-01-28 15:01:18
11596,40,3284,100,2026-01-18 08:34:08
11597,96,471,99,2025-02-19 14:15:39
11598,100,4279,45,2025-03-13 17:21:29
11599,57,4943,45,2025-08-06 09:35:05
11600,32,4620,77,2025-11-24 12:31:39
11601,73,4051,71,2025-07-02 12:38:25
11602,24,655,71,2025-09-19 06:36:47
11603,7,3135,52,2025-08-23 03:39:54
11604,44,547,2,2025-11-20 19:12:48
11605,94,541,6,2025-07-06 06:11:52
11606,11,4463,51,2025-05-22 18:18:00
11607,4,2293,35,2025-06-05 11:08:46
11608,35,1833,42,2025-09-10 13:26:53
11609,15,3288,80,2025-07-10 22:27:16
11610,12,1633,70,2025-09-09 03:06:44
11611,44,602,60,2025-02-02 18:04:28
11612,61,3984,33,2025-01-10 12:16:10
11613,76,3275,46,2025-10-17 18:12:29
11614,25,2114,48,2025-08-23 10:11:42
11615,1,159,26,2025-11-06 07:37:40
11616,56,199,26,2025-10-19 18:12:11
11617,4,588,74,2025-07-18 03:10:23
11618,48,4352,91,2025-10-30 20:44:37
11619,48,3829,35,2025-12-26 05:24:03
11620,70,1329,43,2025-10-01 04:20:53
11621,12,85,58,2025-03-12 22:59:11
11622,57,1033,96,2025-07-17 22:04:35
11623,83,1925,29,2025-11-25 14:49:27
11624,39,1549,15,2025-03-10 02:50:57
11625,59,3953,16,2025-06-25 12:15:28
11626,43,1201,8,2025-07-14 18:45:54
11627,18,1399,54,2025-03-01 12:43:18
11628,51,1419,13,2025-05-25 12:00:08
11629,11,4053,63,2025-02-13 06:20:41
11630,21,1415,14,2025-06-14 01:55:19
11631,9,4293,61,2025-07-05 09:50:55
11632,4,2824,70,2025-11-02 08:19:16
11633,6,1939,73,2025-08-13 21:16:24
11634,63,3809,58,2025-04-11 19:27:13
11635,28,2977,32,2025-12-23 09:38:20
11636,56,701,81,2025-08-07 21:00:15
11637,36,60,66,2025-11-19 04:37:27
11638,61,3461,85,2025-06-16 19:09:50
11639,48,585,65,2025-05-11 15:08:33
11640,63,3212,9,2025-06-26 12:48:24
11641,3,3227,17,2025-09-21 18:12:54
11642,20,2560,64,2025-03-09 23:03:49
11643,8,3529,46,2025-06-23 04:15:59
11644,68,3086,7,2025-12-03 13:10:52
11645,26,2973,1,2025-12-17 15:38:47
11646,96,2263,14,2025-01-25 10:33:53
11647,33,3779,80,2025-05-25 05:53:28
11648,8,4194,50,2025-08-24 13:55:59
11649,34,2562,83,2026-01-27 01:40:38
11650,19,8,35,2025-07-01 06:51:38
11651,54,27,15,2025-09-15 18:09:16
11652,48,142,35,2025-07-23 04:14:53
11653,6,120,28,2025-02-27 03:05:28
11654,48,1366,12,2025-09-15 05:11:02
11655,94,331,73,2025-02-10 21:45:23
11656,78,86,32,2025-09-08 10:24:02
11657,95,2738,36,2025-08-24 08:17:30
11658,2,3756,82,2025-05-12 09:53:31
11659,26,695,53,2025-10-21 07:43:24
11660,58,561,8,2025-07-06 04:07:41
11661,11,3599,29,2025-01-27 11:17:40
11662,19,707,46,2025-02-21 21:25:19
11663,88,4840,72,2025-12-01 16:17:53
11664,46,3711,18,2025-05-22 22:10:16
11665,41,2068,92,2025-07-30 19:10:11
11666,47,4063,95,2025-01-20 07:31:09
11667,68,2553,6,2025-01-07 07:17:49
11668,26,2100,58,2025-04-15 21:19:04
11669,14,3453,75,2025-05-17 01:56:42
11670,26,1577,68,2025-08-14 15:43:16
11671,41,4258,55,2025-11-25 04:41:38
11672,41,641,11,2025-02-15 19:57:02
11673,13,2861,70,2025-10-11 06:26:12
11674,79,1029,56,2026-01-18 21:37:19
11675,6,2580,17,2025-06-04 21:57:44
11676,35,2105,28,2025-12-26 22:39:04
11677,1,9,35,2025-11-20 08:38:19
11678,47,4067,88,2025-04-23 13:27:51
11679,85,2153,86,2025-10-20 09:59:42
11680,4,2637,66,2025-03-30 23:27:33
11681,44,3606,9,2025-08-12 13:44:45
11682,82,4047,9,2025-08-31 18:58:50
11683,55,1327,49,2025-12-20 06:13:48
11684,90,402,26,2025-06-05 23:59:26
11685,15,565,6,2026-01-17 05:31:12
11686,30,978,19,2026-01-12 09:52:56
11687,60,3834,17,2025-07-09 15:30:09
11688,85,3876,74,2026-01-13 10:59:54
11689,4,986,47,2025-07-06 15:05:58
11690,68,4913,17,2025-08-03 14:35:20
11691,94,575,26,2025-05-04 12:04:19
11692,16,863,43,2025-07-27 06:21:13
11693,73,1909,6,2025-02-12 16:20:58
11694,14,115,67,2025-01-13 02:09:29
11695,19,4941,2,2026-01-04 21:06:55
11696,38,827,94,2025-12-17 18:22:16
11697,52,1717,75,2025-07-11 07:47:34
11698,17,10,19,2025-01-25 19:51:31
11699,16,1998,50,2025-10-14 21:54:56
11700,82,136,49,2025-06-09 04:12:27
11701,13,4380,23,2025-08-07 17:47:11
11702,2,1007,56,2025-01-31 11:09:12
11703,44,1124,96,2025-04-16 05:49:40
11704,89,2881,85,2025-07-14 02:49:21
11705,33,4249,70,2025-03-14 09:20:08
11706,6,982,14,2025-09-29 18:26:50
11707,80,1044,47,2025-03-26 00:39:42
11708,47,3657,52,2025-12-25 17:58:16
11709,99,1896,42,2025-03-18 14:59:28
11710,90,1599,49,2025-10-18 17:52:49
11711,81,2103,28,2025-08-23 12:19:21
11712,3,199,82,2025-08-16 16:34:59
11713,3,342,48,2025-08-25 07:58:54
11714,22,846,19,2026-01-12 04:06:38
11715,11,4086,75,2025-06-04 20:49:07
11716,88,130,62,2025-05-16 21:18:39
11717,31,3627,19,2026-01-22 14:19:37
11718,5,3806,99,2025-09-05 15:55:04
11719,46,2662,93,2025-03-04 16:16:52
11720,55,2378,82,2025-10-25 05:56:27
11721,56,1068,95,2025-10-27 21:00:24
11722,64,3542,11,2025-05-14 00:05:36
11723,63,1358,88,2025-07-09 21:32:26
11724,62,3452,55,2025-10-17 05:07:26
11725,92,241,37,2025-01-20 18:22:46
11726,85,88,53,2025-02-17 10:12:23
11727,31,1553,33,2025-11-26 10:24:32
11728,25,1507,30,2025-03-27 15:02:30
11729,86,1280,5,2025-12-17 08:02:51
11730,66,1902,0,2025-02-20 10:25:25
11731,89,1433,22,2025-09-16 15:18:03
11732,86,3847,82,2025-01-14 05:15:56
11733,53,287,100,2025-03-10 22:48:18
11734,53,48,9,2025-09-28 13:10:22
11735,99,2045,23,2025-12-19 06:06:02
11736,45,340,91,2025-05-28 13:36:32
11737,19,2945,30,2025-03-07 06:11:10
11738,11,2118,53,2025-08-27 06:50:18
11739,14,2803,95,2026-01-11 14:45:34
11740,16,565,19,2025-11-09 10:48:02
11741,27,2398,32,2025-07-24 02:24:07
11742,67,416,98,2025-10-31 09:22:11
11743,40,1966,11,2025-06-16 16:58:43
11744,31,2684,2,2026-01-10 10:21:11
11745,53,4012,14,2025-01-12 20:36:03
11746,94,2684,20,2025-12-22 18:42:52
11747,45,95,73,2025-11-04 14:43:13
11748,45,2469,90,2025-12-27 17:06:08
11749,22,803,86,2025-11-05 23:56:05
11750,80,4120,16,2025-08-02 21:32:41
11751,69,2695,68,2025-03-03 09:21:36
11752,74,4487,38,2025-08-14 07:01:16
11753,62,3810,60,2025-07-20 04:16:51
11754,94,2713,1,2026-01-13 00:32:30
11755,76,3594,43,2025-03-18 16:36:10
11756,20,2731,11,2025-11-13 09:59:22
11757,87,3380,20,2025-09-08 03:24:45
11758,13,4895,0,2025-06-23 19:12:36
11759,63,2552,97,2025-12-20 03:34:43
11760,85,2995,98,2025-12-10 05:29:43
11761,68,1249,58,2025-07-14 18:09:41
11762,77,1765,0,2025-08-10 21:12:09
11763,46,4699,51,2025-05-03 09:37:52
11764,100,822,82,2025-06-25 14:57:27
11765,42,4307,58,2026-01-04 21:15:15
11766,2,2608,87,2025-04-25 02:09:00
11767,29,2835,33,2025-11-17 12:02:29
11768,18,2415,76,2025-05-30 09:10:44
11769,27,3362,41,2025-10-16 00:38:58
11770,18,1808,66,2025-12-31 03:30:12
11771,9,2016,22,2026-01-06 22:01:46
11772,32,3067,65,2025-06-22 21:03:24
11773,54,3854,63,2025-05-05 07:56:45
11774,67,3552,93,2025-11-02 21:27:07
11775,2,378,75,2026-01-29 15:32:21
11776,2,404,16,2025-06-06 04:30:27
11777,19,4481,92,2025-07-12 06:18:54
11778,98,4220,3,2025-02-18 20:51:51
11779,60,342,35,2025-05-23 20:27:42
11780,27,2339,54,2025-03-22 14:24:26
11781,3,1033,51,2025-10-16 20:30:54
11782,15,2893,40,2025-04-17 16:41:28
11783,23,749,7,2025-11-19 00:00:35
11784,97,1824,82,2025-02-10 14:13:04
11785,36,13,20,2026-01-20 03:57:41
11786,71,1253,24,2025-01-14 05:50:00
11787,7,1125,60,2026-01-02 06:35:20
11788,73,3583,49,2025-03-10 00:21:04
11789,50,1733,20,2026-01-16 11:12:47
11790,93,1893,73,2025-08-22 18:16:36
11791,31,1455,2,2025-12-17 16:52:06
11792,10,1961,27,2025-06-18 18:54:30
11793,99,2173,56,2025-11-09 21:56:23
11794,32,1275,4,2025-08-21 07:49:14
11795,54,4549,35,2026-01-21 19:07:56
11796,97,2884,16,2025-10-20 11:23:56
11797,5,4057,62,2025-08-02 06:59:53
11798,27,184,0,2025-01-29 02:34:12
11799,35,1455,44,2025-03-14 06:25:46
11800,8,272,85,2025-07-26 18:21:27
11801,38,1885,75,2025-06-02 19:37:59
11802,74,2792,41,2025-07-15 06:23:05
11803,93,1502,25,2025-09-05 00:37:00
11804,24,1596,83,2025-07-06 21:30:22
11805,68,4580,73,2025-06-01 17:37:56
11806,40,4968,87,2025-06-21 03:09:13
11807,38,2082,51,2025-09-12 13:42:28
11808,84,2017,23,2025-08-19 02:05:37
11809,73,3916,30,2025-09-27 19:08:37
11810,91,1723,46,2026-01-22 06:46:37
11811,99,560,72,2026-01-11 12:48:50
11812,23,560,31,2025-12-26 11:21:09
11813,96,4234,74,2025-02-22 15:44:43
11814,60,604,42,2025-10-19 23:37:19
11815,16,4859,59,2025-04-05 01:56:21
11816,91,1964,17,2025-02-08 07:30:45
11817,63,909,4,2025-04-24 04:30:41
11818,88,1245,91,2025-05-15 01:55:48
11819,35,3152,23,2025-05-23 10:42:17
11820,61,3307,79,2025-11-19 04:41:08
11821,51,3929,3,2025-04-15 03:52:16
11822,45,3958,54,2025-01-11 11:20:33
11823,73,4761,16,2025-01-29 08:37:00
11824,65,4451,27,2025-10-14 06:35:00
11825,68,3925,66,2025-09-06 16:58:59
11826,61,2291,81,2025-09-29 00:41:07
11827,3,185,38,2025-12-04 18:35:33
11828,10,4361,66,2025-09-24 04:58:39
11829,14,3562,0,2025-12-26 04:14:36
11830,32,1020,10,2025-03-22 20:29:21
11831,33,70,94,2025-04-23 22:13:24
11832,55,289,82,2025-05-03 21:50:50
11833,58,3837,70,2025-08-05 02:35:13
11834,28,3988,6,2025-09-08 14:47:45
11835,25,4148,7,2025-08-29 10:08:32
11836,93,2098,99,2025-04-05 11:16:32
11837,23,2990,90,2025-12-07 15:04:54
11838,66,2525,52,2026-02-02 12:16:23
11839,54,4737,13,2026-01-12 21:16:30
11840,50,1464,45,2025-05-26 18:52:55
11841,25,1955,23,2025-10-20 13:49:35
11842,33,4324,75,2025-02-18 21:50:10
11843,31,4530,81,2025-04-26 11:31:40
11844,85,1899,52,2025-09-22 00:30:08
11845,87,2191,66,2025-08-28 07:28:11
11846,29,3333,58,2025-03-17 15:00:29
11847,49,3849,32,2025-06-30 01:11:44
11848,30,1873,48,2025-03-22 21:47:14
11849,77,2008,30,2025-04-08 22:05:26
11850,48,2906,97,2025-11-27 04:41:07
11851,8,3926,21,2025-01-28 15:41:03
11852,81,4447,64,2025-03-27 12:39:35
11853,97,3091,9,2026-01-26 00:32:52
11854,74,1289,38,2025-04-23 09:15:40
11855,85,455,33,2025-11-25 00:59:26
11856,44,4119,84,2025-10-04 16:50:58
11857,18,2701,13,2025-01-11 06:13:45
11858,74,3059,37,2025-03-28 15:27:52
11859,92,1569,46,2025-09-23 04:49:30
11860,93,2958,15,2025-07-11 18:20:50
11861,98,3473,54,2025-12-13 04:37:27
11862,10,3408,61,2025-11-04 08:59:16
11863,23,4057,74,2025-10-08 01:47:22
11864,7,391,46,2025-09-13 00:39:49
11865,95,2373,38,2025-11-16 07:31:11
11866,89,4391,56,2025-02-26 15:27:34
11867,78,4570,52,2025-11-17 04:11:53
11868,70,3879,66,2025-12-07 22:14:13
11869,11,642,6,2025-11-16 13:56:53
11870,66,4912,95,2025-06-13 20:09:32
11871,59,4022,92,2025-11-08 14:53:07
11872,44,4390,8,2025-01-28 19:54:46
11873,71,2458,41,2025-09-04 20:50:17
11874,56,4082,92,2025-12-27 11:26:18
11875,54,4926,27,2026-01-10 03:49:12
11876,91,717,58,2025-10-05 05:26:57
11877,10,4463,97,2025-06-24 09:05:53
11878,74,769,14,2025-07-17 23:44:54
11879,12,3766,86,2025-08-16 23:00:20
11880,78,4012,12,2025-04-27 01:18:04
11881,60,3932,52,2025-05-17 22:01:22
11882,34,4730,67,2025-08-06 03:52:35
11883,63,3682,59,2026-01-04 10:20:41
11884,28,3005,21,2025-02-15 06:12:25
11885,66,4548,62,2025-12-04 21:37:40
11886,41,2942,17,2025-10-15 23:46:29
11887,59,2721,5,2025-07-03 12:28:33
11888,59,3081,57,2025-06-05 00:13:07
11889,61,2417,41,2025-06-11 14:25:17
11890,13,4213,14,2025-09-25 19:16:16
11891,70,1173,98,2025-03-02 14:04:58
11892,75,916,4,2025-02-19 16:35:22
11893,5,2592,59,2025-10-04 11:18:48
11894,82,541,16,2026-02-05 20:07:08
11895,23,2095,21,2025-04-18 18:06:37
11896,26,1367,22,2025-04-06 13:41:21
11897,71,2985,69,2025-03-27 12:33:34
11898,70,2227,31,2025-01-13 04:14:11
11899,83,946,99,2026-01-12 18:20:44
11900,78,1976,23,2025-02-01 08:57:11
11901,100,4927,4,2025-10-06 16:22:07
11902,83,216,10,2025-10-08 07:12:34
11903,72,3538,22,2025-09-28 22:23:27
11904,93,341,67,2025-08-29 03:07:48
11905,46,177,46,2025-11-25 21:12:00
11906,63,2527,37,2025-07-22 22:37:12
11907,4,1440,0,2025-07-19 23:28:29
11908,14,2621,39,2025-02-14 13:26:47
11909,38,177,26,2025-01-21 22:53:48
11910,1,3694,99,2025-03-29 11:17:56
11911,12,4358,2,2025-01-14 11:26:55
11912,45,3663,54,2025-01-24 02:50:46
11913,82,2110,60,2025-09-11 08:21:05
11914,64,206,39,2025-09-15 07:07:05
11915,1,744,50,2025-06-24 15:03:02
11916,34,1913,58,2025-11-29 06:07:47
11917,10,165,60,2026-01-06 08:59:46
11918,69,3397,54,2025-01-25 10:05:11
11919,38,4005,91,2025-11-07 00:08:11
11920,27,1375,33,2025-08-26 15:13:53
11921,36,112,21,2025-02-10 08:52:09
11922,49,593,42,2025-06-09 17:46:10
11923,67,1438,1,2025-08-09 21:16:08
11924,38,2985,80,2025-07-01 05:53:46
11925,14,4408,87,2025-01-28 16:07:58
11926,97,1056,75,2025-12-21 11:01:30
11927,93,2292,99,2025-08-15 19:32:20
11928,84,73,7,2025-01-02 07:28:17
11929,96,142,89,2025-09-03 01:28:42
11930,46,4386,4,2025-10-14 14:34:42
11931,51,2568,91,2025-09-07 08:53:47
11932,32,1559,72,2026-01-04 09:43:18
11933,94,3615,93,2025-05-27 08:18:04
11934,19,365,30,2025-03-04 05:34:54
11935,59,4185,8,2025-10-29 03:56:15
11936,57,1116,64,2025-08-30 00:23:50
11937,60,1628,50,2025-10-03 15:02:17
11938,87,1059,72,2026-01-01 18:39:44
11939,22,2025,34,2025-06-22 19:15:24
11940,47,1641,25,2025-05-12 16:38:23
11941,57,3795,48,2025-02-01 10:22:37
11942,14,2868,43,2025-03-02 20:00:44
11943,70,2332,65,2025-08-03 19:43:36
11944,27,2413,50,2025-01-21 21:00:30
11945,52,2494,46,2025-08-24 01:31:55
11946,47,765,5,2025-02-22 23:03:30
11947,82,3178,19,2025-07-15 09:55:35
11948,59,3778,11,2025-06-26 02:40:55
11949,39,1722,65,2025-09-09 18:31:35
11950,16,4028,87,2025-02-26 15:52:15
11951,34,1032,99,2026-01-16 23:37:26
11952,42,777,40,2025-11-19 19:01:11
11953,29,515,65,2026-01-13 15:22:08
11954,6,604,30,2025-07-20 01:30:36
11955,60,3176,19,2025-12-24 09:20:32
11956,48,1374,4,2025-01-24 02:51:27
11957,5,989,40,2025-01-17 15:09:32
11958,71,2677,24,2025-02-04 22:03:28
11959,22,547,42,2025-01-04 15:21:12
11960,87,4915,12,2025-05-21 19:09:00
11961,90,2322,55,2025-09-14 03:08:39
11962,78,3295,70,2025-05-28 16:48:43
11963,81,1146,15,2026-01-18 15:32:37
11964,83,818,68,2025-02-08 10:55:48
11965,42,2611,71,2025-05-06 04:12:57
11966,9,2123,58,2026-01-30 00:32:06
11967,23,3582,20,2025-03-17 16:12:31
11968,96,1478,12,2025-09-30 08:17:49
11969,88,3808,1,2025-09-04 21:04:37
11970,20,4228,65,2026-01-05 07:58:40
11971,50,3401,70,2025-07-18 18:52:38
11972,5,2839,54,2025-10-30 03:52:10
11973,88,3787,44,2025-11-05 11:00:22
11974,51,753,84,2025-04-13 03:47:07
11975,76,4377,29,2025-06-30 20:08:03
11976,40,1342,10,2025-04-19 04:16:23
11977,55,2242,95,2025-01-29 19:31:09
11978,22,4545,28,2025-05-03 19:25:03
11979,22,4342,67,2025-05-06 21:35:36
11980,48,2609,80,2026-01-27 10:22:08
11981,43,4852,95,2025-08-19 15:33:25
11982,76,4827,44,2025-07-28 17:35:50
11983,52,3498,71,2025-08-03 14:24:41
11984,41,1903,84,2025-03-11 21:53:41
11985,49,760,45,2025-04-14 19:45:47
11986,37,4169,97,2025-06-16 16:07:37
11987,49,3280,13,2025-08-22 06:36:14
11988,21,1945,63,2025-10-27 10:49:53
11989,66,109,19,2025-12-30 21:33:42
11990,45,1413,52,2026-01-22 01:57:16
11991,55,1080,85,2025-11-29 21:22:38
11992,93,1250,18,2025-08-16 05:48:53
11993,95,3918,98,2025-08-13 14:40:58
11994,82,4673,35,2025-09-15 03:27:55
11995,18,906,70,2025-05-03 21:14:49
11996,50,4200,51,2025-02-21 23:22:35
11997,7,291,15,2025-03-05 00:55:14
11998,3,1521,0,2025-03-08 14:36:48
11999,30,3423,81,2025-01-14 11:01:37
12000,89,4442,76,2025-01-07 16:43:44
12001,99,3102,75,2025-11-12 10:11:41
12002,36,4669,83,2025-09-21 13:19:16
12003,42,3142,69,2025-05-14 08:14:00
12004,27,973,42,2025-12-04 01:16:04
12005,84,4314,98,2026-01-26 08:52:42
12006,72,4443,3,2025-09-29 03:20:08
12007,4,2149,8,2025-12-05 01:56:16
12008,98,129,54,2025-04-30 12:05:17
12009,23,3498,9,2026-01-23 13:37:54
12010,11,3801,17,2025-07-03 07:15:00
12011,13,3093,19,2025-06-05 23:25:44
12012,44,798,13,2026-02-03 09:40:29
12013,93,367,45,2025-07-21 18:00:47
12014,12,4161,67,2025-05-28 15:10:22
12015,19,4351,51,2025-09-17 13:56:18
12016,85,34,17,2025-08-27 02:11:31
12017,97,4524,29,2026-01-28 00:18:02
12018,49,3732,49,2026-02-03 10:50:18
12019,6,1884,41,2025-02-17 15:13:11
12020,79,4125,60,2025-06-11 02:38:25
12021,41,4744,67,2025-02-20 14:29:43
12022,76,50,46,2025-01-02 22:18:20
12023,70,3770,59,2025-10-15 16:46:17
12024,53,4254,11,2025-02-12 12:07:49
12025,75,3597,13,2025-02-19 03:14:54
12026,81,3603,64,2025-10-31 07:35:15
12027,4,3849,35,2025-08-18 04:57:53
12028,61,4934,26,2025-02-17 10:47:10
12029,37,2778,64,2025-05-16 01:17:12
12030,15,3827,7,2026-01-21 20:46:06
12031,66,3333,25,2025-07-01 17:34:36
12032,85,1297,34,2025-05-28 22:08:47
12033,49,2961,3,2025-01-24 06:01:36
12034,60,439,73,2025-12-19 11:42:48
12035,34,1408,31,2025-02-07 05:44:17
12036,65,51,19,2025-03-06 14:02:40
12037,1,4453,40,2025-10-10 09:26:17
12038,26,1010,34,2025-06-27 09:10:45
12039,62,2662,11,2025-06-30 12:24:45
12040,96,3949,90,2025-12-24 00:55:53
12041,50,2019,22,2025-03-17 04:26:18
12042,65,3506,6,2026-01-04 00:41:34
12043,8,948,38,2025-12-03 04:59:22
12044,37,1227,59,2025-02-22 17:46:40
12045,9,42,37,2025-12-31 14:10:07
12046,11,1413,77,2025-12-20 23:47:10
12047,41,4847,89,2025-04-28 02:56:19
12048,85,3314,38,2025-12-05 11:58:44
12049,58,3887,42,2025-04-13 19:48:26
12050,45,178,79,2025-05-13 11:31:31
12051,44,2998,53,2025-07-02 22:08:06
12052,41,3928,75,2025-12-09 05:50:29
12053,26,580,88,2026-01-12 19:42:49
12054,52,2716,20,2025-05-08 01:38:04
12055,33,1046,9,2025-11-21 17:32:44
12056,14,3968,16,2025-04-07 16:12:36
12057,99,3964,22,2025-06-19 05:52:25
12058,52,2260,67,2025-09-28 15:30:06
12059,53,126,28,2025-07-07 21:23:26
12060,7,2928,13,2025-07-21 10:41:46
12061,79,4448,37,2025-10-25 23:27:32
12062,6,699,35,2025-01-22 11:36:26
12063,31,3468,64,2025-12-22 21:13:07
12064,1,3489,84,2025-11-02 22:56:33
12065,99,1981,63,2025-03-31 14:17:17
12066,99,3164,78,2025-12-11 12:54:22
12067,72,110,54,2025-02-19 07:49:04
12068,36,674,96,2025-12-11 11:04:10
12069,33,925,0,2025-01-12 07:23:48
12070,85,1718,41,2025-01-04 06:11:06
12071,42,2198,68,2025-12-13 17:02:42
12072,83,924,26,2025-12-18 03:18:24
12073,14,1197,68,2025-09-03 12:56:25
12074,90,4025,96,2025-03-03 23:54:13
12075,55,3784,75,2025-05-25 04:35:11
12076,5,4436,89,2026-01-30 00:11:57
12077,43,3633,88,2025-08-26 23:52:27
12078,33,2690,7,2025-08-28 16:10:49
12079,72,1443,43,2026-01-18 10:30:13
12080,92,407,43,2025-09-10 23:37:54
12081,48,4517,86,2025-07-20 22:52:51
12082,30,34,53,2025-12-18 10:30:12
12083,78,2887,60,2025-07-31 12:11:47
12084,53,1970,30,2026-02-02 06:38:19
12085,79,508,54,2025-03-13 19:32:12
12086,15,2348,48,2025-05-02 01:00:18
12087,43,3859,47,2025-03-08 05:29:37
12088,12,1985,85,2025-10-27 18:43:56
12089,43,3051,86,2025-12-19 16:59:01
12090,25,2232,89,2025-10-03 22:39:01
12091,29,20,51,2025-08-23 03:53:43
12092,20,2969,8,2025-04-29 13:15:41
12093,36,1913,31,2025-05-24 09:57:45
12094,77,913,99,2025-09-12 05:05:25
12095,1,2629,25,2025-02-23 06:24:34
12096,30,3270,77,2026-02-04 01:11:07
12097,64,1210,93,2025-12-23 14:46:05
12098,33,4720,34,2025-01-21 07:20:56
12099,28,2343,10,2025-08-21 10:36:16
12100,49,4024,71,2026-01-19 20:44:31
12101,28,93,70,2025-01-11 08:25:24
12102,7,3745,67,2025-10-09 08:27:55
12103,57,4216,66,2025-08-27 20:52:41
12104,79,2363,45,2025-09-14 19:32:59
12105,2,443,4,2025-09-25 10:32:59
12106,43,2806,47,2025-03-14 05:32:38
12107,16,913,54,2026-02-04 16:03:03
12108,84,3408,61,2025-08-04 12:55:44
12109,12,808,98,2025-08-11 04:50:13
12110,40,1740,95,2025-06-02 12:02:44
12111,78,3799,42,2025-09-04 09:34:38
12112,21,4834,79,2025-06-02 18:30:37
12113,23,4668,1,2025-12-26 17:01:37
12114,88,24,53,2025-03-28 12:33:46
12115,50,2090,33,2025-05-02 16:20:15
12116,88,4235,1,2025-01-10 10:12:04
12117,17,3578,48,2025-12-05 13:35:14
12118,31,2851,84,2025-06-02 00:10:07
12119,24,2480,30,2025-01-06 03:21:52
12120,72,1738,2,2025-08-26 18:13:53
12121,32,3846,23,2026-01-29 17:07:10
12122,33,3476,32,2025-02-06 18:47:07
12123,52,1890,32,2025-05-12 20:12:00
12124,86,3725,89,2025-02-26 19:45:04
12125,82,1460,86,2025-06-02 00:21:03
12126,31,3040,47,2025-11-04 21:45:12
12127,68,4091,40,2025-12-01 05:32:19
12128,53,4408,89,2025-06-20 14:33:39
12129,76,4332,14,2025-04-07 00:00:58
12130,39,2986,25,2025-08-24 23:59:13
12131,13,2359,35,2025-09-04 11:26:16
12132,54,2611,2,2025-10-06 21:54:48
12133,19,3986,60,2025-03-24 00:58:42
12134,96,1774,87,2025-05-04 15:15:09
12135,61,356,38,2025-10-14 01:10:32
12136,23,4673,64,2025-03-15 17:54:19
12137,98,3402,43,2025-03-10 09:28:26
12138,39,4726,74,2026-01-17 09:50:47
12139,36,3858,51,2025-10-29 09:44:38
12140,8,4322,79,2026-01-19 12:07:45
12141,63,2296,32,2025-08-07 07:52:56
12142,43,2286,34,2025-01-12 19:00:00
12143,54,4973,53,2025-01-18 01:23:29
12144,46,3336,94,2025-07-02 01:40:44
12145,15,481,66,2025-10-23 04:41:00
12146,5,4960,86,2025-06-11 14:10:01
12147,6,4881,8,2025-05-22 01:26:09
12148,22,4901,61,2026-01-15 09:35:29
12149,26,3050,23,2025-02-15 22:22:24
12150,56,574,55,2025-08-02 04:33:51
12151,82,4747,19,2025-08-31 07:18:11
12152,28,4802,30,2025-05-06 11:23:00
12153,43,3390,2,2025-08-14 13:25:05
12154,1,664,77,2025-03-19 07:29:12
12155,31,4023,34,2025-07-30 09:57:44
12156,15,3758,18,2026-01-31 13:34:02
12157,94,2444,4,2025-03-05 01:53:33
12158,93,1402,89,2025-02-04 07:47:47
12159,57,1248,25,2025-09-07 17:17:55
12160,59,3957,52,2025-07-04 18:29:23
12161,23,508,79,2025-01-14 03:35:44
12162,66,3174,50,2025-06-29 21:16:34
12163,17,4062,29,2025-04-28 10:54:58
12164,23,1052,46,2025-01-31 22:20:43
12165,92,1377,3,2025-11-15 17:31:29
12166,28,238,41,2025-04-18 02:35:33
12167,74,2856,51,2025-10-09 13:03:29
12168,55,4578,65,2025-03-23 02:48:08
12169,27,4790,61,2025-11-04 14:14:58
12170,94,2666,58,2025-04-20 14:06:43
12171,8,1773,17,2025-08-19 00:06:04
12172,87,4987,69,2025-04-06 01:14:04
12173,60,75,54,2026-01-22 00:58:23
12174,20,1900,50,2025-04-10 01:57:36
12175,26,2208,44,2025-03-22 07:19:33
12176,77,3635,40,2025-07-23 20:56:03
12177,24,604,45,2025-11-13 20:04:54
12178,74,4020,79,2025-07-20 09:27:28
12179,8,117,91,2025-07-05 08:19:03
12180,47,3602,80,2025-09-30 04:26:19
12181,79,3065,60,2025-11-14 05:49:11
12182,71,4963,46,2025-07-25 09:02:10
12183,31,2598,71,2025-09-13 10:57:44
12184,100,550,93,2025-02-26 05:10:54
12185,99,2557,72,2025-03-24 03:32:37
12186,45,2597,20,2025-06-09 07:07:56
12187,67,1734,73,2025-02-01 08:23:05
12188,78,2438,78,2025-06-17 22:01:07
12189,34,1166,30,2025-02-16 16:57:40
12190,60,1595,61,2025-07-16 18:15:15
12191,43,4010,61,2025-07-05 21:30:24
12192,67,2985,23,2025-11-27 02:26:51
12193,17,1015,38,2025-09-28 02:15:39
12194,4,14,13,2025-12-25 02:43:29
12195,15,3291,63,2025-05-15 11:52:52
12196,42,4029,93,2025-05-27 03:14:32
12197,26,3962,58,2025-05-28 17:07:12
12198,88,2367,54,2026-01-03 14:33:28
12199,14,624,31,2025-12-15 05:12:50
12200,38,2857,33,2025-06-26 17:53:16
12201,14,1168,88,2026-02-05 14:31:22
12202,19,1051,92,2025-12-05 11:37:44
12203,5,374,85,2025-12-19 22:11:23
12204,67,918,28,2025-04-16 14:05:57
12205,71,94,69,2025-07-04 08:00:40
12206,17,4271,65,2025-04-26 04:45:48
12207,60,808,57,2025-12-13 06:46:24
12208,8,4631,46,2025-09-07 02:11:41
12209,83,1385,44,2025-04-18 13:14:34
12210,43,1920,71,2025-09-11 22:28:00
12211,17,4287,85,2026-01-23 16:33:18
12212,86,1116,37,2025-05-21 14:58:07
12213,16,2193,30,2025-08-30 21:47:15
12214,90,1558,64,2025-10-28 22:12:24
12215,63,2427,88,2025-07-06 15:11:15
12216,80,214,47,2025-01-23 11:49:35
12217,19,702,50,2025-07-17 05:55:13
12218,20,1474,31,2025-12-29 20:32:26
12219,63,2361,23,2025-01-11 16:34:19
12220,48,698,72,2025-11-18 09:18:25
12221,97,2604,85,2025-07-01 05:46:13
12222,46,3108,50,2025-02-17 13:12:16
12223,70,4549,60,2025-08-15 10:42:27
12224,48,2368,43,2025-08-13 19:56:17
12225,76,3552,39,2025-04-24 08:27:16
12226,88,1902,14,2025-02-15 03:40:00
12227,49,2215,47,2025-07-14 22:02:31
12228,66,3676,84,2025-07-15 14:23:57
12229,27,391,22,2025-04-21 20:57:41
12230,75,3891,24,2025-01-15 14:18:09
12231,53,1359,76,2025-12-02 22:24:58
12232,24,2520,90,2025-05-07 11:17:41
12233,24,3893,80,2025-07-17 16:26:47
12234,13,4840,8,2026-01-30 20:50:52
12235,35,4217,58,2025-08-02 12:19:38
12236,37,1479,62,2025-04-06 10:00:01
12237,15,2431,91,2026-02-04 03:11:29
12238,33,4449,47,2025-01-13 00:49:29
12239,30,1636,90,2025-01-25 01:54:47
12240,25,1793,34,2025-10-13 07:14:58
12241,48,4636,90,2025-08-03 07:18:56
12242,51,2001,4,2025-07-07 21:39:02
12243,18,2653,20,2025-04-03 23:31:02
12244,78,3310,31,2025-03-07 06:05:16
12245,65,470,37,2025-06-26 12:55:12
12246,41,2651,26,2025-12-16 23:33:09
12247,2,2853,41,2025-01-04 11:41:28
12248,15,2661,59,2026-01-18 03:22:08
12249,19,3085,73,2025-06-04 12:30:17
12250,69,2148,55,2026-01-22 01:51:49
12251,82,3287,12,2026-01-14 03:04:09
12252,91,3532,77,2025-05-30 21:55:17
12253,61,1193,87,2025-08-21 13:19:25
12254,34,3766,63,2025-07-27 16:00:38
12255,42,4825,47,2025-06-04 12:10:34
12256,13,3654,80,2025-03-08 12:17:04
12257,65,825,37,2025-04-23 02:57:05
12258,99,4860,17,2025-10-11 23:56:21
12259,20,3738,73,2025-09-18 02:43:24
12260,2,2537,83,2025-02-23 09:57:14
12261,71,2088,42,2025-07-03 06:24:29
12262,86,2400,9,2025-04-09 00:15:13
12263,51,2015,50,2025-11-16 07:43:19
12264,33,3045,92,2025-09-22 18:10:39
12265,1,2377,69,2025-10-25 23:29:53
12266,50,1373,42,2025-08-07 02:56:18
12267,16,3264,89,2025-09-17 07:03:01
12268,80,1720,75,2025-02-10 21:04:32
12269,72,2949,14,2025-12-06 15:56:57
12270,44,1422,51,2025-01-12 17:24:06
12271,39,254,79,2025-07-03 05:53:26
12272,46,784,31,2025-09-21 17:10:33
12273,9,2776,32,2025-08-29 13:41:46
12274,75,881,99,2025-12-05 15:57:20
12275,20,2220,44,2025-09-03 22:32:31
12276,61,2556,58,2025-03-12 14:52:04
12277,8,4228,98,2025-10-30 19:20:37
12278,39,2642,30,2025-04-30 08:00:48
12279,61,819,62,2025-03-06 00:21:41
12280,9,3098,71,2026-01-14 02:07:44
12281,35,4321,87,2025-10-02 01:31:11
12282,60,3054,50,2025-12-07 12:22:14
12283,8,3639,82,2025-10-10 16:53:20
12284,5,4347,10,2025-02-07 12:09:54
12285,11,4727,43,2025-09-04 09:19:17
12286,79,1025,22,2025-03-22 17:32:07
12287,54,2572,23,2025-07-28 22:10:19
12288,32,1513,1,2026-01-20 08:25:34
12289,26,43,19,2026-01-24 21:52:10
12290,27,2977,49,2025-03-05 03:52:36
12291,75,662,56,2025-09-14 08:37:32
12292,96,2674,68,2025-04-01 12:04:47
12293,16,3195,13,2025-07-20 20:13:56
12294,75,479,1,2025-08-16 09:49:48
12295,80,1996,90,2025-03-08 21:17:06
12296,81,4450,53,2025-09-05 11:16:56
12297,35,533,28,2025-07-13 19:28:48
12298,50,4538,12,2025-12-22 18:24:21
12299,73,971,36,2025-02-18 15:05:51
12300,76,77,59,2025-11-10 05:40:58
12301,58,641,51,2025-02-05 01:55:37
12302,96,4897,80,2025-06-04 14:16:40
12303,61,4600,81,2025-07-29 13:02:44
12304,51,2844,73,2025-10-19 03:11:48
12305,78,2667,54,2025-07-16 09:21:40
12306,77,2392,68,2025-03-10 09:48:07
12307,2,4861,44,2025-08-18 13:21:49
12308,35,1126,10,2025-06-21 10:09:25
12309,43,3432,66,2025-10-24 13:08:34
12310,87,4395,91,2025-06-27 05:54:37
12311,13,1944,36,2025-12-24 19:33:21
12312,89,4412,17,2025-12-24 23:30:18
12313,6,4317,79,2025-06-16 04:04:04
12314,26,2024,96,2025-11-20 23:49:48
12315,97,262,52,2025-10-18 13:40:00
12316,56,3096,46,2026-02-05 07:19:59
12317,100,2344,34,2025-10-04 00:12:43
12318,42,2518,72,2026-01-11 14:40:07
12319,30,1284,74,2026-01-19 02:32:39
12320,77,3139,89,2025-05-17 12:37:53
12321,2,764,18,2025-12-06 12:56:19
12322,54,3772,44,2025-01-23 23:26:36
12323,83,432,38,2026-01-13 06:39:32
12324,62,1923,95,2025-10-19 13:43:46
12325,44,1625,73,2025-11-08 03:13:49
12326,85,2885,14,2025-03-24 22:52:36
12327,5,2123,100,2025-01-07 03:26:53
12328,81,4309,93,2025-04-18 04:20:46
12329,13,2481,86,2025-12-31 06:51:24
12330,50,3495,19,2026-01-15 08:39:03
12331,54,3756,63,2025-10-19 02:27:23
12332,26,1538,4,2025-09-21 19:51:03
12333,24,2321,34,2025-12-03 23:43:34
12334,63,4867,1,2025-02-27 14:40:52
12335,70,4852,59,2025-07-28 04:50:30
12336,20,1617,26,2025-06-26 22:50:58
12337,34,544,14,2025-07-26 06:23:09
12338,76,4,63,2025-06-21 13:30:28
12339,70,289,40,2025-06-20 09:35:38
12340,56,2,48,2025-09-27 01:50:23
12341,78,3972,25,2025-07-31 11:37:46
12342,67,2969,75,2025-11-07 09:22:23
12343,21,1005,73,2025-05-26 14:46:51
12344,45,4316,34,2025-10-06 03:34:15
12345,53,2698,88,2025-08-21 09:33:27
12346,93,581,11,2025-01-03 06:16:57
12347,71,2232,6,2025-10-20 14:36:22
12348,22,2217,77,2025-01-20 22:01:12
12349,41,1116,3,2025-12-30 01:44:38
12350,70,2487,1,2025-08-02 18:33:36
12351,64,4126,54,2025-06-30 06:56:32
12352,56,673,22,2025-05-18 20:05:08
12353,79,1150,96,2025-07-22 13:52:31
12354,89,3006,75,2026-01-01 12:12:54
12355,51,884,49,2025-01-09 20:12:46
12356,22,3555,44,2025-03-26 16:34:48
12357,59,986,44,2025-11-24 04:25:32
12358,29,11,68,2025-09-26 13:59:29
12359,25,2387,72,2025-10-22 07:56:59
12360,87,3634,83,2025-03-21 05:46:00
12361,74,3754,4,2025-01-10 14:01:16
12362,54,433,43,2025-07-14 15:21:59
12363,46,1280,30,2025-04-24 04:51:02
12364,77,1562,77,2025-07-27 21:12:04
12365,13,3878,61,2025-09-09 12:30:00
12366,57,3509,54,2025-10-13 06:42:54
12367,39,2583,26,2026-01-19 06:48:56
12368,36,3748,99,2025-06-19 21:32:01
12369,76,4070,95,2025-02-08 07:43:49
12370,55,1190,33,2025-10-27 07:56:22
12371,99,2756,57,2025-11-26 12:20:32
12372,12,841,86,2025-05-19 04:52:14
12373,15,1871,67,2025-04-17 17:28:02
12374,87,1847,49,2025-01-13 20:34:54
12375,92,2779,51,2025-12-19 09:12:40
12376,70,1932,13,2025-08-22 04:57:41
12377,49,2763,74,2025-05-31 06:28:11
12378,24,4788,79,2025-02-15 22:28:59
12379,64,4749,34,2025-05-14 00:05:20
12380,34,2625,70,2025-12-15 04:25:55
12381,94,1260,6,2025-10-20 10:13:02
12382,27,155,31,2025-04-04 03:47:46
12383,69,2180,21,2025-03-19 15:37:25
12384,63,4280,94,2025-08-24 21:59:53
12385,66,1531,1,2025-06-13 14:29:56
12386,63,3233,69,2025-04-18 00:57:11
12387,95,3255,25,2025-04-07 02:14:11
12388,17,1174,46,2025-03-22 18:49:07
12389,76,1356,33,2025-10-22 13:49:32
12390,78,2871,45,2025-07-18 08:24:12
12391,21,2660,84,2025-01-15 16:58:00
12392,91,3723,30,2025-05-04 04:53:37
12393,13,3643,76,2025-01-17 04:33:07
12394,62,4174,76,2025-08-08 22:41:02
12395,20,4391,33,2025-06-22 12:55:35
12396,47,625,29,2025-10-08 05:35:00
12397,95,187,95,2025-02-26 07:43:04
12398,78,336,74,2025-01-03 05:11:22
12399,96,289,60,2025-12-26 18:42:14
12400,46,4067,78,2026-02-02 07:13:37
12401,97,1018,66,2025-11-06 20:10:20
12402,35,3491,99,2025-12-27 21:25:30
12403,98,597,70,2025-06-22 18:12:56
12404,37,4587,50,2025-09-15 02:24:40
12405,34,2949,70,2025-04-12 04:29:51
12406,31,4640,98,2025-11-27 07:37:06
12407,86,122,65,2025-06-17 01:32:39
12408,1,42,32,2025-04-25 13:17:50
12409,23,3915,65,2025-06-21 15:21:10
12410,76,71,11,2026-01-19 11:27:33
12411,31,3023,100,2025-08-22 19:22:56
12412,33,2120,69,2025-09-09 16:50:28
12413,31,2596,74,2025-11-08 09:55:06
12414,59,990,7,2025-08-05 08:24:21
12415,15,3130,53,2026-01-07 16:38:06
12416,12,241,88,2026-01-30 13:12:17
12417,29,3511,87,2025-10-06 16:48:52
12418,60,2762,87,2025-09-27 02:22:35
12419,27,3662,44,2025-08-30 09:15:06
12420,82,2394,12,2025-11-02 11:01:54
12421,34,818,85,2025-08-24 01:06:04
12422,36,158,22,2025-11-07 04:37:58
12423,20,1476,98,2025-05-20 10:47:18
12424,20,4961,42,2025-05-31 00:31:39
12425,17,1561,67,2025-08-21 17:30:54
12426,47,1057,18,2025-09-20 00:16:13
12427,91,1434,48,2025-04-27 05:06:55
12428,49,777,49,2025-03-08 00:29:09
12429,25,548,80,2025-08-18 16:51:43
12430,24,3422,4,2025-07-07 00:20:33
12431,77,1628,48,2025-10-21 18:10:32
12432,22,3773,72,2025-07-24 23:41:16
12433,98,3303,70,2025-09-02 22:12:44
12434,65,3628,11,2025-04-28 23:07:47
12435,79,231,58,2025-01-05 06:09:34
12436,86,4561,5,2025-01-20 20:15:35
12437,53,3482,52,2025-07-16 02:13:29
12438,6,1474,67,2025-05-16 17:14:55
12439,46,592,85,2025-05-26 09:02:42
12440,38,1537,71,2025-11-27 02:01:31
12441,12,2006,31,2025-05-15 20:33:37
12442,63,2445,56,2025-01-31 21:19:15
12443,57,1166,31,2025-08-29 17:39:13
12444,47,304,60,2025-11-13 20:13:50
12445,74,1689,13,2025-07-31 04:21:02
12446,37,2696,64,2026-01-15 06:16:57
12447,60,4899,74,2025-02-17 16:35:16
12448,90,3866,12,2025-11-08 01:16:03
12449,98,1536,45,2025-06-02 09:37:17
12450,57,902,32,2025-07-15 20:23:39
12451,46,4256,80,2025-12-22 09:27:49
12452,70,3371,98,2025-02-08 05:52:50
12453,12,422,92,2025-08-15 19:48:06
12454,100,3828,17,2026-01-01 06:58:22
12455,60,3253,53,2025-02-05 22:13:53
12456,67,860,8,2025-04-22 23:21:00
12457,37,4655,49,2025-06-25 01:09:16
12458,28,1628,49,2025-07-17 20:49:42
12459,85,4091,12,2025-09-14 05:30:09
12460,87,2669,9,2025-04-30 17:26:29
12461,38,3376,2,2025-09-01 03:18:30
12462,15,4733,90,2025-06-03 05:18:12
12463,22,1932,76,2025-05-09 23:18:21
12464,13,4140,93,2025-03-15 01:36:53
12465,31,3263,4,2026-01-01 08:04:42
12466,21,4348,1,2025-05-24 17:05:17
12467,89,499,45,2025-04-26 21:50:00
12468,96,2966,97,2025-08-22 20:20:50
12469,90,1876,72,2025-04-19 20:16:04
12470,45,1926,9,2025-02-11 20:49:28
12471,5,3982,7,2025-12-31 02:17:54
12472,76,519,4,2025-03-21 21:27:45
12473,81,2492,34,2025-02-13 19:03:43
12474,93,4091,43,2025-08-05 03:56:31
12475,16,1265,50,2025-04-24 23:58:40
12476,82,2986,56,2025-11-04 22:07:08
12477,64,1876,27,2025-06-19 18:23:55
12478,98,452,47,2025-01-29 05:25:13
12479,59,4823,65,2025-06-02 10:21:38
12480,56,1905,17,2026-01-25 23:28:15
12481,14,1364,54,2025-08-16 15:01:22
12482,91,970,54,2025-05-10 20:03:13
12483,27,3130,16,2025-10-10 22:29:50
12484,5,1859,55,2025-04-11 10:28:03
12485,64,1455,13,2025-11-11 13:20:56
12486,25,109,75,2026-01-03 15:03:21
12487,51,2048,8,2025-01-11 11:44:28
12488,79,984,77,2025-11-06 07:23:30
12489,12,4858,73,2025-05-03 04:53:47
12490,100,3730,31,2025-11-18 15:14:51
12491,89,1403,72,2025-07-30 05:16:00
12492,62,3647,5,2025-02-03 02:31:15
12493,55,3160,98,2025-11-13 05:56:25
12494,25,866,27,2025-03-13 11:31:32
12495,72,1276,62,2025-11-25 23:52:26
12496,18,2241,86,2025-05-17 20:01:36
12497,79,1508,63,2025-09-03 16:07:20
12498,76,4961,29,2025-02-11 04:23:58
12499,5,1119,20,2025-02-09 17:44:24
12500,16,4982,75,2025-01-15 04:04:22
12501,44,2450,81,2025-03-23 06:46:08
12502,74,4755,49,2025-01-04 16:56:21
12503,33,1458,54,2025-03-01 11:46:31
12504,64,4789,50,2025-05-22 05:19:16
12505,4,1978,51,2025-10-11 01:31:12
12506,89,4245,73,2025-09-12 10:50:21
12507,2,2215,46,2025-01-30 15:31:47
12508,41,1031,79,2025-10-26 02:02:04
12509,71,996,40,2025-10-05 19:06:33
12510,48,29,16,2025-05-05 16:09:47
12511,81,2068,22,2025-04-28 04:31:42
12512,88,495,81,2025-05-26 06:40:55
12513,73,1977,13,2025-10-22 01:37:32
12514,5,965,24,2025-11-24 11:22:43
12515,61,1533,81,2025-08-05 10:01:57
12516,87,3722,48,2025-01-18 15:26:38
12517,38,4566,99,2025-02-23 07:10:08
12518,37,4985,42,2025-12-14 21:57:38
12519,21,2561,96,2025-01-15 17:31:01
12520,71,4330,97,2026-01-29 05:37:02
12521,38,4999,12,2026-01-27 23:05:40
12522,2,4966,24,2025-07-25 05:39:41
12523,66,3228,5,2025-12-27 16:52:35
12524,46,2449,3,2025-02-13 14:29:33
12525,20,4504,83,2025-05-01 14:20:50
12526,69,1964,49,2025-03-09 14:26:05
12527,17,2130,2,2026-01-04 01:05:02
12528,15,1660,54,2025-11-11 12:46:34
12529,95,1537,36,2026-01-02 23:49:01
12530,40,219,26,2025-09-21 16:36:03
12531,56,23,66,2025-12-20 16:48:59
12532,59,1973,29,2025-04-03 01:11:36
12533,7,2717,35,2025-10-14 05:37:28
12534,33,1284,21,2025-04-13 09:49:56
12535,79,4004,3,2025-09-28 22:11:48
12536,100,1218,39,2025-07-22 06:39:35
12537,100,2817,100,2025-06-05 12:36:31
12538,90,1688,85,2025-07-03 11:06:46
12539,50,825,63,2025-01-23 11:10:20
12540,38,4386,18,2025-09-05 21:42:16
12541,74,1730,31,2025-04-12 23:02:54
12542,22,3405,63,2025-09-28 18:50:22
12543,18,2960,99,2025-06-28 19:26:06
12544,59,2602,8,2025-05-26 01:01:10
12545,35,864,48,2025-06-29 23:42:47
12546,84,915,55,2025-06-23 21:29:45
12547,41,2530,36,2025-02-16 02:53:58
12548,15,272,85,2025-08-24 17:08:13
12549,57,526,17,2025-08-01 10:23:42
12550,60,4517,4,2025-11-08 17:37:48
12551,1,1911,62,2025-01-03 07:05:58
12552,1,3412,13,2025-09-16 17:10:44
12553,52,3701,92,2025-10-14 14:26:52
12554,26,4798,46,2025-05-14 19:05:48
12555,96,3128,16,2025-11-10 14:25:00
12556,71,1402,37,2025-02-28 18:03:57
12557,6,4009,15,2025-04-25 12:04:45
12558,39,2614,14,2025-06-21 17:22:20
12559,39,2528,35,2025-03-16 05:39:21
12560,3,4290,67,2025-03-09 20:59:23
12561,24,4341,44,2025-12-22 06:05:22
12562,17,3744,25,2025-08-30 02:17:22
12563,49,1705,34,2025-11-12 00:11:48
12564,72,2168,32,2025-10-31 16:12:00
12565,28,468,90,2025-04-01 12:48:17
12566,13,1714,88,2025-12-16 22:27:30
12567,20,1017,90,2026-01-22 10:57:26
12568,2,1888,44,2025-04-30 00:18:30
12569,88,2663,60,2025-05-01 19:53:59
12570,17,2293,57,2025-07-28 00:40:26
12571,13,2545,50,2026-01-21 20:31:44
12572,16,212,37,2025-12-24 03:21:17
12573,52,3196,93,2026-01-05 15:15:04
12574,91,1646,13,2025-10-31 07:48:51
12575,55,369,9,2025-07-01 16:21:53
12576,96,1074,52,2025-05-02 04:24:47
12577,84,3972,89,2025-07-16 13:30:01
12578,75,4236,31,2025-02-07 06:27:56
12579,49,2951,77,2025-10-08 04:06:03
12580,82,2014,59,2025-07-07 17:00:56
12581,54,2997,85,2025-05-22 11:18:30
12582,68,1405,44,2025-01-25 19:20:45
12583,58,1530,17,2025-06-10 21:10:22
12584,53,1115,74,2025-07-27 14:41:12
12585,25,4316,74,2025-10-13 23:35:05
12586,51,1945,70,2025-02-07 23:14:37
12587,72,3220,74,2025-02-17 15:56:19
12588,69,3514,51,2025-05-14 07:14:54
12589,94,440,33,2025-12-05 07:12:17
12590,79,3938,35,2025-01-13 00:04:33
12591,22,3890,49,2026-01-05 06:00:19
12592,48,1511,96,2025-11-09 08:05:09
12593,37,943,63,2025-01-26 05:07:25
12594,89,12,52,2025-11-06 03:43:26
12595,70,3943,74,2025-07-27 00:08:42
12596,50,4629,52,2026-01-20 01:50:45
12597,48,4658,9,2025-12-24 11:17:53
12598,11,4835,85,2025-08-20 06:56:54
12599,59,3359,82,2025-11-08 08:43:22
12600,61,341,91,2025-08-09 23:48:29
12601,35,1306,20,2025-12-06 01:40:06
12602,32,2495,54,2025-11-13 16:29:29
12603,43,1812,78,2025-05-25 09:39:10
12604,24,913,27,2026-01-27 15:10:59
12605,78,4530,64,2025-01-10 10:30:46
12606,23,4487,1,2025-02-24 10:19:53
12607,10,4021,12,2025-03-01 12:13:13
12608,81,512,57,2025-05-08 12:35:07
12609,28,2942,28,2025-10-29 01:16:05
12610,31,2383,34,2025-01-18 13:31:26
12611,89,3356,12,2025-08-29 21:46:43
12612,71,1577,25,2025-11-02 11:44:09
12613,76,3393,91,2025-03-02 14:52:47
12614,97,2930,63,2025-03-19 20:43:57
12615,33,1276,89,2025-07-11 16:24:59
12616,100,385,72,2025-04-14 03:56:47
12617,45,2059,43,2025-12-28 08:03:11
12618,62,1602,77,2025-04-24 06:44:03
12619,34,81,47,2025-10-27 12:18:29
12620,3,1810,77,2025-01-24 19:36:12
12621,53,3931,99,2025-11-07 03:28:21
12622,36,4562,34,2025-04-09 04:32:16
12623,38,3704,42,2025-08-29 03:14:25
12624,17,3972,65,2025-06-12 03:48:03
12625,21,4456,53,2025-05-22 23:08:32
12626,14,3638,25,2025-09-22 03:52:20
12627,87,580,89,2025-04-22 05:40:12
12628,50,386,100,2025-04-10 10:36:43
12629,88,3570,91,2026-01-13 08:16:13
12630,2,2101,35,2025-12-19 17:35:46
12631,19,3316,48,2025-11-18 19:22:58
12632,41,4499,5,2025-02-27 20:30:04
12633,29,930,62,2025-09-02 15:49:17
12634,89,4889,63,2025-01-03 07:47:31
12635,37,2127,61,2026-01-08 15:42:00
12636,69,4681,36,2025-01-07 03:17:29
12637,69,684,65,2025-03-18 22:14:47
12638,96,3541,71,2025-09-28 01:19:06
12639,82,3455,96,2025-09-22 00:47:26
12640,21,2302,19,2026-01-22 13:17:19
12641,12,3903,76,2026-01-18 00:11:31
12642,65,3283,49,2025-06-01 23:02:59
12643,59,2168,52,2025-01-31 23:55:18
12644,77,3778,74,2025-06-23 23:58:31
12645,87,3858,74,2025-07-27 19:21:23
12646,19,3045,43,2025-07-16 08:43:15
12647,10,2057,77,2025-07-20 19:05:46
12648,24,4330,53,2026-01-28 13:15:02
12649,65,85,8,2025-01-12 14:21:23
12650,82,2034,40,2025-03-16 00:47:04
12651,46,1643,41,2025-11-03 04:03:18
12652,58,4621,7,2025-12-21 21:38:12
12653,26,1601,39,2025-08-16 17:50:14
12654,90,4849,40,2025-11-30 15:18:50
12655,20,4670,20,2025-09-02 08:49:45
12656,20,2813,57,2025-05-24 18:02:45
12657,44,4670,99,2025-01-09 04:10:07
12658,84,1610,76,2025-01-28 03:25:32
12659,91,390,65,2025-04-29 20:47:49
12660,65,625,65,2025-02-20 19:19:24
12661,65,1744,85,2025-05-17 13:22:32
12662,70,2734,36,2026-01-13 14:10:12
12663,38,2936,80,2025-04-08 20:57:04
12664,11,2745,26,2025-04-30 00:39:37
12665,70,2792,51,2025-12-28 06:15:47
12666,54,4233,95,2025-02-18 05:59:44
12667,24,4543,93,2025-01-27 06:10:02
12668,59,4175,88,2025-11-08 06:32:09
12669,75,2340,31,2026-01-12 21:59:57
12670,18,3304,100,2025-08-13 23:06:36
12671,7,1063,71,2025-05-19 14:30:38
12672,81,3103,87,2025-01-13 06:52:45
12673,20,4187,95,2025-07-25 17:16:24
12674,51,3205,24,2025-05-31 21:46:40
12675,1,1707,76,2025-05-29 22:44:53
12676,4,3017,53,2025-05-06 12:26:22
12677,26,1861,31,2025-10-22 20:44:55
12678,57,3501,84,2025-03-19 16:34:39
12679,66,4572,90,2025-09-18 11:06:24
12680,98,4500,29,2025-12-27 16:08:11
12681,4,3140,68,2025-07-29 11:16:05
12682,64,1702,24,2025-09-02 23:33:24
12683,80,4910,0,2025-12-07 06:15:27
12684,57,2179,84,2026-01-20 22:54:02
12685,28,4683,26,2025-06-27 19:50:59
12686,36,4771,65,2025-10-18 07:03:05
12687,57,4579,26,2025-09-12 04:01:45
12688,29,2623,97,2025-10-14 02:00:19
12689,30,3839,10,2025-05-28 20:10:03
12690,97,63,46,2025-01-13 13:57:27
12691,42,3015,62,2025-03-12 06:09:33
12692,39,4764,31,2025-02-05 15:55:29
12693,61,1611,97,2026-01-25 21:09:41
12694,11,4795,82,2025-05-15 13:46:16
12695,18,923,32,2025-01-11 05:41:53
12696,86,2172,57,2025-11-09 17:42:11
12697,57,191,4,2025-05-23 19:12:15
12698,60,4495,57,2025-10-08 21:47:30
12699,79,4512,97,2025-11-05 09:16:22
12700,29,2412,68,2025-12-22 09:01:38
12701,2,2234,91,2025-02-19 12:03:12
12702,100,2592,44,2025-05-30 06:27:08
12703,13,4308,18,2025-04-20 19:57:34
12704,74,4725,41,2025-05-29 22:37:38
12705,82,856,91,2025-12-16 07:07:54
12706,32,2688,10,2025-12-01 16:36:09
12707,32,640,9,2025-11-11 06:45:30
12708,19,1866,2,2025-09-03 09:30:51
12709,4,4589,81,2025-07-22 03:04:58
12710,83,4836,24,2025-03-01 02:20:17
12711,47,38,37,2025-12-19 11:20:29
12712,84,4941,77,2025-02-22 22:02:22
12713,72,2819,47,2026-01-27 21:19:47
12714,55,2192,57,2025-07-23 05:28:39
12715,77,4669,82,2026-01-13 04:31:00
12716,54,2404,20,2026-01-11 21:02:07
12717,54,3656,72,2025-06-14 07:37:49
12718,70,4022,96,2025-07-04 10:08:14
12719,63,3863,26,2025-06-26 04:21:04
12720,13,3625,21,2025-10-14 07:50:32
12721,6,1962,29,2025-07-01 18:22:48
12722,7,642,72,2025-01-15 11:45:40
12723,74,914,5,2025-12-25 21:18:43
12724,83,2639,47,2025-05-28 10:36:33
12725,54,2878,80,2025-06-02 02:35:04
12726,42,2901,26,2025-03-13 21:35:04
12727,52,475,9,2025-12-10 23:19:12
12728,27,3583,0,2025-01-04 21:31:58
12729,14,4731,75,2025-09-24 07:28:35
12730,9,1347,8,2025-05-29 01:56:23
12731,73,349,1,2025-09-03 18:07:17
12732,10,648,6,2025-02-11 16:44:25
12733,41,4896,67,2025-07-15 06:24:10
12734,30,922,40,2026-02-01 19:31:02
12735,7,3509,8,2025-01-22 12:42:21
12736,72,2263,30,2025-08-30 00:03:15
12737,84,244,39,2025-06-20 19:33:15
12738,79,4537,61,2025-09-08 01:19:46
12739,39,770,20,2025-05-26 23:27:51
12740,92,617,32,2025-11-16 22:57:34
12741,23,3652,10,2025-01-16 07:22:59
12742,78,281,79,2025-02-14 09:58:30
12743,58,565,44,2025-10-02 04:26:04
12744,79,2918,39,2025-01-24 21:53:33
12745,98,2203,66,2025-11-24 00:11:46
12746,37,3363,62,2025-08-29 13:41:29
12747,78,4936,54,2026-01-17 10:33:59
12748,90,540,85,2025-12-19 18:04:29
12749,45,1157,34,2025-02-17 12:59:51
12750,35,3522,84,2026-01-22 20:23:03
12751,98,1658,3,2025-09-07 22:21:32
12752,20,1344,74,2025-10-21 01:38:52
12753,25,2380,19,2025-09-19 17:07:25
12754,40,3711,14,2025-03-06 17:23:53
12755,85,430,97,2025-12-02 02:05:36
12756,6,2705,23,2025-11-19 05:38:57
12757,97,3132,43,2025-04-09 13:35:39
12758,24,2291,21,2025-08-10 02:00:40
12759,32,2507,7,2026-01-17 18:53:59
12760,21,3609,87,2026-01-12 09:26:58
12761,20,1514,48,2025-05-31 08:50:34
12762,74,4788,38,2025-01-16 17:58:00
12763,19,3728,14,2025-08-22 04:59:53
12764,70,2129,5,2025-07-18 12:15:11
12765,83,4700,78,2025-08-19 07:51:14
12766,13,348,9,2025-11-28 16:41:01
12767,6,493,19,2025-04-21 05:34:57
12768,60,2534,67,2025-04-18 21:44:28
12769,9,4557,54,2025-12-22 05:19:41
12770,18,1093,73,2025-12-27 06:25:58
12771,82,4141,80,2025-09-12 12:28:22
12772,7,4334,48,2025-03-18 11:21:06
12773,56,3598,60,2026-01-16 22:11:21
12774,32,1720,25,2025-10-25 04:58:46
12775,79,769,8,2025-08-19 07:57:20
12776,83,236,10,2026-01-10 12:49:37
12777,97,724,99,2025-03-23 19:40:48
12778,16,2270,87,2025-03-09 15:23:11
12779,27,2669,40,2025-12-01 22:47:40
12780,74,2598,89,2026-01-26 06:32:25
12781,42,1470,19,2026-01-14 00:43:29
12782,34,3157,33,2025-12-22 16:25:31
12783,46,4611,54,2025-05-15 05:37:35
12784,74,1899,16,2025-08-07 02:13:26
12785,39,924,12,2025-10-26 12:25:56
12786,49,1635,40,2025-12-05 16:58:16
12787,68,628,5,2025-12-21 15:38:20
12788,56,4320,78,2025-10-16 13:14:59
12789,21,2053,41,2025-06-03 06:32:29
12790,33,3305,18,2025-10-28 12:05:03
12791,16,118,54,2025-10-30 12:11:22
12792,25,3522,70,2025-07-30 20:08:00
12793,62,878,88,2025-06-27 17:50:21
12794,89,2423,1,2025-03-29 22:23:01
12795,20,4005,9,2025-10-05 21:09:20
12796,90,479,7,2025-10-12 15:04:26
12797,29,2105,82,2025-02-17 18:14:17
12798,73,2704,65,2025-05-06 21:39:33
12799,75,1917,12,2025-09-13 23:11:09
12800,32,2718,89,2025-08-27 09:45:42
12801,64,1497,82,2025-07-17 13:18:33
12802,23,553,24,2025-06-05 23:39:08
12803,19,2116,49,2025-01-01 02:23:22
12804,29,3857,100,2025-07-31 00:21:04
12805,13,4532,73,2025-11-30 12:03:41
12806,91,2181,21,2025-04-25 17:09:20
12807,49,4095,87,2025-09-16 01:40:04
12808,68,1968,67,2025-01-06 14:51:04
12809,51,4159,96,2025-12-19 18:14:20
12810,10,3788,65,2025-07-10 08:16:46
12811,89,938,23,2025-11-27 04:41:09
12812,75,2698,16,2026-02-02 19:11:25
12813,68,3968,41,2025-09-03 10:50:57
12814,23,1787,62,2025-06-08 17:01:36
12815,27,4751,42,2025-12-19 12:35:21
12816,89,540,87,2025-09-25 23:37:56
12817,17,196,58,2025-04-19 17:32:25
12818,22,2708,6,2025-09-05 19:24:04
12819,71,2119,4,2025-02-02 11:58:05
12820,75,128,56,2025-02-18 22:55:28
12821,74,3291,70,2025-11-07 00:21:30
12822,28,1295,100,2025-05-12 14:50:35
12823,74,1071,78,2025-12-10 00:00:11
12824,41,1441,65,2025-02-26 07:12:00
12825,98,1845,92,2025-10-28 14:26:07
12826,54,1954,2,2026-01-25 19:31:47
12827,91,1932,77,2025-03-06 03:16:08
12828,95,4049,80,2025-11-28 20:04:23
12829,65,3915,47,2026-01-17 17:31:18
12830,100,1320,36,2025-03-22 03:44:58
12831,74,868,60,2025-05-01 14:36:13
12832,64,4898,4,2025-11-22 21:30:18
12833,93,4172,3,2025-09-16 03:31:45
12834,48,2195,2,2025-05-25 14:15:22
12835,81,2305,83,2025-08-18 11:42:32
12836,96,626,75,2025-10-27 01:24:54
12837,71,4225,42,2025-08-21 07:26:25
12838,43,2653,40,2025-10-16 06:16:32
12839,43,3230,44,2025-03-11 03:28:28
12840,41,3327,30,2025-06-14 19:22:47
12841,9,4360,39,2025-10-16 13:56:46
12842,43,4501,36,2025-09-11 17:03:17
12843,78,3639,41,2025-01-26 12:29:24
12844,10,3835,10,2026-01-24 21:39:28
12845,30,4939,70,2025-07-01 06:15:05
12846,9,2379,34,2025-01-29 19:27:06
12847,74,1162,66,2025-03-12 02:49:13
12848,6,3895,86,2025-03-16 13:56:59
12849,80,240,89,2025-08-28 13:42:31
12850,31,2801,93,2025-11-21 08:26:10
12851,1,3972,10,2025-02-01 03:19:00
12852,33,62,46,2025-03-29 20:20:09
12853,59,1156,26,2025-04-27 06:14:19
12854,51,1376,17,2025-03-18 18:52:42
12855,7,4935,74,2025-02-10 01:49:27
12856,94,115,87,2025-07-26 10:35:50
12857,52,1458,42,2025-02-11 07:45:55
12858,4,2357,54,2025-02-28 20:39:46
12859,47,4199,96,2025-01-10 11:04:19
12860,91,700,13,2025-12-11 12:50:02
12861,87,548,17,2025-05-11 07:45:18
12862,24,2240,2,2025-09-03 07:27:40
12863,76,1683,21,2025-04-26 02:36:52
12864,80,4745,37,2026-02-05 15:58:03
12865,41,2330,62,2025-10-20 20:54:19
12866,93,4403,63,2025-05-26 17:54:38
12867,27,1090,11,2026-01-25 22:14:14
12868,38,3498,10,2025-07-11 08:46:16
12869,99,4332,0,2025-06-30 07:43:55
12870,29,3768,73,2025-10-07 08:57:10
12871,50,509,56,2025-09-23 20:53:29
12872,52,2073,31,2025-11-04 14:02:41
12873,41,1352,86,2025-06-12 14:34:06
12874,45,4751,62,2025-05-14 05:54:24
12875,33,2766,3,2025-05-01 09:15:47
12876,58,4869,47,2026-01-26 23:48:36
12877,52,152,91,2025-06-02 07:00:00
12878,17,3900,9,2025-03-19 21:43:57
12879,64,4297,53,2025-11-13 18:09:00
12880,87,3833,6,2026-01-26 09:40:01
12881,25,1965,43,2025-04-21 20:37:42
12882,63,2843,55,2025-03-16 14:23:51
12883,62,1584,10,2026-01-24 01:28:47
12884,23,714,72,2025-06-21 03:30:28
12885,48,2786,74,2025-04-11 15:37:56
12886,63,3314,67,2025-06-04 22:25:41
12887,75,173,15,2025-10-13 22:14:00
12888,63,937,33,2026-01-31 03:21:37
12889,68,4825,13,2025-03-25 01:04:34
12890,90,4088,50,2025-10-09 22:03:42
12891,64,4072,64,2025-08-06 06:13:50
12892,9,2068,51,2025-04-16 15:13:03
12893,44,2892,64,2025-11-14 11:29:01
12894,34,401,41,2026-01-29 17:04:49
12895,73,1796,16,2025-11-22 00:22:05
12896,91,1447,61,2026-01-08 04:51:14
12897,39,3,97,2025-02-01 03:27:25
12898,71,1203,49,2025-07-24 13:21:46
12899,74,3312,13,2025-06-02 13:52:42
12900,3,3902,90,2025-01-26 07:21:54
12901,85,1365,59,2025-12-03 15:36:24
12902,2,4680,88,2026-01-27 05:29:30
12903,17,4561,71,2025-07-12 17:44:38
12904,56,4865,6,2025-07-26 18:05:13
12905,29,3788,95,2025-11-21 11:42:52
12906,83,4976,63,2025-08-15 07:36:41
12907,49,4207,79,2025-02-13 04:18:26
12908,30,329,26,2025-05-17 23:16:02
12909,63,2694,6,2025-08-28 17:21:47
12910,18,610,12,2025-06-25 23:48:35
12911,70,2849,3,2025-05-01 09:17:37
12912,88,1025,78,2025-05-03 15:54:17
12913,58,1889,43,2025-01-27 03:24:53
12914,87,2243,35,2025-12-28 16:06:31
12915,81,2113,52,2025-02-11 08:44:30
12916,57,2435,6,2025-05-13 23:58:39
12917,92,2138,20,2025-03-23 17:29:13
12918,72,3279,47,2025-04-26 22:55:41
12919,95,4879,37,2025-01-05 20:36:45
12920,76,3914,41,2025-10-08 10:14:40
12921,83,4515,79,2025-05-09 18:17:20
12922,16,3230,22,2025-10-10 17:17:49
12923,30,2352,96,2025-02-15 01:05:24
12924,78,1237,59,2025-05-13 10:27:01
12925,2,4472,90,2025-05-21 14:22:31
12926,51,2372,19,2025-07-28 19:00:05
12927,60,13,95,2026-01-12 02:35:15
12928,11,521,84,2025-05-07 18:45:14
12929,36,1109,45,2026-01-04 01:37:31
12930,59,2933,75,2025-11-20 19:21:55
12931,82,742,66,2025-10-03 10:25:40
12932,16,2911,95,2025-02-27 16:14:11
12933,89,3104,72,2025-11-22 13:50:00
12934,94,4481,59,2025-05-12 18:39:24
12935,54,4630,74,2025-05-14 10:09:42
12936,17,764,86,2025-07-17 04:51:38
12937,24,1075,70,2025-01-02 18:03:54
12938,10,370,50,2025-10-09 07:18:09
12939,90,1482,91,2026-01-09 09:54:38
12940,84,3271,66,2025-06-01 11:14:09
12941,51,1579,33,2025-03-25 07:00:17
12942,17,442,27,2025-07-21 02:58:53
12943,48,1891,89,2025-08-21 05:36:10
12944,58,1160,35,2025-09-20 12:43:14
12945,71,2794,37,2025-04-15 13:42:24
12946,19,2236,57,2025-01-10 10:47:03
12947,62,2808,60,2025-12-14 17:41:51
12948,85,214,40,2025-05-15 21:06:44
12949,96,383,57,2025-04-01 21:23:50
12950,78,675,45,2025-09-05 22:42:51
12951,20,2858,97,2025-11-30 00:28:12
12952,22,1381,79,2025-07-31 01:49:37
12953,27,1379,24,2025-05-24 21:23:34
12954,80,1870,78,2025-01-05 00:28:29
12955,57,3007,28,2025-10-23 21:55:58
12956,81,2139,34,2025-02-14 02:42:42
12957,59,2069,84,2025-04-19 07:01:21
12958,38,1151,57,2025-11-26 19:59:30
12959,36,2473,57,2025-02-18 19:19:42
12960,95,571,36,2025-01-09 02:36:01
12961,55,838,65,2025-07-16 03:53:49
12962,32,531,76,2025-07-21 03:20:58
12963,35,3841,13,2025-01-15 13:23:47
12964,54,1779,43,2025-12-21 00:31:32
12965,15,1130,44,2026-01-21 22:09:10
12966,13,1854,51,2025-10-08 06:23:41
12967,74,345,17,2025-11-10 09:38:34
12968,38,2169,33,2026-01-10 00:06:59
12969,36,1290,43,2025-03-04 09:41:49
12970,70,323,65,2025-09-09 18:16:20
12971,61,446,28,2025-08-16 06:01:37
12972,19,4286,22,2026-01-13 09:44:10
12973,45,759,29,2025-07-24 09:03:08
12974,100,2329,18,2025-12-04 17:27:53
12975,42,893,13,2025-10-08 21:47:02
12976,75,4214,17,2025-06-29 08:09:11
12977,27,806,82,2025-12-01 11:58:32
12978,98,393,51,2025-03-27 04:41:55
12979,100,4275,40,2025-04-12 06:14:17
12980,93,3357,87,2025-10-29 11:52:40
12981,5,3990,65,2025-09-28 08:23:19
12982,93,4395,1,2025-04-21 20:45:07
12983,67,816,49,2025-01-26 19:16:27
12984,94,2865,29,2025-11-11 11:29:48
12985,3,3353,17,2025-06-03 05:17:43
12986,100,3056,98,2025-06-11 07:33:35
12987,67,474,64,2025-12-23 15:22:15
12988,56,660,87,2026-01-27 14:56:20
12989,79,3651,67,2025-09-07 21:10:04
12990,6,3916,85,2025-07-26 08:17:33
12991,74,3119,27,2025-10-21 03:36:27
12992,86,4006,99,2025-05-26 19:20:21
12993,21,2471,6,2025-03-10 07:57:25
12994,33,4792,55,2025-04-17 16:28:06
12995,40,1154,47,2025-02-08 12:59:53
12996,30,2982,33,2025-09-18 13:41:02
12997,23,25,2,2025-11-24 05:13:24
12998,52,3663,37,2025-01-16 20:16:12
12999,9,2937,97,2025-01-17 10:44:55
13000,78,4178,36,2026-02-05 16:42:24
13001,78,3109,50,2025-05-17 14:02:24
13002,70,4008,3,2025-01-12 10:21:49
13003,99,4213,79,2026-01-30 02:12:58
13004,22,885,10,2025-06-06 13:58:47
13005,43,4220,42,2025-10-21 11:47:10
13006,49,4056,36,2026-01-02 03:45:52
13007,58,1095,99,2025-02-01 07:35:14
13008,61,1990,40,2025-08-02 12:10:58
13009,50,35,17,2025-01-13 03:15:54
13010,29,3427,7,2025-12-23 07:58:28
13011,3,4732,26,2025-09-20 22:15:54
13012,25,4467,67,2025-05-06 20:06:34
13013,96,4417,96,2025-12-10 21:15:20
13014,20,1355,37,2025-04-24 19:50:55
13015,16,4795,67,2025-06-23 15:42:37
13016,46,2738,46,2025-03-02 07:30:21
13017,86,3910,75,2025-08-22 03:48:01
13018,41,2801,31,2025-05-26 00:10:51
13019,35,1834,15,2026-01-03 15:33:25
13020,18,3488,35,2025-10-31 13:37:50
13021,74,276,13,2025-05-26 09:32:20
13022,55,997,2,2025-03-09 17:59:36
13023,64,258,29,2025-10-28 06:27:19
13024,42,4612,25,2025-08-07 08:01:04
13025,27,3524,7,2025-05-31 06:51:20
13026,51,3124,21,2025-09-14 03:13:21
13027,46,1801,78,2025-04-02 01:23:46
13028,37,2743,60,2025-07-30 23:59:21
13029,61,549,79,2025-03-01 01:34:11
13030,26,2381,26,2025-04-15 08:05:24
13031,59,2257,86,2025-12-26 16:03:02
13032,2,4921,52,2025-02-12 08:07:52
13033,1,3638,78,2025-02-15 07:41:08
13034,34,3566,83,2025-08-04 21:12:24
13035,99,2595,36,2025-06-17 18:06:57
13036,32,1306,91,2025-11-13 11:06:10
13037,51,727,90,2025-07-02 02:45:09
13038,4,842,53,2025-10-29 10:10:59
13039,48,1219,61,2025-12-01 05:31:16
13040,99,2348,67,2025-07-27 18:23:37
13041,34,2490,77,2025-04-17 18:57:00
13042,46,3475,55,2025-09-27 15:09:28
13043,51,1522,1,2025-06-03 12:46:30
13044,61,106,30,2025-02-25 07:11:39
13045,7,3509,61,2025-09-12 11:47:16
13046,86,3275,69,2025-09-03 09:30:58
13047,57,1367,1,2025-05-09 23:53:04
13048,50,1094,40,2025-01-12 00:13:24
13049,95,4393,93,2025-12-04 12:06:18
13050,43,3287,33,2025-05-08 22:12:25
13051,36,2259,57,2025-06-14 05:35:34
13052,85,567,2,2025-09-22 09:34:09
13053,18,2148,54,2025-06-22 02:22:06
13054,28,3290,90,2025-02-03 08:11:37
13055,62,1889,30,2025-12-14 06:57:21
13056,12,3482,67,2025-10-04 12:49:46
13057,64,951,20,2026-01-01 13:45:01
13058,39,4376,44,2025-11-29 17:36:43
13059,98,4462,80,2025-12-25 21:23:15
13060,32,2404,86,2025-04-08 07:39:10
13061,58,4349,33,2025-07-08 05:08:00
13062,95,4271,92,2025-07-09 08:09:00
13063,82,85,53,2025-03-02 17:57:21
13064,68,1179,79,2025-04-27 11:48:49
13065,36,4040,82,2025-09-09 15:15:33
13066,30,4599,8,2025-05-11 14:49:41
13067,68,1422,74,2025-08-15 03:44:04
13068,83,4828,16,2025-05-30 05:54:45
13069,85,429,77,2025-11-23 08:02:11
13070,56,2536,84,2025-06-27 22:04:09
13071,35,2047,59,2025-10-23 09:16:19
13072,21,4675,79,2025-08-03 22:17:54
13073,42,2289,17,2025-11-17 00:03:52
13074,56,3367,5,2025-11-05 09:48:06
13075,65,3572,98,2025-08-11 17:50:08
13076,5,1933,10,2025-01-11 08:56:17
13077,32,911,47,2025-04-18 22:42:26
13078,19,925,76,2025-06-19 15:05:07
13079,2,3945,12,2025-02-02 07:45:04
13080,94,767,67,2025-12-07 14:44:37
13081,7,3255,71,2025-09-07 12:58:06
13082,16,3207,58,2025-11-16 15:56:51
13083,51,3298,92,2026-01-09 21:01:44
13084,76,1286,5,2025-08-02 19:15:03
13085,89,3205,30,2026-02-03 13:23:49
13086,88,2655,99,2025-07-23 00:15:27
13087,8,535,90,2025-11-27 12:35:16
13088,34,1159,99,2025-01-04 14:46:44
13089,23,4363,99,2025-05-21 21:01:45
13090,94,4652,67,2025-11-07 16:52:05
13091,83,758,65,2025-10-02 05:24:13
13092,16,3541,31,2025-11-17 19:32:22
13093,58,3756,31,2025-01-18 02:04:28
13094,80,4535,20,2026-01-10 17:31:25
13095,85,1728,27,2025-09-19 17:11:27
13096,45,2151,82,2025-02-14 19:25:07
13097,44,668,55,2025-11-08 16:22:33
13098,40,4010,68,2025-06-16 18:31:35
13099,11,2061,44,2025-08-09 10:26:05
13100,22,4511,81,2025-08-24 14:46:35
13101,78,366,35,2025-08-05 00:03:54
13102,16,3197,39,2025-06-23 18:00:28
13103,98,3566,22,2025-04-30 17:13:54
13104,81,1116,61,2025-03-06 05:26:24
13105,77,2230,70,2025-04-07 15:05:33
13106,25,206,7,2025-11-04 14:39:35
13107,32,2495,38,2025-10-26 15:25:15
13108,54,3227,85,2026-01-25 18:41:39
13109,84,1836,56,2025-04-20 11:31:37
13110,81,446,70,2025-07-06 07:41:12
13111,27,2752,90,2025-02-13 22:55:20
13112,99,14,94,2025-01-08 06:46:46
13113,71,4378,52,2026-01-30 14:59:53
13114,5,1912,89,2025-02-07 15:55:31
13115,44,4896,60,2025-10-05 23:58:30
13116,19,1178,87,2025-08-30 17:16:53
13117,73,171,95,2025-12-03 20:28:00
13118,74,2195,89,2025-07-26 12:18:27
13119,30,3435,70,2025-07-14 07:01:49
13120,60,1077,84,2025-06-22 07:19:47
13121,12,595,85,2025-01-01 19:46:46
13122,33,4165,20,2026-01-01 18:12:23
13123,54,4296,68,2025-10-19 16:38:41
13124,75,3608,95,2025-07-19 23:49:55
13125,78,3496,8,2025-12-04 08:01:28
13126,7,3860,61,2025-03-05 05:12:13
13127,28,4271,18,2025-07-24 04:02:15
13128,43,1009,11,2026-01-16 11:27:50
13129,32,1140,7,2025-06-03 00:11:04
13130,89,559,51,2025-11-28 16:09:53
13131,3,2720,13,2025-06-03 16:53:47
13132,57,4535,2,2025-12-19 00:25:11
13133,34,3511,1,2026-01-13 06:13:28
13134,33,2309,6,2025-01-12 21:18:05
13135,11,2279,48,2025-10-30 00:19:13
13136,59,972,29,2025-01-14 14:50:32
13137,30,3855,52,2025-09-13 19:03:36
13138,76,200,2,2025-09-25 22:29:02
13139,29,2148,54,2025-09-03 06:24:14
13140,27,1407,43,2025-03-30 10:46:39
13141,86,2017,82,2025-02-14 05:52:33
13142,16,4919,51,2025-04-27 10:14:55
13143,97,4782,2,2025-01-13 03:50:47
13144,78,2640,32,2025-04-01 23:51:33
13145,32,2295,18,2025-07-11 02:42:43
13146,3,2907,34,2025-04-07 08:28:31
13147,23,853,56,2025-04-04 18:39:31
13148,87,4998,80,2025-01-13 09:31:31
13149,61,2518,88,2025-09-01 08:03:19
13150,19,2662,3,2025-12-20 08:28:07
13151,92,2895,36,2025-04-27 11:48:58
13152,20,4446,63,2025-08-10 18:43:16
13153,34,1293,92,2025-03-02 02:39:31
13154,38,3365,88,2025-05-25 02:35:11
13155,92,1913,12,2025-01-15 11:45:19
13156,27,1312,98,2025-05-16 22:17:47
13157,53,1616,96,2025-09-17 17:11:49
13158,2,2009,34,2025-01-17 00:42:25
13159,28,4796,72,2025-07-14 21:48:58
13160,55,3118,42,2025-04-11 12:13:42
13161,83,4050,69,2026-01-03 08:35:33
13162,66,2184,30,2026-01-24 15:02:32
13163,80,1854,29,2025-05-16 19:14:11
13164,53,256,51,2025-10-08 04:39:31
13165,51,2596,57,2025-04-12 20:31:55
13166,21,4258,16,2025-01-20 18:01:02
13167,90,2477,37,2025-12-12 11:34:37
13168,34,4293,84,2025-01-08 19:14:42
13169,62,10,18,2025-08-14 09:24:53
13170,12,4703,78,2025-11-12 14:13:55
13171,47,3313,31,2026-01-17 21:02:34
13172,39,92,96,2025-03-30 07:23:46
13173,38,1623,84,2025-12-29 07:47:48
13174,92,812,48,2025-01-04 02:45:18
13175,39,2462,48,2025-05-22 06:52:38
13176,3,30,69,2025-04-10 09:48:42
13177,69,4476,2,2025-12-01 18:53:23
13178,22,253,94,2025-04-30 21:17:05
13179,78,1031,44,2025-07-12 02:50:54
13180,37,775,19,2025-04-29 13:25:31
13181,2,4048,90,2026-02-02 09:32:10
13182,67,3410,70,2025-02-16 15:45:02
13183,1,2235,46,2025-09-30 10:05:17
13184,27,3047,67,2025-06-14 17:51:15
13185,13,4599,84,2025-04-20 17:46:22
13186,48,2835,75,2025-12-20 23:38:03
13187,57,2263,67,2025-11-06 13:45:01
13188,83,4557,11,2025-10-04 02:06:47
13189,30,4519,77,2025-02-14 13:21:33
13190,28,3280,95,2025-10-12 08:51:35
13191,37,3008,79,2026-02-01 07:50:18
13192,21,1504,59,2026-02-04 13:15:49
13193,28,3938,74,2025-05-30 05:06:05
13194,15,2200,71,2025-05-30 12:07:40
13195,2,2949,44,2025-09-25 12:38:25
13196,22,969,30,2025-07-26 02:05:56
13197,11,1343,50,2025-10-27 16:50:41
13198,26,3114,89,2025-09-27 23:44:00
13199,92,2661,83,2025-03-03 05:49:48
13200,96,3928,99,2026-01-06 11:33:43
13201,60,3791,48,2025-06-06 20:42:54
13202,23,6,63,2025-06-02 19:51:37
13203,90,3903,21,2025-04-15 08:50:18
13204,70,3012,85,2025-07-05 00:39:04
13205,79,4432,55,2025-11-19 22:04:41
13206,20,2362,56,2025-09-21 11:42:57
13207,58,1610,54,2025-04-27 18:21:58
13208,70,4529,60,2025-02-07 04:01:26
13209,86,2301,10,2025-10-03 18:05:04
13210,48,1197,58,2025-03-26 01:02:48
13211,85,1042,20,2025-12-20 15:55:17
13212,97,1023,2,2025-01-10 13:02:12
13213,97,691,20,2025-04-20 08:59:14
13214,9,3969,39,2025-10-01 01:57:03
13215,26,3082,76,2025-08-17 19:11:02
13216,38,2144,56,2025-08-31 06:51:14
13217,7,3916,93,2025-05-08 14:21:10
13218,54,3014,73,2025-11-12 02:23:18
13219,28,2707,70,2025-04-10 21:47:47
13220,3,853,12,2025-04-01 07:02:18
13221,87,4895,27,2025-08-28 02:23:16
13222,50,3602,57,2025-10-11 04:50:19
13223,23,2331,33,2025-05-16 01:13:58
13224,23,1899,83,2025-04-22 02:53:12
13225,32,3337,91,2025-02-26 12:33:38
13226,12,3055,10,2026-01-25 03:39:48
13227,35,2365,51,2025-06-05 18:57:32
13228,46,4257,61,2025-10-13 23:39:31
13229,47,1201,72,2025-04-17 10:51:30
13230,53,2214,41,2025-09-11 00:30:56
13231,7,2937,46,2025-10-20 01:32:03
13232,44,3527,32,2025-03-08 00:02:56
13233,65,4042,10,2025-07-27 19:38:58
13234,93,3263,22,2025-08-01 06:56:37
13235,69,2526,83,2025-03-11 18:01:48
13236,34,744,49,2025-08-12 23:06:51
13237,76,4508,57,2025-01-04 23:09:35
13238,35,3556,53,2025-05-27 00:55:12
13239,97,3647,23,2025-09-22 11:23:29
13240,78,4665,74,2025-11-03 01:09:57
13241,6,329,28,2025-05-02 15:59:31
13242,18,383,50,2025-09-15 01:43:45
13243,79,1190,26,2026-01-31 11:28:45
13244,46,2343,80,2025-09-10 18:54:55
13245,24,1375,5,2025-05-15 08:18:33
13246,53,2804,62,2025-02-08 12:27:44
13247,48,1611,80,2025-02-15 01:54:39
13248,75,3230,48,2025-01-04 19:07:54
13249,26,2353,1,2025-03-07 22:29:05
13250,22,1779,6,2025-10-17 22:37:44
13251,81,1169,78,2025-08-15 02:34:25
13252,30,795,54,2025-08-21 20:02:38
13253,73,3401,65,2025-09-24 13:20:22
13254,46,3,100,2025-05-06 17:34:25
13255,52,541,34,2025-10-02 16:54:05
13256,62,1701,3,2025-06-29 21:02:24
13257,55,641,14,2025-07-09 02:30:08
13258,90,2401,54,2025-05-15 17:10:47
13259,83,89,1,2025-07-13 22:33:27
13260,87,4379,14,2025-09-08 14:02:45
13261,62,2576,18,2025-07-30 07:53:19
13262,50,2833,51,2026-01-22 06:38:29
13263,61,359,68,2025-03-29 10:04:50
13264,68,3690,42,2025-12-16 22:10:45
13265,9,2202,0,2025-11-14 22:32:05
13266,19,4857,27,2025-09-17 07:11:24
13267,2,790,3,2025-09-28 04:14:07
13268,63,3467,60,2025-01-02 02:13:13
13269,14,2372,8,2026-01-16 14:49:36
13270,60,756,1,2025-03-07 13:32:17
13271,98,1060,51,2026-01-18 01:12:01
13272,29,2670,39,2025-08-09 00:40:50
13273,25,3184,5,2025-04-17 00:04:03
13274,3,772,26,2025-04-05 08:11:35
13275,97,678,79,2025-12-08 06:14:20
13276,6,2034,15,2025-08-31 00:32:38
13277,14,623,93,2025-07-02 05:43:04
13278,9,4585,36,2025-07-18 02:46:05
13279,50,1554,45,2025-11-30 21:32:45
13280,20,1023,6,2025-05-03 05:18:02
13281,46,595,97,2025-02-24 23:01:11
13282,29,1081,50,2025-01-21 21:12:11
13283,19,3279,97,2025-03-25 05:17:10
13284,38,2921,51,2025-12-25 14:26:44
13285,86,2524,76,2026-01-25 07:20:10
13286,86,1134,42,2026-01-16 03:58:27
13287,61,3655,17,2025-01-31 12:46:52
13288,80,4290,13,2026-01-21 04:47:10
13289,24,4066,25,2025-11-03 03:45:13
13290,57,1156,87,2026-01-29 13:31:21
13291,8,2934,10,2025-01-24 11:03:40
13292,18,489,61,2025-03-19 16:44:03
13293,13,2300,18,2026-02-04 11:43:14
13294,55,1625,0,2025-02-05 14:06:44
13295,18,2655,48,2025-11-13 23:03:51
13296,41,612,98,2025-06-14 23:45:25
13297,9,369,93,2025-08-14 08:16:01
13298,87,382,79,2025-08-23 19:58:55
13299,25,430,27,2025-03-31 06:44:38
13300,14,91,94,2025-09-27 20:58:39
13301,65,2390,31,2025-01-14 13:43:10
13302,4,1963,55,2025-07-21 20:44:57
13303,11,999,61,2025-01-16 23:06:45
13304,54,4570,37,2025-08-31 01:25:20
13305,91,3778,83,2025-11-11 13:24:06
13306,41,1770,29,2025-06-24 10:47:11
13307,88,749,54,2025-07-09 23:33:13
13308,99,4506,61,2025-07-15 20:32:00
13309,76,60,98,2025-10-29 15:51:18
13310,39,531,9,2025-02-14 18:39:04
13311,17,1531,71,2025-11-19 19:26:29
13312,93,4082,4,2025-07-07 16:27:12
13313,59,1811,28,2025-03-27 06:12:44
13314,43,1496,8,2025-07-30 07:53:12
13315,47,1101,11,2025-07-18 20:40:02
13316,89,919,52,2025-08-19 15:36:53
13317,30,3012,8,2025-04-10 23:15:09
13318,28,1394,31,2025-07-23 06:11:33
13319,99,3724,100,2025-03-22 02:20:28
13320,24,669,38,2025-12-21 13:14:40
13321,21,502,58,2025-01-10 06:03:27
13322,52,950,67,2025-01-17 19:20:03
13323,52,110,37,2025-05-30 11:06:01
13324,4,4326,36,2025-06-14 04:42:26
13325,18,832,98,2025-01-04 16:04:46
13326,30,1245,79,2026-01-09 09:40:43
13327,70,792,77,2025-03-19 03:16:04
13328,37,3761,39,2025-11-09 12:46:34
13329,35,1694,89,2026-01-29 04:04:31
13330,93,3393,57,2025-10-18 20:33:06
13331,4,1693,84,2025-10-24 13:07:15
13332,16,2468,68,2026-01-18 18:50:41
13333,50,1157,81,2026-01-10 20:47:23
13334,62,1501,10,2026-01-04 22:15:45
13335,98,2341,75,2025-03-03 01:17:20
13336,5,1811,39,2025-08-10 15:14:17
13337,4,3140,82,2025-09-11 06:40:12
13338,66,1737,77,2025-04-06 15:17:47
13339,74,1608,24,2025-11-22 06:32:25
13340,85,3431,78,2025-11-22 05:20:26
13341,91,4543,83,2025-01-11 10:47:32
13342,83,4362,14,2025-02-18 08:20:07
13343,97,1499,28,2025-10-15 10:44:54
13344,92,1073,100,2025-06-14 05:36:31
13345,65,3245,65,2025-08-08 00:04:15
13346,6,2058,15,2025-09-12 03:06:47
13347,12,4930,25,2025-09-28 07:01:06
13348,66,2963,99,2025-06-29 05:24:54
13349,98,2480,14,2025-11-08 23:33:44
13350,51,1456,98,2025-02-07 20:14:15
13351,100,3678,81,2025-05-20 05:54:59
13352,24,3293,85,2025-05-29 00:42:05
13353,16,2398,96,2025-08-14 17:43:55
13354,34,483,28,2025-09-23 07:16:58
13355,80,281,73,2025-10-29 08:00:51
13356,28,1283,100,2025-07-09 10:56:27
13357,10,2283,80,2025-07-31 11:00:29
13358,46,1221,3,2025-03-08 15:57:50
13359,1,1128,1,2025-05-19 04:51:28
13360,78,1530,30,2025-02-26 16:09:25
13361,71,4509,27,2025-06-08 05:26:02
13362,23,2441,76,2025-12-03 21:01:22
13363,45,4028,75,2025-08-10 02:49:02
13364,25,4404,90,2025-11-20 16:56:29
13365,24,3798,28,2025-12-28 20:31:07
13366,10,399,79,2025-12-07 04:28:53
13367,56,3883,47,2025-07-20 07:10:56
13368,88,1664,38,2025-04-10 22:28:35
13369,44,2849,57,2025-03-19 19:24:35
13370,26,3903,64,2025-06-22 12:15:58
13371,39,930,16,2025-01-13 05:15:11
13372,41,3729,74,2025-09-03 22:47:51
13373,75,1095,69,2025-11-27 20:13:25
13374,96,2742,1,2025-08-20 19:17:44
13375,65,3183,29,2026-01-22 16:11:55
13376,29,4729,96,2025-08-27 05:08:49
13377,34,140,31,2025-05-20 10:38:01
13378,41,2005,41,2025-10-23 18:07:29
13379,97,1274,13,2025-09-22 01:05:12
13380,63,226,58,2025-08-20 18:53:21
13381,27,1132,94,2025-03-07 20:05:07
13382,81,3906,75,2025-01-22 17:42:45
13383,5,894,31,2025-12-12 21:21:57
13384,67,4348,94,2025-10-19 10:35:43
13385,26,536,48,2025-03-10 19:11:42
13386,88,4658,26,2025-09-30 08:52:47
13387,24,188,9,2025-11-13 12:12:01
13388,95,4772,8,2025-12-04 01:15:51
13389,66,3154,35,2026-02-03 06:03:55
13390,7,3815,77,2025-09-26 11:07:55
13391,66,640,79,2026-01-15 12:17:39
13392,17,1370,67,2025-03-17 08:39:26
13393,79,4304,96,2025-09-23 06:51:50
13394,3,2325,26,2026-02-04 14:58:49
13395,33,3615,35,2025-11-01 03:27:46
13396,37,2041,10,2025-04-19 18:03:25
13397,49,760,43,2025-04-22 13:52:33
13398,86,2206,17,2025-03-24 19:32:04
13399,12,4279,62,2025-04-27 14:19:50
13400,62,4483,77,2025-09-23 17:38:44
13401,39,658,16,2025-03-06 00:00:29
13402,38,4624,46,2025-10-27 05:31:45
13403,38,3218,34,2025-05-31 08:32:51
13404,50,2016,49,2025-11-18 23:05:42
13405,65,131,98,2025-06-19 21:12:34
13406,26,212,35,2025-10-07 16:44:40
13407,40,2633,29,2025-03-21 16:56:37
13408,26,3378,57,2025-04-05 20:38:26
13409,41,2543,60,2025-07-27 15:15:40
13410,86,4654,62,2025-05-27 05:55:51
13411,85,372,96,2025-01-05 16:01:15
13412,32,1615,65,2025-10-04 04:36:20
13413,23,660,2,2025-05-31 08:13:44
13414,11,4554,58,2025-04-11 22:58:31
13415,55,2320,70,2025-03-10 16:57:54
13416,78,4401,88,2025-10-17 18:00:08
13417,69,3045,24,2025-10-01 04:11:01
13418,61,1084,4,2025-07-03 18:36:02
13419,62,4643,75,2025-06-15 09:40:16
13420,51,3300,3,2025-05-16 22:51:48
13421,33,38,92,2026-02-01 02:27:23
13422,71,718,42,2025-01-31 06:54:11
13423,70,1287,90,2025-07-02 21:24:13
13424,53,2950,82,2025-04-11 20:07:16
13425,70,176,71,2025-06-07 18:58:45
13426,96,454,53,2025-08-26 23:29:01
13427,27,4125,63,2025-02-20 13:38:49
13428,49,277,24,2025-09-19 05:02:28
13429,67,4290,40,2025-09-23 11:41:50
13430,81,4640,63,2025-05-01 22:48:02
13431,95,534,73,2025-12-09 07:41:12
13432,85,1278,65,2025-07-04 20:30:25
13433,60,2554,3,2025-05-07 12:45:40
13434,28,4788,8,2026-01-17 23:22:14
13435,75,3953,8,2025-04-11 05:12:56
13436,26,959,57,2025-12-20 23:38:33
13437,14,1249,43,2025-10-19 09:21:01
13438,25,1277,81,2025-08-20 22:36:45
13439,73,1086,64,2025-11-18 17:30:12
13440,36,3244,67,2025-10-29 14:16:01
13441,1,4721,3,2025-03-07 10:00:07
13442,32,2986,25,2025-03-15 07:31:10
13443,60,2899,79,2025-06-18 16:43:37
13444,13,4625,76,2025-10-20 06:55:23
13445,40,4110,23,2025-09-18 12:17:51
13446,83,1389,85,2025-09-11 08:14:59
13447,61,1522,77,2025-06-17 02:04:20
13448,4,3056,88,2025-04-26 21:00:40
13449,2,1667,86,2025-02-12 03:33:30
13450,10,3809,9,2025-06-12 06:51:22
13451,60,957,65,2025-06-11 10:08:00
13452,72,1920,91,2025-05-04 07:11:48
13453,8,3305,56,2025-11-13 20:06:22
13454,21,4788,13,2025-07-17 12:16:02
13455,8,844,94,2025-01-26 21:36:01
13456,79,1490,38,2026-01-08 11:58:42
13457,11,1367,54,2025-01-05 10:01:04
13458,63,1145,37,2025-02-04 22:45:57
13459,7,292,85,2025-05-23 11:19:04
13460,46,1469,91,2025-11-13 20:31:16
13461,41,650,26,2025-08-21 05:36:10
13462,21,4832,30,2025-07-28 19:32:34
13463,92,1821,35,2025-01-08 23:51:06
13464,58,1093,2,2025-07-24 18:37:26
13465,99,4309,5,2026-01-13 19:09:39
13466,32,3911,24,2025-01-18 23:37:44
13467,15,1609,35,2025-10-22 20:23:08
13468,1,4320,8,2025-04-11 01:14:22
13469,51,2830,55,2025-10-01 06:29:17
13470,65,1430,31,2025-05-13 10:43:45
13471,54,4163,47,2025-09-05 17:40:59
13472,96,742,56,2026-01-24 08:13:47
13473,68,653,40,2025-04-19 03:17:47
13474,49,1686,78,2025-02-28 12:48:09
13475,11,1365,38,2025-12-02 04:59:53
13476,29,3164,90,2025-11-22 01:24:46
13477,71,1710,77,2025-08-10 08:56:07
13478,25,1375,63,2025-12-05 03:44:37
13479,49,204,70,2025-12-05 06:50:23
13480,82,4170,92,2025-11-28 22:12:42
13481,4,3874,95,2025-06-01 01:36:51
13482,51,1573,52,2025-12-03 14:18:16
13483,51,3979,70,2025-11-15 04:57:22
13484,88,2345,34,2025-12-13 23:17:41
13485,75,152,83,2025-07-27 04:47:37
13486,73,1002,78,2026-01-31 15:09:24
13487,5,3256,52,2025-01-30 05:05:09
13488,6,4821,63,2026-01-28 20:45:14
13489,46,3255,23,2025-10-04 09:27:36
13490,61,659,58,2025-08-10 19:36:09
13491,55,2690,69,2025-12-15 22:16:29
13492,41,2117,90,2025-08-08 07:11:33
13493,28,4814,57,2025-10-20 10:31:21
13494,38,2303,85,2025-01-30 12:37:26
13495,56,4588,84,2025-07-25 10:44:59
13496,82,3700,42,2025-01-29 23:37:49
13497,17,2718,63,2025-05-11 10:19:07
13498,52,1630,45,2025-11-07 13:41:52
13499,6,4699,57,2025-09-27 05:46:26
13500,41,4235,47,2025-11-18 13:05:06
13501,25,2898,78,2026-01-20 17:13:38
13502,28,3551,31,2025-05-11 13:38:48
13503,44,166,4,2025-07-08 03:32:27
13504,23,4508,39,2025-09-09 19:49:03
13505,56,315,93,2025-03-01 06:46:37
13506,41,4477,13,2025-07-06 21:25:16
13507,78,1729,56,2025-12-28 08:03:05
13508,64,2308,59,2025-09-17 10:15:16
13509,13,4476,27,2025-03-15 07:02:53
13510,46,4983,75,2025-12-04 05:00:27
13511,29,3510,91,2025-10-26 20:54:48
13512,58,2176,50,2025-04-09 19:58:15
13513,47,3106,66,2025-01-20 21:59:25
13514,44,3944,89,2025-01-05 02:35:17
13515,1,1127,38,2025-01-31 23:25:12
13516,16,2854,100,2025-03-30 05:25:21
13517,22,80,32,2025-03-04 00:48:19
13518,43,4799,83,2025-12-03 19:16:20
13519,16,1863,41,2025-01-29 22:19:24
13520,39,4635,87,2025-05-04 07:32:44
13521,76,1431,57,2025-12-24 11:02:13
13522,57,1025,17,2025-09-26 12:30:42
13523,92,2701,82,2025-11-13 23:02:19
13524,60,4765,92,2025-03-10 03:42:04
13525,73,4119,71,2025-02-24 20:20:48
13526,49,4229,81,2025-04-06 18:56:22
13527,73,2319,46,2025-12-05 23:31:55
13528,28,3164,30,2025-10-12 00:14:52
13529,53,1849,34,2025-06-23 17:12:49
13530,40,36,19,2025-03-11 15:31:04
13531,20,3743,76,2025-03-06 20:53:51
13532,81,2544,57,2025-08-30 15:21:35
13533,69,4277,89,2025-03-31 17:52:31
13534,41,126,84,2025-02-04 22:10:52
13535,24,4936,3,2025-08-13 08:29:46
13536,46,271,38,2025-09-21 06:58:45
13537,100,1743,3,2025-01-06 01:39:59
13538,27,603,35,2025-05-29 15:05:33
13539,52,4174,15,2025-11-07 09:20:45
13540,44,4718,37,2025-11-09 20:59:06
13541,54,4879,40,2026-02-03 01:02:15
13542,90,4615,92,2025-07-08 22:54:25
13543,98,3245,55,2025-09-07 16:23:04
13544,35,2248,67,2025-01-13 04:11:06
13545,93,2046,98,2025-05-07 22:36:25
13546,2,2864,90,2025-01-28 02:11:48
13547,48,2918,21,2025-06-23 09:38:09
13548,99,2422,93,2026-02-05 18:59:56
13549,94,140,95,2025-11-17 19:01:05
13550,25,4246,70,2025-10-31 09:34:55
13551,95,949,77,2025-07-11 04:21:20
13552,85,4944,27,2025-06-12 06:32:15
13553,13,915,58,2025-12-15 14:40:50
13554,68,487,58,2025-12-26 00:55:39
13555,53,3862,56,2025-04-16 22:41:18
13556,55,1396,87,2025-12-25 21:20:58
13557,55,3373,50,2025-03-30 11:16:53
13558,20,4763,58,2025-07-26 03:50:25
13559,32,2803,64,2025-03-18 21:38:44
13560,43,372,1,2025-04-30 01:50:15
13561,34,4116,90,2025-11-29 11:17:37
13562,96,3869,52,2025-05-17 19:47:43
13563,76,1605,94,2026-01-23 05:18:42
13564,100,2692,87,2026-02-03 08:25:10
13565,70,3652,29,2025-08-04 13:00:44
13566,9,4891,7,2025-03-04 07:57:56
13567,83,1536,36,2025-09-13 18:27:14
13568,55,4503,85,2025-12-01 14:53:43
13569,99,1737,56,2025-11-17 17:27:04
13570,95,1234,26,2025-03-16 10:30:10
13571,88,2609,56,2025-06-09 17:13:48
13572,46,4395,14,2025-08-07 15:14:59
13573,49,3099,39,2025-10-14 19:43:12
13574,47,1388,35,2025-07-10 01:15:04
13575,62,3085,75,2026-02-01 16:13:31
13576,70,135,78,2025-11-25 15:33:48
13577,31,3312,19,2025-01-15 18:14:02
13578,65,178,64,2025-07-13 14:00:36
13579,7,619,11,2025-06-09 21:35:55
13580,82,2273,29,2026-01-17 21:35:48
13581,39,3351,13,2025-10-11 08:29:24
13582,44,2414,26,2025-11-17 02:02:56
13583,76,4541,32,2025-08-28 21:30:35
13584,87,649,5,2025-03-31 11:03:39
13585,33,2634,6,2025-10-23 07:38:06
13586,53,2905,19,2025-11-07 20:23:45
13587,26,504,31,2026-01-25 22:26:01
13588,22,784,79,2025-11-16 22:37:01
13589,86,1706,10,2025-09-13 10:25:26
13590,69,1847,66,2025-07-06 05:17:09
13591,19,4109,62,2025-10-25 02:20:15
13592,25,3501,26,2025-02-06 22:34:02
13593,49,1935,17,2025-03-30 23:37:49
13594,66,3807,92,2025-06-23 16:56:52
13595,20,384,63,2025-05-06 20:58:43
13596,23,4300,17,2025-07-31 16:08:42
13597,49,3487,19,2025-08-17 07:14:51
13598,17,205,87,2025-11-14 17:37:46
13599,4,3632,92,2025-02-17 01:22:17
13600,94,1487,23,2025-03-29 03:14:32
13601,80,3552,79,2025-10-28 13:14:06
13602,74,2860,43,2025-07-26 10:26:02
13603,33,573,54,2025-12-24 15:09:50
13604,43,1547,2,2025-04-01 03:23:11
13605,86,2617,91,2025-02-09 14:53:35
13606,10,1603,24,2025-07-24 11:35:09
13607,59,21,37,2025-11-21 23:32:38
13608,42,4766,10,2025-02-07 18:16:51
13609,80,979,96,2025-08-22 21:10:24
13610,37,3939,75,2025-11-26 19:26:12
13611,24,2844,43,2025-03-04 14:42:59
13612,83,1529,45,2025-02-18 10:04:36
13613,80,2870,4,2025-04-29 14:56:06
13614,16,1762,62,2025-10-06 12:25:07
13615,35,2495,92,2025-03-16 02:11:19
13616,89,3779,54,2025-09-11 15:00:02
13617,46,80,99,2025-11-19 00:42:09
13618,55,644,84,2025-10-04 03:16:38
13619,48,1589,16,2025-01-11 11:30:21
13620,48,158,95,2025-08-15 10:02:16
13621,76,3263,7,2025-05-09 14:38:24
13622,29,3659,91,2025-03-11 18:57:54
13623,71,2104,36,2025-11-08 16:12:30
13624,81,3966,27,2025-01-29 22:30:05
13625,12,2820,67,2025-06-07 01:20:02
13626,32,1248,56,2025-05-06 23:21:52
13627,97,2813,63,2025-01-05 09:10:52
13628,82,1875,38,2025-06-19 04:47:05
13629,41,4678,48,2025-05-04 02:14:23
13630,76,4551,24,2025-02-13 03:37:20
13631,12,2622,77,2025-01-23 03:54:02
13632,46,2111,12,2026-02-03 09:11:39
13633,8,4821,29,2025-03-27 19:43:35
13634,7,1994,79,2026-01-06 05:28:54
13635,82,3774,0,2025-09-19 03:49:19
13636,97,2455,30,2025-12-22 08:02:55
13637,51,2356,18,2025-01-29 09:16:50
13638,87,2452,98,2025-03-31 20:18:13
13639,84,2105,45,2025-06-04 08:13:43
13640,85,4016,98,2026-01-17 10:08:34
13641,86,4463,4,2025-03-11 01:55:29
13642,43,4707,98,2026-02-01 15:30:06
13643,2,3462,59,2025-07-25 16:34:53
13644,63,4188,4,2025-05-11 07:26:46
13645,66,3677,56,2025-11-21 23:52:51
13646,92,376,35,2025-09-27 18:14:26
13647,74,2197,50,2025-03-18 14:36:37
13648,37,963,53,2025-09-15 19:14:39
13649,62,4551,52,2025-09-20 15:53:42
13650,56,3586,79,2025-06-27 02:18:39
13651,65,577,73,2025-05-09 15:54:47
13652,52,456,39,2026-01-16 11:54:49
13653,49,3546,23,2025-04-21 09:18:40
13654,68,1342,87,2025-02-05 06:15:46
13655,38,4719,39,2025-10-10 00:06:35
13656,9,2777,95,2025-03-04 20:00:34
13657,18,3167,34,2025-08-07 23:53:16
13658,85,4627,35,2025-01-01 16:59:31
13659,25,1176,86,2025-04-23 08:16:37
13660,87,3719,97,2026-01-14 14:57:09
13661,56,1236,64,2025-01-27 06:16:03
13662,14,4322,22,2026-01-05 01:01:27
13663,79,4587,3,2025-03-01 11:56:57
13664,92,135,26,2025-10-18 07:46:59
13665,64,1493,9,2026-02-04 00:09:19
13666,7,1578,76,2025-09-23 05:05:33
13667,44,4885,32,2025-10-14 13:37:34
13668,26,1799,49,2025-12-09 14:06:24
13669,17,2759,54,2025-07-18 11:33:40
13670,100,4604,41,2025-12-31 20:18:21
13671,99,4831,1,2025-03-13 19:33:45
13672,62,667,96,2025-12-30 03:14:59
13673,92,4542,100,2025-06-25 02:16:45
13674,92,4633,82,2025-06-10 17:29:26
13675,9,2144,11,2025-05-11 21:26:37
13676,59,2694,67,2025-08-15 19:15:29
13677,73,229,19,2025-09-29 21:00:02
13678,33,4094,26,2026-01-29 13:46:30
13679,74,4862,8,2025-10-07 01:50:43
13680,73,3098,57,2025-05-10 10:04:25
13681,94,3670,62,2025-12-30 04:14:37
13682,33,1988,78,2025-11-18 01:21:25
13683,37,2602,15,2026-02-04 16:38:13
13684,92,4739,33,2026-01-17 13:49:08
13685,54,3193,6,2025-11-27 13:08:58
13686,11,1031,77,2025-12-25 17:01:48
13687,32,5000,29,2025-12-15 23:46:33
13688,38,1764,99,2025-08-29 19:50:58
13689,68,946,79,2025-03-08 05:10:36
13690,12,8,12,2025-04-29 13:41:27
13691,59,3252,96,2025-03-15 16:59:13
13692,57,4083,32,2025-03-21 01:36:06
13693,97,295,24,2026-01-19 23:59:39
13694,91,4207,24,2025-09-18 01:16:07
13695,85,53,40,2026-01-12 22:26:54
13696,64,2916,54,2025-04-22 04:43:33
13697,47,3860,85,2025-09-17 10:55:38
13698,8,812,84,2025-02-02 19:58:10
13699,18,3091,80,2025-10-01 08:37:59
13700,14,539,69,2026-01-09 03:36:12
13701,54,624,16,2025-12-19 10:07:25
13702,17,1601,16,2025-01-23 18:52:39
13703,30,2031,64,2025-06-08 11:10:30
13704,34,2542,31,2026-01-20 16:13:53
13705,66,2440,18,2025-07-14 14:21:27
13706,49,1217,14,2025-09-11 17:35:55
13707,65,993,73,2025-12-20 13:50:28
13708,48,103,65,2025-04-12 13:17:52
13709,19,2831,7,2025-11-18 13:05:03
13710,67,4761,81,2025-09-14 19:25:13
13711,52,1762,64,2025-02-08 17:53:28
13712,45,4012,28,2025-05-06 08:47:25
13713,37,2460,88,2025-08-16 14:37:47
13714,88,4398,70,2025-10-07 17:48:22
13715,67,1279,39,2026-01-20 07:09:36
13716,96,1402,94,2025-03-30 01:07:13
13717,57,107,6,2026-01-05 08:16:30
13718,69,2491,58,2025-05-04 01:45:35
13719,54,2360,55,2025-12-30 04:58:07
13720,45,1722,16,2026-01-22 02:26:53
13721,22,2999,51,2025-11-19 02:05:49
13722,84,3769,89,2026-01-02 14:54:16
13723,24,4317,22,2025-12-20 13:41:54
13724,74,3222,84,2026-01-19 15:10:51
13725,97,4219,92,2025-09-18 22:46:02
13726,29,4965,4,2025-06-07 18:06:53
13727,75,204,45,2025-01-26 23:13:59
13728,31,4690,68,2025-10-11 16:29:47
13729,27,720,10,2025-12-26 17:54:50
13730,81,1844,54,2025-04-04 10:35:47
13731,86,2702,50,2025-06-16 13:01:22
13732,28,4093,66,2025-11-10 21:01:52
13733,63,2924,88,2025-04-03 19:11:44
13734,23,85,98,2026-01-06 09:15:08
13735,21,674,78,2025-09-20 15:49:55
13736,67,4480,36,2025-12-06 03:09:12
13737,3,4280,50,2025-07-22 19:09:09
13738,49,3270,89,2025-03-02 12:31:34
13739,3,1872,45,2025-09-24 04:42:05
13740,93,4016,47,2025-01-29 17:01:20
13741,35,2190,77,2025-02-26 13:11:52
13742,77,34,35,2025-09-25 08:29:19
13743,39,1382,87,2025-12-09 11:50:36
13744,7,1500,15,2025-11-22 15:35:15
13745,19,2117,6,2025-08-29 13:40:47
13746,73,380,43,2025-02-16 15:26:26
13747,5,1845,40,2025-12-20 09:39:02
13748,65,553,27,2025-06-21 17:06:16
13749,31,1398,79,2025-08-02 16:25:08
13750,68,2196,79,2026-01-29 07:48:11
13751,97,2933,93,2025-03-05 01:27:12
13752,16,4998,55,2026-02-05 22:45:42
13753,78,4354,51,2025-01-14 03:43:48
13754,80,4381,5,2025-07-31 22:49:29
13755,62,1574,20,2025-10-22 21:14:36
13756,95,4288,93,2025-06-07 20:17:57
13757,45,1671,18,2025-05-06 00:29:35
13758,14,919,16,2025-07-19 23:29:44
13759,45,3025,46,2025-03-08 09:12:22
13760,70,2563,66,2025-03-15 17:07:29
13761,45,3822,55,2025-09-28 19:21:06
13762,7,4494,90,2025-12-12 08:49:09
13763,59,1253,28,2025-04-14 21:59:00
13764,90,3816,3,2025-08-19 07:14:23
13765,13,398,20,2025-04-27 12:58:47
13766,57,2246,90,2025-03-14 16:36:16
13767,77,4895,36,2025-10-03 07:16:39
13768,59,2396,75,2025-12-30 09:12:21
13769,41,4885,37,2025-01-29 17:29:12
13770,13,2929,51,2025-12-28 05:12:29
13771,8,950,81,2026-01-05 20:27:07
13772,99,3180,92,2026-01-31 10:14:14
13773,75,3749,51,2025-09-13 20:12:30
13774,4,2997,76,2025-03-20 09:13:54
13775,32,2376,14,2025-12-23 04:29:48
13776,98,2343,21,2025-01-27 15:03:52
13777,21,944,18,2025-11-06 19:51:14
13778,84,2274,78,2025-06-12 17:33:13
13779,67,2317,75,2026-02-05 01:30:03
13780,10,2275,98,2026-01-20 13:51:08
13781,77,3986,34,2025-08-28 14:15:38
13782,28,4822,100,2025-05-20 15:27:19
13783,75,4043,95,2025-01-07 05:18:51
13784,69,292,13,2025-11-29 00:00:33
13785,38,1754,72,2025-05-11 13:50:52
13786,36,3630,22,2025-05-21 10:56:57
13787,99,2963,55,2025-11-28 18:18:11
13788,42,4657,87,2025-10-02 16:21:50
13789,44,3397,32,2025-02-04 13:54:35
13790,11,33,68,2025-03-25 13:41:54
13791,37,2758,2,2025-11-20 03:39:39
13792,13,2734,90,2025-05-05 12:33:26
13793,81,4501,10,2025-12-12 11:30:32
13794,37,245,73,2025-10-26 16:13:05
13795,10,2691,74,2025-09-02 10:08:27
13796,97,4872,78,2025-02-21 17:06:26
13797,31,4211,33,2025-03-21 06:27:10
13798,30,2041,78,2025-05-24 18:54:51
13799,57,2680,76,2025-02-06 03:46:09
13800,65,3229,73,2026-01-10 01:33:05
13801,39,2512,90,2025-08-27 17:04:31
13802,52,3421,84,2026-01-30 05:07:39
13803,34,2197,41,2025-11-22 15:53:43
13804,58,1950,60,2025-07-14 12:19:13
13805,21,3480,58,2025-10-20 06:27:24
13806,80,2139,10,2026-01-29 09:37:17
13807,27,2146,69,2025-05-22 08:16:45
13808,63,1666,86,2025-05-08 22:04:11
13809,64,1378,74,2025-09-07 13:37:40
13810,11,177,10,2025-04-11 18:27:59
13811,24,1962,18,2025-09-19 20:25:08
13812,13,798,98,2025-07-30 21:48:13
13813,91,394,30,2025-11-23 12:22:07
13814,81,4431,36,2025-03-22 04:20:52
13815,5,2583,11,2025-08-18 21:06:47
13816,75,3268,94,2025-02-10 16:40:23
13817,22,860,67,2025-10-13 13:50:29
13818,15,1723,63,2025-02-11 07:38:59
13819,44,4658,53,2025-10-18 19:36:57
13820,98,1073,58,2025-07-14 12:32:52
13821,44,3285,53,2025-03-19 16:30:30
13822,24,828,11,2025-08-22 20:00:19
13823,20,3793,51,2025-01-13 14:13:49
13824,18,1737,42,2025-01-02 18:18:44
13825,80,3428,30,2025-07-02 03:00:29
13826,40,3115,70,2025-04-12 06:58:00
13827,90,2647,100,2026-02-03 09:26:07
13828,62,3256,65,2026-02-02 10:52:18
13829,26,4579,37,2025-04-03 03:18:34
13830,57,1234,33,2025-07-14 10:07:41
13831,10,674,64,2025-12-04 13:16:28
13832,1,1104,80,2025-09-30 03:44:39
13833,44,2898,38,2025-02-01 01:59:53
13834,94,2947,89,2025-10-11 17:21:59
13835,42,1526,28,2025-02-01 14:20:08
13836,84,1118,55,2025-10-02 17:50:35
13837,32,1417,63,2025-02-15 04:09:26
13838,75,3341,42,2026-01-23 15:41:46
13839,76,4082,69,2025-10-17 10:52:57
13840,6,2122,33,2025-10-04 23:07:38
13841,62,3170,17,2025-09-27 00:55:35
13842,19,4395,42,2025-03-24 02:05:05
13843,21,2849,95,2025-08-12 11:37:16
13844,80,604,27,2025-02-21 19:25:19
13845,43,3404,67,2026-01-23 19:50:17
13846,25,3604,43,2025-12-28 01:29:58
13847,75,77,16,2025-10-21 02:09:07
13848,11,1428,62,2025-06-24 02:50:27
13849,65,2035,68,2025-01-02 01:58:20
13850,73,1223,34,2025-11-26 19:59:18
13851,52,655,98,2025-04-13 05:37:34
13852,6,2128,9,2025-10-23 07:07:55
13853,20,4264,43,2025-03-25 10:47:38
13854,2,4610,82,2025-04-16 05:20:56
13855,32,1678,91,2025-10-17 18:56:26
13856,18,3075,97,2025-02-16 03:25:43
13857,17,3416,42,2025-05-31 18:18:39
13858,81,1462,47,2025-12-11 15:08:07
13859,54,2462,75,2025-08-30 11:53:57
13860,36,1627,98,2025-08-29 02:49:04
13861,20,2248,74,2025-03-30 01:31:03
13862,38,1287,89,2025-10-16 13:23:23
13863,58,702,96,2025-10-18 10:29:35
13864,93,1058,47,2025-08-18 22:46:47
13865,22,4321,5,2025-06-17 03:51:18
13866,46,1228,79,2025-06-24 18:22:36
13867,34,1417,30,2025-07-19 04:25:33
13868,60,2488,87,2025-10-08 06:04:10
13869,54,1756,64,2025-11-07 21:23:36
13870,1,2305,25,2025-11-21 18:57:21
13871,29,4080,88,2025-08-14 01:07:10
13872,47,3280,48,2025-04-03 23:13:14
13873,29,4061,62,2025-07-29 20:37:57
13874,68,951,35,2025-12-23 22:32:07
13875,26,4968,97,2025-07-24 04:26:22
13876,21,1463,1,2025-11-04 15:35:35
13877,32,2799,89,2025-09-24 18:31:39
13878,76,630,9,2025-05-18 00:52:44
13879,21,1224,96,2025-12-09 19:37:19
13880,84,1059,82,2025-03-22 05:36:44
13881,47,3023,23,2025-11-28 17:38:45
13882,7,560,84,2025-09-14 13:48:56
13883,8,1581,99,2025-01-10 16:50:10
13884,93,2103,55,2025-09-22 17:35:51
13885,61,965,59,2025-05-23 17:05:40
13886,97,1450,0,2025-01-17 08:21:15
13887,92,1748,35,2026-01-09 20:37:06
13888,94,171,56,2025-09-16 05:44:56
13889,87,2508,63,2025-09-12 11:16:06
13890,89,1106,21,2025-04-20 12:54:43
13891,39,3375,100,2025-05-19 18:48:55
13892,98,4452,1,2025-09-22 22:07:19
13893,48,3966,73,2025-09-19 07:59:29
13894,27,4020,99,2025-02-11 02:40:55
13895,52,4464,2,2025-12-05 03:57:13
13896,25,4752,35,2026-02-03 12:18:12
13897,80,1267,3,2025-05-26 23:43:34
13898,98,3183,92,2025-07-01 12:12:28
13899,21,3340,49,2025-01-02 06:05:16
13900,11,4400,66,2025-06-10 22:35:25
13901,61,414,60,2025-08-22 22:03:41
13902,29,609,29,2025-08-26 09:41:41
13903,7,2124,21,2026-01-16 12:26:56
13904,61,2782,47,2026-01-18 23:21:05
13905,21,3414,49,2025-04-07 01:30:04
13906,79,404,70,2025-04-22 07:25:29
13907,28,979,54,2025-09-23 03:44:44
13908,99,1739,87,2025-10-01 03:20:14
13909,21,792,81,2025-02-27 07:22:46
13910,62,3303,66,2025-04-05 16:43:55
13911,59,1580,99,2025-11-20 11:22:51
13912,4,4100,3,2025-08-01 20:13:02
13913,26,3249,13,2026-02-03 19:27:20
13914,81,4751,40,2025-03-23 01:02:41
13915,16,4235,57,2025-10-13 00:11:27
13916,13,1938,1,2025-08-02 22:55:16
13917,75,116,70,2025-08-20 03:47:08
13918,98,404,6,2025-11-09 23:23:45
13919,30,4727,29,2025-04-05 23:05:21
13920,70,923,82,2025-11-18 22:57:20
13921,17,3303,94,2025-11-10 20:53:09
13922,23,2718,82,2025-11-28 20:01:26
13923,70,3572,25,2025-05-09 12:59:11
13924,65,4293,50,2025-08-06 12:56:01
13925,67,4120,53,2025-11-07 21:22:22
13926,66,3453,88,2026-01-20 08:33:34
13927,21,800,81,2026-01-20 12:21:05
13928,92,4946,0,2025-08-20 23:13:03
13929,47,2745,44,2025-08-12 17:11:15
13930,17,4725,46,2025-04-18 14:40:11
13931,29,23,45,2025-09-09 20:54:24
13932,75,3736,1,2025-08-15 17:24:41
13933,11,3930,6,2025-02-16 20:39:26
13934,63,1438,92,2025-05-18 13:20:18
13935,55,4446,23,2025-03-10 03:04:18
13936,4,2904,68,2025-02-19 17:55:17
13937,58,4078,62,2025-03-14 12:38:45
13938,54,31,44,2025-08-17 00:01:35
13939,36,633,31,2025-05-13 02:58:55
13940,24,1666,60,2025-12-14 07:53:12
13941,9,4036,5,2025-07-21 06:33:47
13942,4,3280,39,2026-01-17 06:25:42
13943,10,3243,32,2025-09-23 06:55:19
13944,19,904,24,2025-10-17 08:28:03
13945,78,3144,42,2025-02-03 03:48:17
13946,24,1032,26,2025-07-06 15:45:56
13947,78,191,68,2025-07-27 09:07:40
13948,14,528,8,2025-02-22 23:50:01
13949,87,897,55,2025-01-18 15:28:00
13950,50,1600,52,2025-07-23 11:45:50
13951,30,4911,96,2025-06-03 02:22:13
13952,65,986,77,2025-08-29 18:22:16
13953,35,2692,1,2026-01-17 07:40:16
13954,2,2412,65,2025-11-08 16:42:41
13955,7,1045,7,2025-02-13 15:06:45
13956,67,1852,92,2025-08-07 03:00:56
13957,79,1558,94,2026-01-31 11:13:29
13958,86,1080,19,2025-10-14 20:05:02
13959,52,3177,38,2025-02-07 18:44:22
13960,72,2329,7,2025-01-25 17:13:41
13961,37,1625,11,2025-10-26 07:39:42
13962,1,2413,79,2025-05-30 12:33:31
13963,56,4153,0,2025-11-25 13:27:14
13964,98,1786,61,2025-04-13 22:34:10
13965,43,2834,7,2025-04-02 16:09:29
13966,50,643,41,2025-03-26 01:30:07
13967,85,783,42,2025-06-08 09:20:56
13968,61,13,64,2025-08-24 13:18:59
13969,92,4577,67,2025-03-10 07:51:39
13970,82,2157,87,2025-09-20 14:16:53
13971,2,1829,26,2025-05-09 08:08:50
13972,94,1978,67,2025-12-22 23:17:25
13973,56,2359,94,2025-05-26 06:11:47
13974,4,1831,16,2025-08-05 15:45:14
13975,3,3921,34,2025-05-22 17:16:04
13976,39,1182,50,2025-11-22 19:54:14
13977,99,2973,49,2025-01-23 10:28:16
13978,14,1066,49,2025-09-14 10:20:27
13979,25,1124,98,2025-05-27 09:26:34
13980,41,65,67,2025-10-02 07:34:12
13981,7,1545,64,2025-01-05 23:07:27
13982,91,2033,63,2025-12-11 20:58:52
13983,87,1650,54,2025-10-22 00:56:53
13984,46,1613,68,2025-07-15 10:36:33
13985,42,1623,79,2025-12-06 21:05:56
13986,9,2448,3,2025-04-26 17:07:24
13987,41,1879,1,2025-04-06 14:46:23
13988,62,4974,31,2025-06-06 10:36:59
13989,5,4049,33,2025-10-10 23:43:24
13990,47,858,34,2025-05-20 18:55:16
13991,17,3155,8,2025-06-02 02:05:11
13992,95,4303,77,2025-12-23 14:18:20
13993,34,2575,93,2026-01-28 10:07:42
13994,53,3108,21,2025-02-16 13:35:00
13995,41,3026,1,2025-12-01 01:15:42
13996,73,943,42,2025-02-23 10:58:50
13997,28,2085,9,2025-11-08 05:10:06
13998,20,4196,21,2026-01-02 13:12:00
13999,24,3694,49,2025-05-29 09:40:20
14000,14,3672,24,2025-01-17 16:46:49
14001,82,2483,94,2025-03-06 13:00:18
14002,83,3547,76,2025-04-21 03:59:57
14003,84,4360,81,2026-01-25 21:45:45
14004,57,3508,21,2025-01-10 06:08:25
14005,12,4854,84,2025-02-17 12:50:18
14006,83,4977,97,2026-01-10 04:36:52
14007,58,3410,56,2025-07-22 15:31:58
14008,87,4222,47,2025-03-24 23:00:21
14009,33,3308,26,2026-01-08 03:44:15
14010,52,1469,25,2025-01-11 08:02:15
14011,82,899,100,2025-07-09 01:07:28
14012,93,609,25,2025-10-15 21:29:59
14013,2,2786,79,2025-05-13 05:09:26
14014,45,200,79,2025-08-09 23:23:12
14015,92,3785,3,2025-12-08 07:45:45
14016,82,4860,31,2025-09-15 16:48:57
14017,62,1066,92,2025-07-31 06:38:20
14018,35,4324,42,2025-12-09 23:34:03
14019,24,982,17,2025-05-16 21:48:55
14020,73,3327,25,2025-05-01 04:47:40
14021,64,485,89,2025-10-07 07:00:21
14022,54,1722,99,2025-04-13 18:05:35
14023,100,1230,84,2025-03-31 19:38:31
14024,74,343,24,2025-05-09 17:54:03
14025,67,867,15,2025-09-30 07:38:27
14026,91,1521,49,2025-03-28 14:02:23
14027,51,2116,26,2025-08-14 14:02:39
14028,90,4070,92,2025-07-20 16:18:06
14029,16,914,21,2025-04-29 17:06:50
14030,8,4898,34,2025-01-16 07:31:51
14031,92,1984,41,2025-07-15 11:08:27
14032,34,843,40,2025-04-27 22:44:44
14033,87,112,4,2025-04-03 19:21:06
14034,95,2528,68,2025-09-11 08:36:06
14035,76,767,17,2025-11-05 02:24:51
14036,33,4139,26,2025-05-11 01:34:57
14037,57,4200,87,2025-07-28 01:32:22
14038,62,3164,47,2025-12-29 18:26:00
14039,53,3597,28,2025-10-23 15:31:34
14040,70,4047,20,2025-12-10 22:15:12
14041,98,1960,52,2025-09-28 22:48:34
14042,28,3485,89,2025-02-04 07:02:18
14043,24,2781,24,2025-04-22 23:32:21
14044,65,3522,84,2025-07-16 14:12:13
14045,22,4259,55,2025-02-15 13:12:29
14046,22,870,59,2025-06-25 20:37:04
14047,44,3094,17,2025-08-04 05:21:37
14048,14,1869,7,2025-02-27 12:34:04
14049,43,360,76,2025-03-10 18:20:43
14050,75,4771,28,2025-09-02 12:07:15
14051,50,1180,4,2025-12-15 05:20:11
14052,23,2684,26,2025-05-02 08:05:51
14053,45,3043,62,2025-01-16 06:12:12
14054,19,4713,90,2025-12-29 06:25:08
14055,17,1712,90,2025-10-29 18:53:53
14056,90,4046,55,2025-07-04 05:02:41
14057,21,17,9,2025-04-04 22:18:54
14058,25,239,5,2025-03-24 01:17:31
14059,25,3077,72,2025-05-29 01:36:05
14060,8,4784,70,2026-01-04 13:06:24
14061,6,728,67,2025-04-09 15:09:37
14062,43,4810,99,2025-04-10 17:25:50
14063,23,4368,64,2026-01-30 01:35:05
14064,46,1867,94,2025-01-12 14:26:15
14065,53,1629,4,2025-03-06 19:51:35
14066,17,2179,67,2025-03-22 00:22:14
14067,41,4734,88,2025-07-20 03:35:53
14068,11,1243,7,2025-04-07 07:40:37
14069,57,6,97,2025-03-16 23:33:43
14070,10,813,17,2025-12-16 06:52:46
14071,19,278,21,2025-07-07 13:11:29
14072,88,4955,55,2025-06-16 10:15:08
14073,5,4988,92,2025-12-28 20:28:47
14074,77,295,56,2025-06-19 16:53:06
14075,47,403,77,2025-05-30 09:02:51
14076,9,4842,34,2025-10-16 10:16:44
14077,29,938,80,2025-11-04 03:02:20
14078,36,1877,73,2025-08-03 11:52:07
14079,16,1455,100,2025-12-23 05:00:52
14080,56,3672,43,2025-07-11 00:11:40
14081,99,1320,93,2025-09-27 09:07:05
14082,50,732,24,2025-08-28 08:37:21
14083,71,1000,49,2026-01-08 04:02:38
14084,65,529,18,2025-01-10 03:06:57
14085,42,2822,62,2025-07-21 12:10:46
14086,41,528,98,2025-06-10 12:10:47
14087,5,2945,39,2025-03-04 20:56:47
14088,26,350,39,2025-02-26 09:13:30
14089,1,2294,48,2025-04-14 14:41:24
14090,75,4810,22,2025-11-29 08:49:52
14091,65,754,26,2025-01-13 00:04:22
14092,26,4957,49,2025-09-19 20:56:50
14093,81,3682,28,2025-04-29 14:34:06
14094,3,3201,32,2026-01-04 03:13:01
14095,76,3903,20,2025-03-24 15:54:04
14096,73,4797,40,2025-08-15 03:36:11
14097,75,2533,9,2025-05-13 21:45:31
14098,19,2145,47,2025-08-04 23:42:21
14099,66,3706,32,2025-03-09 12:15:25
14100,72,3794,36,2025-04-11 12:22:21
14101,99,1452,32,2025-06-12 10:40:35
14102,53,902,10,2025-10-03 15:12:46
14103,36,280,3,2025-06-27 10:21:36
14104,40,4583,81,2025-04-02 07:25:44
14105,95,4817,5,2026-01-25 16:28:43
14106,88,3088,68,2025-06-18 19:53:24
14107,1,4213,61,2025-11-19 19:39:42
14108,87,4945,96,2025-08-16 22:19:48
14109,38,2189,56,2026-01-21 10:28:53
14110,87,1210,20,2025-02-26 03:53:43
14111,40,476,55,2025-10-19 10:26:25
14112,98,3318,20,2025-09-21 10:56:20
14113,68,1675,66,2025-10-02 09:30:47
14114,33,391,69,2025-03-10 15:25:49
14115,82,2023,42,2025-10-09 08:36:35
14116,73,3313,13,2025-11-26 15:59:05
14117,47,3391,92,2025-03-29 17:05:13
14118,70,3987,71,2025-11-07 13:59:59
14119,60,464,70,2025-09-23 02:44:07
14120,33,2844,68,2025-02-24 11:45:10
14121,16,4830,38,2025-01-21 00:53:41
14122,88,4663,63,2025-11-09 17:58:39
14123,54,1234,22,2025-11-09 14:51:51
14124,70,1397,19,2025-10-12 22:58:23
14125,30,1916,44,2025-01-05 11:36:36
14126,88,1994,82,2025-08-18 21:00:34
14127,82,4522,53,2025-09-11 08:01:35
14128,18,2557,99,2025-12-09 18:38:10
14129,38,2199,85,2025-12-28 08:49:14
14130,52,3612,11,2025-06-12 06:06:49
14131,75,98,91,2025-12-22 05:01:17
14132,22,1122,9,2025-05-30 16:42:19
14133,6,3947,83,2025-01-20 08:14:25
14134,26,3027,34,2025-10-21 10:24:27
14135,8,4695,35,2025-04-15 06:58:00
14136,91,1518,28,2025-01-27 18:14:05
14137,65,4881,64,2025-11-28 01:16:41
14138,89,3899,36,2025-09-01 23:16:31
14139,67,348,13,2025-10-15 16:39:41
14140,88,4118,18,2025-08-15 05:33:10
14141,7,4565,32,2025-07-24 05:56:22
14142,85,1580,4,2025-05-29 08:23:10
14143,97,1126,40,2025-12-12 06:00:10
14144,81,808,86,2025-05-16 22:18:30
14145,97,1416,48,2025-08-30 05:37:32
14146,44,766,2,2026-01-29 06:57:02
14147,98,2723,100,2025-04-01 08:34:15
14148,60,886,53,2025-01-10 02:50:15
14149,97,2362,82,2025-03-24 04:44:31
14150,8,2336,57,2025-03-05 19:00:06
14151,68,1639,97,2025-03-31 16:11:01
14152,60,3424,10,2025-06-20 06:10:35
14153,50,3091,68,2025-05-11 23:46:07
14154,49,1909,19,2026-02-05 12:15:45
14155,87,2343,94,2026-01-03 10:41:14
14156,87,4119,92,2025-08-08 10:25:04
14157,38,4346,82,2025-10-31 13:58:17
14158,67,1186,60,2025-03-24 23:05:21
14159,15,3241,50,2025-10-14 14:14:35
14160,47,867,80,2025-08-17 12:18:22
14161,43,3590,41,2025-07-23 19:28:10
14162,37,3815,64,2025-07-10 00:09:47
14163,77,4355,100,2025-06-02 04:53:04
14164,33,3801,80,2025-10-24 13:42:13
14165,62,3222,78,2025-02-24 11:15:12
14166,83,2635,89,2025-02-08 12:37:26
14167,97,4112,54,2025-04-15 15:29:05
14168,74,3415,74,2025-11-29 20:52:04
14169,98,609,56,2025-02-04 10:33:34
14170,30,3056,12,2026-01-02 05:40:09
14171,78,321,25,2025-10-24 06:00:37
14172,29,583,28,2025-04-06 01:13:10
14173,30,3055,32,2025-12-09 08:27:08
14174,98,4096,74,2025-02-20 02:42:51
14175,70,847,89,2025-09-22 16:10:54
14176,3,824,83,2025-09-27 13:35:27
14177,54,1429,17,2025-03-28 23:40:03
14178,66,1551,65,2025-10-21 02:30:26
14179,83,1828,34,2025-11-29 02:59:15
14180,15,4984,78,2025-04-23 06:52:34
14181,24,4015,8,2025-10-27 02:46:15
14182,61,3346,42,2026-01-30 18:11:10
14183,55,2578,43,2025-12-01 17:38:40
14184,34,2974,36,2025-08-18 05:14:43
14185,54,1833,45,2026-02-03 13:29:25
14186,39,2133,65,2025-12-26 13:42:37
14187,16,1086,48,2025-11-09 09:57:42
14188,12,3424,67,2025-09-28 07:02:11
14189,8,4665,61,2025-03-20 22:05:17
14190,24,1876,49,2025-09-10 04:28:30
14191,32,1306,10,2025-04-08 01:27:02
14192,85,1624,22,2025-02-26 02:15:41
14193,7,1982,41,2025-12-05 06:49:28
14194,17,2619,17,2025-02-24 19:43:04
14195,6,1528,58,2025-04-13 22:51:45
14196,68,1099,27,2026-01-20 18:11:58
14197,69,3624,36,2025-12-27 22:19:55
14198,79,3902,10,2025-11-30 23:35:24
14199,53,2902,33,2025-04-17 10:16:52
14200,33,2204,99,2025-03-14 05:41:14
14201,25,817,16,2025-11-21 18:52:04
14202,47,4023,87,2025-08-11 19:40:37
14203,20,695,31,2025-07-26 08:26:15
14204,35,3402,22,2025-02-28 14:41:38
14205,97,1958,26,2025-08-28 00:42:07
14206,58,4297,74,2025-05-14 15:19:59
14207,95,1992,85,2025-07-11 13:19:35
14208,57,1426,35,2025-05-10 14:49:31
14209,20,2626,52,2026-01-11 16:41:08
14210,74,4297,86,2025-01-11 15:23:07
14211,45,996,16,2025-09-19 09:54:07
14212,29,4257,8,2025-05-22 06:36:23
14213,50,2640,65,2025-08-09 01:06:22
14214,100,172,94,2025-04-09 05:58:53
14215,46,1398,46,2025-07-31 21:21:54
14216,10,4276,16,2025-10-21 23:55:13
14217,7,1205,40,2025-04-24 03:48:34
14218,22,603,88,2025-08-01 13:44:14
14219,46,131,85,2025-01-28 15:13:10
14220,85,2173,48,2025-10-02 03:32:24
14221,99,3066,13,2025-05-03 06:31:58
14222,99,3343,50,2025-05-08 06:24:26
14223,34,1455,10,2025-04-02 00:00:03
14224,12,750,83,2026-01-15 00:40:41
14225,76,1513,84,2025-10-25 07:36:24
14226,66,3842,72,2025-05-16 04:42:57
14227,78,3442,84,2025-11-12 13:39:04
14228,36,2750,6,2025-04-21 20:20:57
14229,20,121,39,2025-04-28 21:23:48
14230,13,3533,54,2025-03-12 18:36:01
14231,87,2023,1,2025-09-29 05:14:41
14232,90,998,48,2025-03-01 00:51:42
14233,88,3920,30,2025-03-23 16:24:55
14234,48,3704,2,2025-03-09 19:00:02
14235,100,3651,96,2025-07-23 08:06:42
14236,14,2399,81,2025-03-09 01:32:00
14237,40,22,39,2025-08-22 07:10:24
14238,28,4933,69,2025-11-12 12:07:40
14239,37,2896,70,2025-03-03 08:27:47
14240,44,331,45,2026-01-14 02:43:25
14241,85,1043,39,2025-06-27 07:44:13
14242,21,834,11,2025-12-21 09:23:01
14243,17,2737,64,2025-11-30 01:49:38
14244,65,52,93,2025-05-09 13:05:35
14245,47,176,59,2025-07-31 05:01:15
14246,50,2504,56,2025-01-28 21:44:27
14247,10,178,90,2025-08-20 16:23:28
14248,57,2580,51,2025-10-08 22:41:58
14249,11,4867,88,2025-05-31 06:43:46
14250,95,3029,76,2025-05-04 23:39:51
14251,54,4603,35,2025-09-12 10:41:37
14252,75,457,79,2025-07-19 17:19:21
14253,79,847,65,2025-09-06 04:02:29
14254,42,1126,54,2025-04-13 12:14:21
14255,9,3828,20,2025-08-04 02:55:34
14256,86,3438,82,2025-11-06 16:14:46
14257,24,301,93,2026-01-07 08:30:18
14258,13,394,79,2025-11-26 10:24:58
14259,88,3446,40,2025-11-28 11:48:15
14260,65,3199,72,2025-12-17 17:06:37
14261,89,4761,95,2025-06-14 04:43:33
14262,96,1310,22,2025-10-20 02:39:10
14263,93,3106,98,2025-10-14 17:01:23
14264,65,2065,77,2025-12-21 07:03:16
14265,72,3419,56,2025-11-08 04:21:07
14266,45,4603,86,2026-01-27 02:35:45
14267,6,1607,31,2025-03-05 10:00:36
14268,31,3929,29,2026-01-29 05:13:50
14269,100,628,91,2025-06-30 01:17:13
14270,28,2255,24,2025-03-04 23:55:28
14271,37,2823,26,2025-05-01 11:52:59
14272,90,2125,55,2025-09-18 11:59:45
14273,86,4211,23,2026-02-03 20:09:22
14274,96,3118,73,2025-10-28 11:40:38
14275,51,907,95,2025-09-20 00:07:01
14276,44,3846,74,2025-08-06 02:38:20
14277,27,3820,57,2025-04-20 15:22:30
14278,16,2932,46,2025-03-18 15:01:07
14279,29,109,61,2025-10-17 03:28:29
14280,19,439,74,2025-05-13 22:50:51
14281,97,3055,89,2025-11-03 15:17:33
14282,98,3184,74,2025-04-28 05:21:50
14283,93,1333,35,2025-03-29 08:55:37
14284,32,615,23,2026-02-03 04:23:52
14285,2,2836,75,2026-01-14 18:12:23
14286,88,2864,90,2025-10-05 12:05:00
14287,59,2546,66,2025-01-03 10:40:23
14288,84,4191,71,2025-05-11 10:40:05
14289,68,4308,71,2025-01-09 06:42:35
14290,18,3748,3,2025-03-15 14:14:18
14291,78,3863,40,2025-05-26 14:35:14
14292,88,1423,32,2025-03-06 00:47:21
14293,17,3146,95,2025-08-12 11:20:27
14294,6,3963,74,2025-01-10 05:27:02
14295,98,1225,26,2025-05-13 18:43:55
14296,91,4080,70,2025-02-09 17:09:29
14297,5,2101,75,2026-01-07 17:24:53
14298,78,3399,51,2025-05-20 21:13:35
14299,43,691,10,2025-02-23 04:23:34
14300,70,625,8,2025-04-09 05:26:15
14301,8,3265,57,2025-03-22 09:00:47
14302,9,2451,90,2025-04-10 01:36:18
14303,14,2458,28,2025-07-21 03:30:11
14304,38,1457,96,2025-03-02 19:12:35
14305,48,4496,27,2025-04-01 06:47:03
14306,28,3143,36,2025-03-27 15:23:50
14307,22,4803,50,2025-06-17 09:27:29
14308,95,2288,29,2026-01-09 23:15:17
14309,59,4005,6,2025-02-24 00:28:32
14310,44,2629,93,2026-02-04 05:40:21
14311,62,640,1,2025-08-26 13:49:20
14312,64,544,16,2025-02-12 12:33:34
14313,57,4964,69,2025-12-09 15:23:32
14314,20,465,36,2025-10-06 20:56:16
14315,74,2001,1,2025-09-05 14:47:00
14316,3,3773,60,2025-02-12 02:51:29
14317,51,1075,74,2025-02-24 19:17:13
14318,34,3455,63,2025-10-14 11:26:44
14319,95,4809,57,2025-08-18 00:21:57
14320,9,1393,88,2025-01-26 06:13:04
14321,7,2181,6,2025-03-15 10:17:22
14322,47,204,50,2025-11-26 00:55:22
14323,84,1807,57,2025-04-04 01:20:51
14324,19,2814,78,2025-08-04 04:21:38
14325,8,4315,54,2025-08-13 08:51:35
14326,32,1313,72,2025-11-30 17:01:18
14327,27,1447,41,2025-07-12 12:07:30
14328,2,3326,94,2025-07-29 11:32:48
14329,93,1780,39,2025-11-18 10:57:51
14330,97,3726,21,2025-09-17 02:43:55
14331,33,2242,3,2025-07-14 03:39:56
14332,93,1514,4,2025-08-30 16:22:30
14333,69,4087,63,2025-03-31 05:33:25
14334,46,1924,71,2025-07-30 15:32:11
14335,8,97,17,2025-06-05 22:09:11
14336,11,2133,57,2026-01-25 21:15:57
14337,71,1028,40,2025-08-25 00:28:17
14338,9,4115,92,2025-08-05 05:34:19
14339,42,1778,31,2025-07-29 22:27:41
14340,57,1379,90,2025-12-13 06:46:35
14341,88,4432,40,2025-01-07 22:20:52
14342,35,1560,88,2025-05-14 01:58:09
14343,50,213,44,2025-11-20 11:04:27
14344,7,1488,92,2025-12-07 14:09:54
14345,82,2772,15,2025-06-13 08:44:18
14346,57,1956,20,2025-09-08 14:08:22
14347,91,3271,9,2025-08-28 11:26:15
14348,78,1943,71,2025-10-04 07:29:24
14349,69,3987,30,2025-11-23 08:26:12
14350,93,4378,35,2025-12-14 19:56:57
14351,57,1993,60,2026-01-12 14:31:36
14352,61,4592,46,2025-10-19 23:10:55
14353,10,1640,84,2025-03-04 21:46:34
14354,31,3953,8,2025-07-31 20:09:57
14355,7,4354,100,2026-01-08 21:53:47
14356,56,82,34,2025-09-02 02:18:03
14357,37,3680,75,2025-11-30 08:02:23
14358,72,4576,28,2025-11-02 06:46:44
14359,57,250,58,2025-03-29 00:56:07
14360,43,3871,17,2026-01-23 00:42:58
14361,13,2774,38,2025-01-24 21:31:21
14362,17,3967,31,2025-05-12 21:56:08
14363,98,4675,11,2025-01-10 10:04:16
14364,78,2741,16,2025-08-23 09:56:14
14365,48,4912,80,2025-06-07 15:04:48
14366,25,200,7,2025-12-30 14:58:36
14367,40,3717,2,2025-03-16 14:47:48
14368,33,859,39,2025-09-02 22:09:10
14369,94,1064,55,2025-10-17 20:25:54
14370,54,4217,22,2025-07-29 01:27:21
14371,69,4062,94,2025-08-24 11:25:37
14372,57,747,87,2025-04-07 08:57:26
14373,54,4416,44,2025-07-18 13:00:06
14374,56,3188,14,2025-05-01 06:41:36
14375,78,2456,91,2026-01-26 00:39:17
14376,11,49,4,2026-01-20 18:21:11
14377,88,3289,44,2025-07-11 17:11:08
14378,36,3922,34,2026-01-10 05:00:01
14379,49,2403,23,2025-06-27 14:14:50
14380,7,3345,31,2025-02-21 02:43:16
14381,84,4825,22,2026-01-19 05:35:40
14382,98,1689,51,2025-03-24 13:18:31
14383,2,1018,17,2025-12-07 13:15:24
14384,73,337,14,2025-06-16 00:01:29
14385,13,4206,28,2025-01-06 16:32:38
14386,53,1844,25,2025-06-09 07:08:26
14387,43,1189,80,2025-02-11 13:34:48
14388,2,4407,89,2026-01-12 11:43:44
14389,87,3953,41,2025-08-11 00:01:11
14390,54,1774,51,2025-04-24 18:48:47
14391,72,810,85,2025-05-10 15:32:04
14392,13,537,36,2025-10-10 03:01:39
14393,81,4504,87,2025-05-20 13:55:10
14394,17,4851,88,2025-03-16 17:57:21
14395,39,3617,18,2025-03-12 12:21:59
14396,40,763,85,2025-10-04 07:43:29
14397,90,1105,67,2025-11-29 19:31:59
14398,49,4103,14,2025-09-10 04:08:56
14399,98,1340,89,2025-04-26 23:43:39
14400,10,3454,64,2025-12-18 08:25:11
14401,44,536,7,2025-07-04 17:27:25
14402,97,4790,93,2025-06-30 15:15:46
14403,6,2614,86,2025-06-03 04:21:30
14404,32,1693,15,2025-02-16 09:38:11
14405,96,4530,42,2025-08-09 12:52:02
14406,55,3941,25,2025-03-16 09:49:30
14407,51,1880,70,2025-12-18 11:17:15
14408,7,568,32,2025-12-03 00:58:39
14409,61,1629,43,2025-06-12 06:34:14
14410,15,4099,16,2025-08-13 20:53:06
14411,41,3462,50,2025-09-21 02:29:54
14412,84,467,12,2025-02-22 16:28:53
14413,5,4183,70,2025-07-21 23:23:09
14414,76,3887,44,2025-03-27 13:31:04
14415,8,4877,68,2025-06-27 21:03:27
14416,52,874,92,2026-01-23 07:02:29
14417,33,1345,71,2025-02-07 06:19:50
14418,10,2568,54,2025-09-10 03:24:09
14419,4,4014,39,2025-09-29 01:00:04
14420,12,3534,34,2025-02-08 00:09:09
14421,5,110,70,2025-01-29 12:53:15
14422,90,4734,35,2025-06-03 07:37:31
14423,29,679,82,2025-05-01 00:51:27
14424,42,3933,73,2025-03-26 18:40:03
14425,92,27,56,2025-08-27 04:57:15
14426,10,4149,67,2025-12-04 17:25:28
14427,83,1938,58,2025-06-17 16:01:01
14428,2,321,0,2025-02-18 09:20:50
14429,78,2890,71,2025-03-31 08:48:47
14430,77,3252,75,2025-02-06 22:30:40
14431,60,2511,78,2025-07-14 22:46:39
14432,61,1486,69,2025-01-03 09:10:28
14433,51,4436,21,2025-04-26 02:43:45
14434,56,1978,97,2025-08-31 15:56:33
14435,11,768,97,2025-02-16 15:45:19
14436,74,3084,71,2025-12-06 22:15:06
14437,16,3384,71,2025-07-11 16:31:02
14438,59,1352,4,2025-04-18 17:36:45
14439,9,2070,7,2025-04-18 08:39:28
14440,87,702,89,2025-06-01 15:38:48
14441,46,3137,73,2026-01-03 03:11:37
14442,22,834,3,2026-01-26 20:22:30
14443,76,4583,15,2025-09-02 06:21:51
14444,25,3368,96,2025-08-31 06:41:23
14445,71,2580,7,2025-06-12 19:11:28
14446,81,3722,63,2025-03-12 21:27:50
14447,42,4089,99,2025-07-13 07:57:34
14448,25,1756,23,2025-02-12 14:37:31
14449,46,194,35,2025-08-25 21:18:38
14450,75,4276,78,2026-01-24 13:41:37
14451,79,4908,23,2026-01-15 01:22:47
14452,92,3029,19,2025-08-02 13:47:15
14453,78,3795,0,2025-11-04 02:39:54
14454,31,3834,77,2025-05-22 10:14:46
14455,35,2635,67,2025-07-29 13:13:49
14456,86,4763,34,2025-08-09 04:36:20
14457,39,2711,66,2025-02-03 14:11:36
14458,66,3996,100,2025-11-09 03:20:49
14459,51,4494,11,2025-04-11 02:16:46
14460,42,4964,67,2025-03-29 22:56:49
14461,77,4976,39,2025-06-07 14:15:39
14462,67,1793,28,2025-08-07 12:03:53
14463,36,2303,52,2025-10-24 06:15:32
14464,4,1325,2,2025-07-10 18:02:53
14465,27,2067,83,2025-08-04 20:16:36
14466,25,662,94,2025-05-01 02:49:40
14467,57,4722,85,2025-02-28 09:39:20
14468,74,2641,90,2025-12-10 04:33:10
14469,68,2280,49,2025-12-11 16:54:29
14470,60,1308,33,2025-08-05 03:05:07
14471,82,193,31,2026-01-11 07:05:16
14472,58,63,38,2025-09-25 03:07:38
14473,52,587,9,2025-03-22 02:23:07
14474,56,4888,33,2025-02-25 03:52:26
14475,65,1719,97,2026-01-16 01:38:56
14476,48,1492,55,2025-05-04 03:06:05
14477,44,1239,50,2025-09-18 17:06:41
14478,85,4179,30,2025-06-26 01:21:44
14479,32,4814,96,2025-01-07 04:43:10
14480,43,1995,4,2025-03-05 02:13:04
14481,50,2006,76,2025-04-28 09:59:03
14482,13,3814,15,2025-06-19 23:42:03
14483,91,1787,55,2025-02-10 16:25:12
14484,71,533,28,2025-05-24 16:20:06
14485,92,4860,34,2025-11-17 03:52:57
14486,95,2439,19,2025-09-13 15:14:37
14487,22,3813,45,2025-11-27 20:31:15
14488,90,4663,1,2025-12-23 09:54:20
14489,72,3810,85,2026-01-18 01:50:19
14490,22,1452,58,2025-11-11 15:19:03
14491,36,3542,61,2025-02-07 07:57:28
14492,5,2605,28,2025-12-17 10:10:24
14493,59,1228,39,2025-08-16 05:10:57
14494,48,977,11,2025-09-29 05:51:55
14495,63,2522,92,2025-07-15 18:52:36
14496,98,1897,88,2025-03-13 17:05:16
14497,98,2799,94,2025-03-23 09:37:55
14498,45,1906,27,2025-08-31 15:48:09
14499,46,1137,34,2025-07-07 01:32:06
14500,1,3578,1,2025-12-24 20:05:40
14501,3,1375,77,2025-03-08 23:54:42
14502,97,2581,40,2025-05-24 20:52:32
14503,81,420,99,2025-01-05 09:36:20
14504,49,438,99,2025-07-15 02:08:56
14505,10,3335,15,2026-01-27 02:59:06
14506,81,3181,60,2025-11-15 01:16:08
14507,30,1098,59,2025-11-08 08:16:15
14508,66,2849,0,2025-10-16 23:12:50
14509,49,2975,17,2025-12-24 22:15:42
14510,42,2200,100,2025-12-03 05:45:07
14511,25,2997,34,2025-03-04 00:17:33
14512,10,4113,92,2025-05-13 22:27:43
14513,50,2664,57,2025-06-03 06:32:39
14514,70,2376,58,2025-07-25 22:16:28
14515,71,3492,3,2025-11-19 03:16:08
14516,39,226,52,2025-02-12 07:30:45
14517,65,2055,60,2025-04-05 08:44:42
14518,61,2506,2,2025-10-03 00:42:42
14519,44,1375,22,2025-02-12 03:20:30
14520,71,4503,59,2025-02-10 03:53:43
14521,85,551,61,2025-02-20 23:23:57
14522,78,475,18,2025-07-09 08:57:53
14523,81,1253,81,2025-09-07 07:35:32
14524,69,4302,29,2025-07-26 13:27:35
14525,3,3879,66,2025-06-05 20:52:25
14526,49,3404,28,2025-10-20 13:08:14
14527,7,169,36,2025-04-07 20:55:07
14528,50,1624,16,2026-01-26 16:30:29
14529,30,754,87,2025-01-19 22:25:01
14530,74,2858,25,2025-01-09 12:41:05
14531,54,4506,90,2025-06-05 09:01:28
14532,44,2888,11,2025-12-12 07:46:43
14533,90,1994,74,2026-01-16 04:44:53
14534,95,4865,56,2025-12-27 00:42:14
14535,76,1235,0,2025-07-14 00:35:01
14536,29,181,86,2025-04-23 21:46:32
14537,99,535,88,2026-01-13 18:33:54
14538,98,1531,20,2025-02-27 12:15:20
14539,79,3724,12,2025-11-15 07:56:45
14540,83,1151,57,2025-03-27 03:51:08
14541,13,1951,100,2025-12-03 13:30:25
14542,67,4264,63,2025-11-14 01:01:09
14543,56,1291,33,2025-03-04 22:06:29
14544,53,4220,50,2025-08-16 04:27:50
14545,44,4899,96,2025-05-13 02:33:56
14546,32,3157,86,2026-01-12 16:24:47
14547,86,1818,63,2025-06-06 14:00:57
14548,87,470,100,2025-12-31 20:41:27
14549,32,3767,50,2025-04-18 18:24:01
14550,18,3766,27,2025-11-09 20:52:50
14551,65,2822,94,2025-07-29 03:03:02
14552,20,1722,47,2025-03-31 03:40:32
14553,86,2146,1,2025-03-11 03:21:52
14554,88,1887,31,2025-04-18 02:10:28
14555,29,132,45,2025-05-24 11:05:47
14556,34,2001,49,2025-12-26 04:13:59
14557,26,726,92,2025-01-13 19:35:54
14558,18,4954,4,2025-12-29 15:45:43
14559,72,2974,24,2025-12-23 00:19:04
14560,33,2487,2,2025-01-28 05:02:56
14561,58,290,15,2025-04-13 19:10:19
14562,20,2675,68,2025-08-10 01:01:43
14563,78,1017,48,2026-01-28 08:53:12
14564,25,2353,48,2025-02-06 17:30:24
14565,77,145,10,2025-02-19 17:58:38
14566,40,411,88,2025-12-01 12:09:49
14567,78,1827,51,2026-01-23 02:57:17
14568,28,4579,46,2025-05-13 10:47:46
14569,5,4650,38,2025-11-27 11:13:52
14570,97,4724,100,2025-07-21 04:00:48
14571,38,952,83,2025-03-28 07:33:34
14572,15,3366,70,2025-06-23 08:25:58
14573,19,3487,100,2025-04-18 23:48:44
14574,69,584,83,2025-10-10 09:15:59
14575,3,4854,11,2025-10-30 19:38:09
14576,76,2952,82,2025-02-24 10:26:40
14577,79,4184,29,2025-06-19 18:10:01
14578,90,1945,36,2025-10-29 04:24:55
14579,1,1567,11,2025-04-21 07:29:09
14580,89,3418,76,2026-01-04 12:28:42
14581,93,635,78,2025-02-14 00:16:53
14582,99,2073,81,2026-01-04 10:59:27
14583,82,980,83,2025-03-30 08:11:50
14584,100,1711,96,2025-10-01 12:00:44
14585,76,865,84,2026-01-15 22:19:09
14586,23,4806,48,2025-03-08 10:24:11
14587,41,4020,28,2025-05-27 09:37:18
14588,96,1503,71,2025-03-16 16:02:47
14589,28,15,69,2025-04-08 10:47:59
14590,51,3765,61,2026-01-22 20:35:31
14591,12,1480,84,2025-12-30 05:23:30
14592,76,4288,68,2025-06-28 03:12:11
14593,44,2852,5,2025-07-29 10:11:11
14594,31,263,73,2025-10-23 16:33:52
14595,86,1125,30,2025-12-28 08:41:31
14596,82,4818,97,2026-01-21 03:33:34
14597,35,1673,33,2025-02-04 14:46:36
14598,72,4205,19,2025-12-11 13:40:06
14599,40,552,98,2025-10-22 18:46:18
14600,80,6,33,2025-09-17 05:38:21
14601,54,77,44,2025-03-16 01:17:30
14602,50,2786,10,2025-03-16 03:14:57
14603,7,391,83,2025-12-11 02:00:24
14604,97,2778,26,2025-06-02 20:28:41
14605,62,971,37,2025-10-28 06:50:38
14606,86,2576,70,2025-11-27 19:34:10
14607,15,996,29,2025-09-09 10:11:03
14608,19,477,19,2025-11-05 13:38:32
14609,14,4915,97,2025-07-07 18:05:38
14610,67,4778,33,2025-03-09 12:17:17
14611,12,1396,66,2025-06-05 03:13:54
14612,65,4298,73,2026-01-08 06:24:34
14613,36,662,12,2026-01-28 16:40:40
14614,89,668,77,2026-01-20 00:39:35
14615,39,1124,74,2025-12-25 22:10:32
14616,35,4220,73,2026-01-03 03:52:45
14617,91,4951,97,2025-11-13 00:39:16
14618,23,2658,51,2026-01-13 02:56:23
14619,7,2670,71,2025-05-10 21:36:04
14620,30,4755,69,2025-10-26 18:09:26
14621,5,2250,47,2025-01-26 16:44:49
14622,11,3579,84,2025-01-03 21:57:21
14623,60,3738,89,2026-01-25 13:50:48
14624,2,2963,88,2025-01-31 01:35:28
14625,44,23,73,2025-11-02 00:36:56
14626,16,4025,34,2025-04-03 17:34:16
14627,6,4508,20,2026-01-07 05:21:34
14628,79,2468,71,2025-09-22 10:11:25
14629,23,1373,81,2025-04-25 20:00:34
14630,61,2345,93,2026-01-18 03:06:31
14631,62,4967,65,2025-09-23 15:43:30
14632,50,1406,37,2025-08-01 06:48:33
14633,21,1014,5,2025-09-07 20:48:12
14634,76,4428,7,2025-07-18 04:58:48
14635,29,3287,13,2026-01-20 08:37:00
14636,56,940,84,2025-11-05 14:43:39
14637,8,3109,9,2025-01-19 17:29:02
14638,76,2488,100,2025-08-27 20:34:53
14639,64,922,48,2025-09-07 23:12:40
14640,84,4194,37,2025-10-24 01:06:28
14641,40,3621,25,2025-11-09 01:03:10
14642,26,3367,19,2025-12-26 14:11:16
14643,14,4781,34,2026-01-13 00:45:51
14644,69,2092,20,2025-11-03 07:25:01
14645,73,753,100,2025-02-26 21:21:08
14646,29,1236,64,2025-05-10 00:33:05
14647,29,2813,99,2025-05-04 04:41:38
14648,44,21,15,2025-06-03 07:18:00
14649,31,3840,49,2025-07-26 23:48:58
14650,21,2446,87,2025-07-10 08:47:11
14651,24,1058,29,2025-09-03 02:28:19
14652,33,1885,92,2025-12-18 19:29:48
14653,65,481,26,2026-01-29 05:31:56
14654,7,1580,28,2025-03-01 13:06:32
14655,42,2546,55,2025-09-13 23:56:45
14656,77,3492,99,2025-07-05 13:52:12
14657,22,3893,7,2025-10-23 16:59:20
14658,91,4871,92,2025-11-18 10:24:00
14659,88,1305,87,2025-03-18 14:17:10
14660,8,97,12,2025-07-05 00:25:16
14661,81,4126,3,2025-06-13 13:03:00
14662,53,2532,27,2025-03-03 10:55:10
14663,32,2612,73,2025-07-29 22:23:14
14664,69,1358,61,2025-09-02 10:45:36
14665,70,3871,31,2025-08-16 02:07:11
14666,32,609,72,2025-05-06 23:16:55
14667,12,707,59,2025-06-09 23:03:34
14668,29,1878,39,2025-05-19 21:00:57
14669,56,2675,93,2025-05-30 21:21:04
14670,99,4718,8,2025-04-11 14:08:25
14671,73,3115,15,2025-10-08 19:05:16
14672,85,721,19,2025-11-02 17:35:50
14673,90,2523,95,2025-09-07 04:19:19
14674,93,4204,72,2025-07-07 00:29:12
14675,52,4283,52,2025-01-26 14:54:27
14676,5,3843,26,2025-03-27 22:37:55
14677,77,4237,69,2025-02-28 02:24:42
14678,89,4712,35,2026-01-11 15:34:27
14679,37,1223,20,2025-04-05 13:44:35
14680,59,95,38,2025-08-11 11:47:59
14681,92,4231,52,2025-10-11 05:10:46
14682,7,519,53,2025-04-01 09:45:32
14683,58,717,98,2025-04-10 08:47:05
14684,31,2267,38,2025-03-29 18:21:00
14685,25,1987,72,2026-01-17 07:40:55
14686,61,2190,34,2025-10-15 06:15:51
14687,31,589,0,2025-06-12 05:26:23
14688,76,3357,15,2025-07-04 17:26:58
14689,63,4260,77,2025-06-23 09:21:17
14690,69,828,84,2025-11-13 02:44:51
14691,26,2776,25,2025-03-21 21:58:07
14692,5,835,91,2025-08-31 04:26:29
14693,28,4953,7,2025-05-19 21:06:57
14694,97,1355,68,2026-01-21 02:20:01
14695,74,4259,88,2025-05-23 21:46:10
14696,4,468,26,2025-05-27 02:56:09
14697,96,3187,81,2025-03-23 20:07:53
14698,99,4303,53,2025-12-15 06:27:24
14699,39,3309,11,2025-03-11 21:10:07
14700,75,503,47,2025-03-07 14:06:27
14701,49,2055,100,2025-09-25 03:59:35
14702,36,3920,38,2025-04-16 16:32:10
14703,69,4168,33,2025-08-21 23:46:32
14704,46,2821,35,2025-06-08 19:28:49
14705,33,3595,7,2025-12-13 21:55:51
14706,79,4110,30,2025-11-07 03:07:37
14707,67,474,55,2025-08-10 13:19:23
14708,10,3576,28,2025-09-02 03:12:27
14709,27,3453,59,2025-12-13 05:42:33
14710,1,3186,98,2025-11-18 03:37:27
14711,5,719,81,2025-10-11 02:34:18
14712,24,2472,3,2025-09-28 02:31:46
14713,95,2900,88,2025-09-23 03:44:02
14714,56,1490,70,2025-02-15 07:55:09
14715,51,4825,90,2026-01-31 21:27:06
14716,71,2425,18,2025-12-04 16:17:09
14717,23,1482,27,2025-10-29 05:54:16
14718,50,4251,64,2025-10-15 10:54:57
14719,78,3445,49,2025-10-23 20:57:52
14720,20,4421,11,2025-01-12 06:28:23
14721,21,1926,79,2025-02-23 03:54:09
14722,90,3896,16,2025-03-04 11:17:20
14723,16,1496,74,2025-01-05 12:15:45
14724,99,2357,71,2025-11-17 07:37:35
14725,13,3094,98,2025-05-13 18:10:57
14726,51,891,75,2025-01-01 17:33:37
14727,5,750,7,2025-07-11 12:22:02
14728,42,1833,50,2025-05-13 18:34:17
14729,67,2964,2,2025-10-12 11:13:41
14730,15,2407,23,2025-10-15 19:00:15
14731,69,1380,60,2025-07-05 20:24:54
14732,1,1685,38,2025-04-23 17:07:18
14733,34,4204,20,2025-10-26 03:46:51
14734,82,4425,23,2025-10-18 00:35:13
14735,100,870,70,2025-10-28 11:21:18
14736,18,2008,67,2026-01-08 15:18:06
14737,64,2709,71,2025-03-15 22:46:14
14738,19,3591,55,2025-08-26 13:13:08
14739,99,367,2,2025-10-15 08:50:08
14740,41,269,24,2025-09-07 01:14:48
14741,47,2004,65,2025-07-31 19:28:14
14742,44,3152,21,2025-04-11 16:21:18
14743,20,692,10,2025-10-26 12:38:44
14744,23,4932,56,2025-10-07 06:15:45
14745,67,4920,26,2025-06-06 18:34:37
14746,25,3147,24,2025-03-09 20:51:43
14747,58,3071,28,2025-08-10 17:36:39
14748,41,3057,54,2025-07-06 13:14:36
14749,92,1924,42,2026-02-01 05:36:53
14750,33,1376,49,2025-08-22 03:58:47
14751,39,4843,100,2025-08-06 16:46:57
14752,53,4512,85,2025-03-13 06:42:48
14753,13,4170,42,2025-06-04 11:44:22
14754,92,4283,97,2026-01-26 18:42:25
14755,38,3429,42,2026-01-26 18:27:26
14756,78,1462,91,2026-01-24 05:21:43
14757,13,4003,45,2025-01-27 05:43:33
14758,93,3477,42,2025-07-28 13:10:24
14759,36,4935,95,2025-03-31 12:45:33
14760,8,2069,55,2026-01-08 15:37:54
14761,72,3658,81,2025-03-04 05:24:57
14762,5,3707,34,2025-05-21 20:35:19
14763,6,463,78,2025-10-09 05:14:13
14764,4,4961,84,2025-12-23 09:30:38
14765,79,1803,96,2025-04-10 23:20:39
14766,86,401,73,2025-10-05 21:54:34
14767,47,228,63,2026-01-27 11:28:18
14768,7,3893,63,2026-01-13 22:38:25
14769,90,2222,23,2025-12-24 20:06:32
14770,54,4791,94,2025-07-10 17:57:19
14771,23,3512,12,2025-01-22 03:51:09
14772,99,76,85,2025-09-17 13:13:17
14773,28,766,44,2025-09-14 04:51:41
14774,88,3765,97,2025-12-17 03:38:57
14775,74,1601,7,2025-09-16 13:36:43
14776,30,958,3,2026-01-04 07:25:39
14777,66,2498,18,2026-01-04 16:25:47
14778,10,4391,38,2025-10-22 02:02:49
14779,88,1376,40,2025-04-15 02:32:57
14780,14,1552,30,2025-11-21 06:43:34
14781,78,3241,44,2026-01-17 13:14:17
14782,69,3448,65,2025-02-20 03:42:22
14783,93,3503,45,2025-01-31 16:07:08
14784,86,90,94,2026-01-18 02:08:13
14785,96,2804,87,2025-05-31 05:22:48
14786,93,780,91,2025-08-27 16:49:59
14787,36,939,46,2025-06-25 05:54:34
14788,29,2210,52,2025-06-01 08:41:23
14789,12,4370,20,2025-02-26 17:37:21
14790,76,730,28,2025-11-26 06:41:50
14791,84,353,91,2025-05-03 16:30:49
14792,97,208,15,2025-11-16 11:05:13
14793,86,2694,11,2025-12-10 19:50:09
14794,38,4704,16,2025-02-09 09:49:19
14795,82,3531,1,2026-01-31 04:23:29
14796,14,65,41,2025-11-01 22:39:28
14797,6,2319,80,2025-05-01 16:47:47
14798,34,4559,21,2025-06-25 02:46:11
14799,99,1696,71,2025-08-21 09:14:55
14800,17,3277,45,2025-06-07 06:15:40
14801,57,3271,51,2025-01-23 12:59:38
14802,93,2831,68,2026-01-30 23:26:04
14803,4,3525,52,2025-03-20 11:06:53
14804,3,2700,45,2025-03-10 10:28:30
14805,85,3278,17,2026-01-17 22:59:44
14806,92,3116,12,2025-01-28 21:38:26
14807,80,3632,52,2025-07-24 20:59:10
14808,33,2304,7,2025-08-26 23:41:19
14809,69,2559,51,2025-07-31 14:50:08
14810,91,867,68,2025-04-26 14:17:10
14811,14,2883,28,2025-05-19 17:40:21
14812,50,3940,90,2025-03-21 02:26:29
14813,74,4001,35,2025-01-30 22:21:49
14814,65,2723,47,2025-02-12 23:38:09
14815,18,3294,94,2025-02-06 19:51:50
14816,13,4659,78,2025-05-09 20:22:15
14817,16,803,88,2025-04-08 13:10:39
14818,54,2440,57,2025-09-08 17:58:18
14819,90,4390,72,2025-07-29 08:25:14
14820,26,4326,96,2025-05-21 05:31:45
14821,45,1007,16,2025-08-15 17:53:01
14822,21,2712,96,2025-07-02 09:00:51
14823,33,3914,1,2025-08-12 09:04:14
14824,7,1732,8,2025-03-26 23:13:59
14825,54,3424,65,2026-01-19 23:46:14
14826,74,4772,98,2025-11-26 07:17:48
14827,35,3432,62,2025-08-03 07:07:15
14828,27,1641,16,2025-08-09 05:16:48
14829,22,3500,41,2025-08-08 12:26:45
14830,24,3096,22,2025-04-16 03:15:41
14831,48,233,88,2025-01-07 04:22:45
14832,20,4188,23,2025-01-09 22:59:17
14833,72,1994,86,2026-01-12 13:08:54
14834,75,4380,42,2025-02-25 07:15:11
14835,83,2842,85,2025-02-28 11:51:22
14836,66,3006,15,2025-04-24 06:31:46
14837,59,4831,9,2025-02-20 04:58:54
14838,84,1687,96,2025-03-29 19:29:11
14839,100,4453,77,2025-10-17 06:22:40
14840,68,547,84,2025-07-29 16:46:07
14841,57,1186,2,2025-10-21 02:34:25
14842,52,892,82,2025-02-20 09:04:58
14843,70,900,2,2025-07-13 11:50:08
14844,30,1343,49,2025-10-23 04:32:34
14845,83,2367,44,2025-05-24 16:09:27
14846,10,247,83,2025-01-15 07:54:18
14847,99,4600,49,2025-11-23 23:09:34
14848,25,296,10,2025-11-10 01:25:08
14849,47,1243,55,2025-05-11 06:51:28
14850,68,4773,3,2025-08-10 10:18:48
14851,43,587,78,2025-01-01 06:53:03
14852,81,2469,89,2025-02-28 15:34:37
14853,59,224,75,2025-08-01 03:26:17
14854,83,305,2,2025-08-13 11:04:03
14855,72,4408,87,2025-02-19 22:54:15
14856,86,1560,56,2026-01-30 02:04:06
14857,56,887,21,2026-02-04 08:17:31
14858,89,323,27,2025-01-15 11:10:07
14859,18,461,40,2025-09-02 05:44:55
14860,20,3602,9,2025-02-15 08:20:51
14861,64,1353,22,2025-06-20 17:41:57
14862,56,4636,100,2025-11-22 10:28:49
14863,32,1354,99,2025-11-03 18:40:59
14864,56,2575,77,2025-09-13 14:06:58
14865,9,4088,1,2025-03-09 07:53:54
14866,65,1052,56,2025-12-11 01:58:13
14867,37,250,87,2025-04-19 19:52:57
14868,22,1407,32,2025-10-18 18:50:45
14869,29,3527,32,2025-10-29 19:17:25
14870,31,3993,72,2026-02-04 20:16:14
14871,65,86,51,2025-08-04 13:17:03
14872,47,2555,31,2025-12-11 05:08:42
14873,56,2253,84,2025-05-12 19:40:58
14874,20,3042,5,2025-04-26 08:08:59
14875,5,1712,62,2025-08-03 23:18:24
14876,99,1742,92,2025-06-07 14:34:44
14877,47,2804,84,2025-06-29 20:20:29
14878,31,505,92,2025-04-17 02:32:47
14879,79,3612,24,2025-06-11 00:30:13
14880,33,970,36,2025-09-12 02:29:27
14881,42,1170,23,2026-01-17 18:41:40
14882,59,1298,58,2026-01-15 22:43:46
14883,51,2389,46,2025-01-17 20:37:14
14884,76,3048,49,2025-03-09 18:20:59
14885,91,661,66,2025-08-28 04:07:23
14886,53,1941,18,2025-03-26 19:56:14
14887,78,3115,30,2026-01-20 02:52:14
14888,71,3434,31,2026-01-27 06:44:48
14889,65,61,35,2025-07-18 01:53:06
14890,46,310,28,2025-05-18 12:18:54
14891,85,1884,34,2025-08-18 04:37:08
14892,31,4093,70,2025-06-10 03:03:14
14893,75,3348,90,2025-01-22 16:46:04
14894,56,2467,81,2025-07-06 18:36:20
14895,69,764,30,2025-09-25 10:35:47
14896,94,4575,61,2025-02-05 01:11:52
14897,79,1583,92,2025-10-18 18:34:13
14898,12,270,45,2025-06-07 21:48:39
14899,55,3736,91,2025-09-09 06:59:43
14900,76,38,13,2025-09-30 03:48:59
14901,94,2679,36,2025-07-24 00:42:31
14902,5,1600,46,2026-01-16 03:28:54
14903,54,2236,24,2025-01-28 04:02:57
14904,16,3799,76,2025-08-28 12:12:27
14905,25,3895,37,2025-11-04 21:35:27
14906,74,3902,69,2025-07-08 08:30:24
14907,92,924,94,2025-10-21 07:15:24
14908,90,563,97,2025-04-29 19:11:00
14909,11,1765,1,2025-05-19 18:35:17
14910,100,1384,96,2025-05-22 09:44:00
14911,23,4771,79,2025-05-01 09:01:22
14912,70,3860,39,2025-12-06 23:37:51
14913,24,3339,2,2025-08-18 05:33:52
14914,39,366,19,2025-01-03 03:02:29
14915,76,2987,89,2025-10-29 22:09:07
14916,37,104,37,2025-03-18 03:09:31
14917,10,802,100,2025-08-11 04:18:24
14918,66,2611,53,2025-09-24 19:18:14
14919,69,741,44,2025-11-05 10:33:10
14920,7,534,16,2025-09-23 19:49:42
14921,66,2831,89,2025-12-06 22:36:42
14922,60,954,95,2026-01-29 19:58:52
14923,14,2337,17,2025-06-20 03:06:18
14924,23,4345,29,2025-07-06 04:25:44
14925,44,3876,60,2025-12-15 05:48:46
14926,34,4421,16,2025-12-18 06:19:47
14927,62,4428,61,2025-04-15 20:21:43
14928,46,4751,60,2025-07-24 08:19:34
14929,15,1690,58,2025-02-26 09:10:06
14930,99,4820,87,2025-05-01 17:50:48
14931,51,2514,98,2026-01-18 01:21:44
14932,68,2877,44,2025-02-25 23:47:10
14933,47,3804,61,2025-11-25 03:37:45
14934,80,4999,7,2025-07-01 19:48:01
14935,88,4010,36,2025-04-29 09:39:45
14936,62,1620,41,2025-08-14 03:41:15
14937,82,4297,0,2025-06-02 22:48:03
14938,20,593,72,2025-07-08 20:24:55
14939,82,1371,92,2025-09-27 12:31:21
14940,60,398,58,2025-11-27 13:06:23
14941,89,1984,3,2025-03-19 04:02:22
14942,75,3940,75,2025-02-18 14:32:20
14943,5,2511,67,2025-06-23 23:01:51
14944,11,4153,92,2025-06-14 01:36:57
14945,78,3499,88,2026-01-13 05:49:52
14946,34,4687,25,2025-08-20 11:21:12
14947,33,1888,16,2025-11-10 12:38:34
14948,60,3040,72,2025-12-30 08:54:31
14949,76,3658,81,2026-01-30 18:33:27
14950,92,3105,43,2025-01-24 01:20:00
14951,70,3663,44,2026-01-10 09:24:40
14952,51,3718,63,2025-06-18 10:17:05
14953,88,3065,57,2025-02-02 11:25:13
14954,95,706,14,2025-06-09 13:14:36
14955,9,1269,57,2025-07-07 17:10:54
14956,34,4198,95,2025-09-10 21:37:36
14957,35,4983,75,2025-12-06 16:21:56
14958,22,2067,57,2025-03-19 12:24:15
14959,81,868,67,2025-06-13 02:37:25
14960,41,2802,29,2025-09-03 13:25:42
14961,57,4771,67,2025-05-30 15:46:59
14962,37,4121,12,2025-11-07 16:34:14
14963,37,4431,43,2025-12-29 03:54:54
14964,4,2193,36,2025-10-03 12:30:32
14965,89,3838,88,2025-08-03 19:48:32
14966,76,3883,85,2025-12-28 18:14:18
14967,83,4751,35,2025-05-19 22:24:19
14968,43,1769,90,2025-02-20 14:25:23
14969,12,3910,66,2025-01-16 00:46:43
14970,61,4411,93,2025-06-28 09:15:30
14971,25,4500,67,2025-06-29 22:36:51
14972,80,65,88,2025-06-11 12:35:39
14973,100,1892,71,2025-10-17 20:09:26
14974,84,143,33,2025-03-24 11:56:01
14975,7,359,2,2025-05-15 17:13:57
14976,68,1195,38,2025-06-02 07:11:41
14977,84,3194,93,2025-12-14 02:57:19
14978,26,3288,94,2025-07-25 09:57:30
14979,9,2170,28,2025-08-29 20:42:44
14980,75,4454,6,2025-08-07 03:56:21
14981,14,769,27,2025-01-25 09:35:57
14982,54,1488,36,2025-11-06 08:00:00
14983,100,4228,83,2025-12-07 17:31:51
14984,32,331,3,2025-05-02 05:07:44
14985,44,3610,13,2025-01-16 02:49:35
14986,21,1822,85,2025-01-07 08:55:20
14987,94,1337,12,2026-01-13 05:40:38
14988,66,3997,41,2025-04-17 19:15:55
14989,69,3928,69,2025-05-24 17:33:54
14990,5,243,16,2025-06-20 10:11:24
14991,43,1714,92,2025-05-09 06:04:17
14992,16,4494,52,2025-05-12 07:27:42
14993,99,2704,14,2025-09-25 04:52:23
14994,92,335,41,2025-08-17 04:58:51
14995,51,3821,80,2025-04-22 16:15:59
14996,65,1974,4,2025-02-15 07:19:14
14997,27,374,14,2025-09-29 11:08:43
14998,74,1848,86,2025-02-15 14:40:16
14999,71,3221,25,2025-06-05 18:26:36
15000,23,2717,66,2025-11-17 19:51:13
15001,100,2258,81,2025-06-15 02:37:34
15002,70,2042,68,2025-08-07 05:05:35
15003,36,4272,83,2025-01-04 22:34:58
15004,8,2212,88,2025-04-09 07:26:47
15005,5,4848,38,2025-12-18 02:28:00
15006,14,4266,67,2025-03-20 11:43:06
15007,89,3272,40,2025-07-30 01:21:01
15008,64,3326,46,2025-06-06 17:38:56
15009,51,3335,59,2025-11-01 09:51:37
15010,36,461,46,2025-01-31 12:22:17
15011,40,3421,69,2025-07-03 22:24:25
15012,65,2911,46,2025-07-07 06:04:28
15013,11,3556,81,2025-03-22 17:57:22
15014,49,2169,25,2025-12-16 22:53:42
15015,80,1238,16,2025-08-12 22:22:19
15016,93,1593,28,2025-09-14 02:09:28
15017,60,3066,41,2025-12-04 09:44:33
15018,100,3339,63,2026-01-18 12:00:21
15019,84,1293,66,2025-11-13 00:27:37
15020,18,2765,53,2025-08-15 07:42:31
15021,51,4929,75,2025-01-31 02:56:36
15022,50,2848,14,2025-11-19 08:14:01
15023,96,1569,35,2025-01-13 06:43:00
15024,88,1924,91,2025-08-26 06:25:04
15025,87,1216,75,2025-01-25 22:16:13
15026,30,2922,60,2025-07-26 16:12:16
15027,5,2629,29,2025-05-11 06:54:49
15028,17,17,44,2025-09-09 21:15:01
15029,12,676,80,2025-08-10 02:32:41
15030,38,3074,60,2025-10-14 04:22:15
15031,12,4679,35,2025-04-21 21:56:56
15032,18,1263,76,2025-11-06 12:40:11
15033,39,3237,19,2025-05-21 22:44:24
15034,31,531,21,2025-12-27 08:00:57
15035,38,491,85,2025-03-14 10:31:10
15036,43,244,86,2025-11-15 02:39:22
15037,16,2782,23,2025-01-08 13:19:09
15038,71,3829,100,2025-10-09 08:31:31
15039,78,2479,12,2025-06-02 21:22:17
15040,11,3551,37,2025-02-07 03:44:14
15041,87,112,79,2026-01-20 14:40:30
15042,88,1101,37,2025-07-26 20:45:05
15043,86,4895,16,2025-05-30 13:20:36
15044,59,1672,0,2026-01-19 18:56:50
15045,43,1293,32,2025-07-16 15:24:40
15046,100,4762,84,2025-04-09 15:39:36
15047,10,4278,92,2025-07-30 03:15:26
15048,36,2722,97,2025-09-29 02:34:34
15049,7,3180,76,2025-01-07 02:10:58
15050,93,1339,34,2025-02-12 23:16:44
15051,68,3818,78,2025-05-16 23:45:26
15052,52,2892,9,2025-01-02 14:48:54
15053,52,2398,33,2025-12-27 05:39:21
15054,49,235,57,2025-05-12 03:29:44
15055,38,3223,50,2025-09-17 14:11:33
15056,90,623,58,2025-09-26 14:13:45
15057,29,4605,38,2026-01-01 23:34:01
15058,59,4569,0,2025-11-12 03:30:55
15059,87,4709,61,2025-07-26 12:51:50
15060,3,384,14,2025-10-18 07:50:19
15061,41,756,27,2025-11-08 08:34:11
15062,43,2674,45,2025-12-07 02:44:49
15063,100,1238,41,2025-05-22 13:58:47
15064,92,521,25,2025-06-28 14:16:58
15065,47,810,57,2025-12-07 12:56:15
15066,52,4078,75,2025-08-29 02:54:56
15067,70,2414,2,2025-09-29 20:10:56
15068,1,2381,78,2025-03-19 23:42:41
15069,26,937,97,2025-12-31 14:25:01
15070,61,4540,54,2025-01-25 21:11:07
15071,86,2763,25,2025-05-15 12:58:34
15072,72,46,24,2025-04-24 02:25:50
15073,42,602,85,2025-05-16 12:23:29
15074,42,2331,73,2025-07-24 16:28:14
15075,13,51,56,2025-12-21 12:22:07
15076,92,4697,11,2025-10-26 15:05:11
15077,62,825,24,2025-07-02 11:50:30
15078,3,123,4,2026-02-05 17:29:31
15079,16,4754,93,2025-06-16 20:45:21
15080,59,3369,38,2025-10-05 22:52:58
15081,6,3848,62,2025-02-16 11:22:45
15082,18,794,36,2025-12-06 20:40:20
15083,83,845,65,2025-09-16 22:13:00
15084,64,947,18,2025-08-23 02:42:39
15085,56,2734,47,2025-11-14 06:44:36
15086,38,2667,48,2025-11-21 04:11:58
15087,78,3262,91,2025-06-23 13:01:46
15088,15,201,80,2025-09-29 08:12:33
15089,32,283,87,2025-02-17 09:08:03
15090,41,1120,11,2025-09-09 12:50:38
15091,19,3210,56,2025-09-24 12:28:10
15092,98,3729,81,2026-01-09 20:12:03
15093,92,4255,35,2025-12-11 12:36:48
15094,23,2306,3,2025-03-04 11:20:34
15095,3,2168,71,2025-06-05 21:57:58
15096,31,699,52,2025-06-11 19:19:09
15097,51,497,17,2025-02-14 14:05:17
15098,67,1194,83,2025-01-09 07:44:11
15099,77,4732,36,2025-10-09 05:38:15
15100,91,2625,62,2025-08-27 04:08:11
15101,37,3545,15,2025-12-17 16:29:51
15102,91,4846,57,2026-01-12 09:33:04
15103,43,398,31,2025-08-26 21:28:59
15104,66,1784,76,2025-03-08 03:42:49
15105,84,949,100,2025-12-21 00:49:00
15106,60,632,4,2025-01-16 03:14:50
15107,28,2433,71,2025-07-04 05:32:04
15108,11,2291,92,2025-12-01 00:11:15
15109,27,2009,38,2025-07-26 21:28:53
15110,41,1381,62,2025-02-01 08:09:00
15111,71,2667,94,2025-06-07 07:37:07
15112,74,240,48,2025-05-16 23:59:08
15113,45,3997,61,2025-11-10 08:47:03
15114,94,4304,74,2025-11-23 22:25:39
15115,8,242,87,2025-10-25 03:43:28
15116,9,1593,73,2025-03-19 00:27:27
15117,12,476,34,2025-11-25 08:27:38
15118,65,325,50,2025-10-26 09:11:55
15119,11,2819,58,2025-04-27 13:36:39
15120,31,568,82,2025-02-08 09:21:02
15121,74,4955,82,2025-05-02 15:37:32
15122,53,2626,73,2025-12-31 21:49:41
15123,45,4716,79,2025-05-14 13:21:17
15124,57,1401,92,2025-09-29 05:28:11
15125,90,4770,77,2025-03-05 10:21:00
15126,100,4021,2,2025-09-30 18:15:58
15127,69,3730,66,2025-03-16 19:50:08
15128,98,3369,73,2025-08-04 16:43:18
15129,28,547,73,2025-07-19 23:36:33
15130,95,3548,49,2026-02-03 17:29:42
15131,70,387,39,2025-10-21 23:37:37
15132,17,4072,12,2025-11-10 08:34:47
15133,48,4536,85,2025-05-18 16:21:46
15134,93,3259,11,2025-04-06 15:24:50
15135,26,4633,87,2025-09-27 07:01:16
15136,14,3721,81,2025-06-13 14:54:03
15137,21,4424,99,2025-12-06 11:55:44
15138,68,3846,47,2025-05-29 18:46:54
15139,31,1098,28,2025-01-10 08:07:38
15140,67,1492,35,2025-10-27 17:30:59
15141,28,754,22,2025-03-09 09:01:20
15142,59,67,70,2025-11-10 04:01:21
15143,85,1489,49,2025-11-13 04:10:31
15144,94,2597,35,2025-05-12 01:37:11
15145,58,709,72,2025-03-07 13:50:24
15146,46,1650,65,2025-11-21 22:55:34
15147,5,3584,31,2025-06-08 13:22:44
15148,68,1986,55,2025-02-24 10:54:14
15149,17,2501,93,2025-04-08 12:42:15
15150,8,12,88,2025-12-09 07:36:23
15151,86,2782,98,2026-01-08 20:45:18
15152,57,2748,6,2025-03-04 03:46:55
15153,85,1621,81,2025-01-05 21:24:57
15154,82,4582,85,2025-06-22 04:04:44
15155,53,4076,25,2025-01-15 08:37:02
15156,9,3167,72,2025-07-27 22:24:59
15157,68,4140,9,2025-06-25 04:00:23
15158,87,2352,0,2025-06-09 09:51:01
15159,89,2241,5,2025-06-09 16:13:52
15160,80,1026,69,2025-08-15 04:20:01
15161,22,2960,96,2025-10-07 10:25:00
15162,28,4962,12,2025-02-22 13:19:55
15163,3,99,39,2025-09-02 00:47:40
15164,100,273,2,2025-12-19 19:22:04
15165,80,4956,9,2025-07-14 08:14:34
15166,55,3781,95,2025-07-11 18:34:25
15167,68,4374,94,2026-01-01 23:42:37
15168,55,4717,47,2025-08-19 00:39:31
15169,50,1354,71,2025-08-13 18:57:07
15170,55,1001,26,2025-01-07 21:55:45
15171,90,1013,56,2025-02-28 19:19:36
15172,56,694,66,2025-05-16 14:03:21
15173,31,1658,20,2025-07-06 01:27:38
15174,53,4495,18,2025-09-07 13:33:43
15175,23,754,76,2025-04-12 11:32:31
15176,11,4560,94,2025-10-12 20:45:36
15177,25,3329,33,2025-10-31 18:48:46
15178,46,1172,9,2025-09-21 21:17:09
15179,5,2198,30,2025-06-30 18:39:53
15180,88,1470,4,2026-01-16 11:29:35
15181,55,4695,33,2025-11-03 09:26:51
15182,16,2907,69,2025-06-10 02:52:54
15183,57,1522,82,2025-12-09 12:36:53
15184,4,732,55,2025-09-15 19:34:23
15185,98,1550,73,2025-05-09 07:30:00
15186,53,4860,77,2025-01-10 17:40:51
15187,12,2555,91,2025-12-05 17:04:55
15188,29,4331,96,2025-12-20 02:45:43
15189,83,728,57,2025-03-08 10:08:41
15190,84,3107,63,2025-10-02 13:34:51
15191,85,4608,53,2025-02-07 14:32:32
15192,87,1042,86,2025-04-20 22:22:45
15193,45,4880,59,2025-04-05 22:19:11
15194,30,4512,92,2025-07-08 02:16:17
15195,92,629,57,2026-01-15 20:24:06
15196,23,4561,50,2025-02-17 23:13:42
15197,48,4219,97,2025-08-13 18:50:20
15198,44,4387,22,2025-09-16 19:44:26
15199,28,3157,46,2025-05-09 01:25:25
15200,23,2585,0,2025-12-23 16:20:38
15201,27,3852,59,2025-06-14 18:44:24
15202,86,491,11,2025-11-30 01:42:14
15203,44,1959,96,2025-01-27 23:48:11
15204,5,2867,56,2025-06-23 09:12:38
15205,34,2882,37,2026-01-20 07:03:44
15206,30,1540,87,2025-04-16 07:30:04
15207,43,2777,80,2025-04-28 16:56:14
15208,56,2826,0,2025-10-29 07:21:39
15209,63,4219,71,2025-05-12 02:36:44
15210,34,2785,71,2025-06-20 16:44:13
15211,26,1014,77,2025-10-21 23:44:52
15212,48,28,53,2025-09-06 18:54:29
15213,40,548,42,2025-12-19 10:10:32
15214,7,1125,54,2025-02-13 10:47:06
15215,85,2630,100,2025-09-21 09:48:07
15216,25,3979,61,2025-11-20 03:33:10
15217,85,2528,28,2025-07-24 10:54:23
15218,65,1085,36,2025-03-18 17:55:09
15219,34,2958,86,2025-12-22 00:39:29
15220,46,2988,76,2025-11-28 15:07:14
15221,50,2493,73,2026-01-08 10:37:18
15222,31,4991,29,2025-12-30 03:51:38
15223,72,1947,19,2025-07-11 06:15:24
15224,72,3643,74,2025-06-08 00:24:36
15225,64,3837,71,2025-10-10 04:24:10
15226,75,4963,39,2025-12-22 18:40:22
15227,93,1969,25,2026-01-24 11:53:52
15228,38,2645,40,2026-02-03 18:14:08
15229,86,3267,49,2025-06-30 11:51:45
15230,12,4056,62,2026-02-04 13:03:25
15231,12,1848,7,2025-04-19 19:10:52
15232,17,3681,40,2025-01-27 17:33:38
15233,66,501,99,2025-08-31 10:52:34
15234,17,1672,80,2026-01-01 23:08:05
15235,22,4121,43,2025-05-27 09:52:29
15236,8,79,47,2025-10-28 09:02:04
15237,31,2646,16,2025-07-15 06:13:45
15238,81,51,40,2025-11-29 22:04:26
15239,84,37,61,2025-03-01 01:28:35
15240,75,1779,71,2025-10-01 03:59:09
15241,48,2375,80,2025-01-05 01:57:35
15242,99,2665,9,2025-01-22 17:16:53
15243,63,323,10,2026-01-02 19:45:43
15244,44,427,92,2025-10-15 11:56:34
15245,49,888,22,2025-03-26 06:12:26
15246,7,2113,12,2025-11-30 20:04:05
15247,65,1538,71,2025-12-21 19:43:26
15248,1,4796,34,2025-07-21 09:58:54
15249,46,2319,69,2025-07-04 00:02:24
15250,62,4432,20,2025-12-10 11:24:19
15251,34,687,18,2025-04-06 07:35:19
15252,84,503,1,2025-02-14 03:42:58
15253,71,2126,99,2025-09-07 04:27:26
15254,98,4908,95,2026-01-06 11:35:21
15255,100,2997,55,2025-10-10 05:48:25
15256,81,4694,85,2025-01-23 01:15:05
15257,17,686,85,2025-01-14 19:42:10
15258,58,4423,35,2025-12-07 14:05:10
15259,17,4950,12,2025-12-09 02:47:22
15260,80,778,78,2025-07-08 06:34:44
15261,31,917,67,2025-08-15 17:27:49
15262,69,1031,38,2025-02-13 15:45:23
15263,9,1518,19,2026-01-14 11:32:50
15264,87,3283,98,2025-06-25 01:52:42
15265,65,2581,45,2025-01-04 03:41:44
15266,52,2872,88,2025-04-02 21:03:11
15267,49,4799,57,2026-01-12 09:58:44
15268,11,2002,58,2025-11-29 01:09:40
15269,44,3869,81,2025-08-22 04:15:40
15270,61,173,4,2025-09-30 04:20:36
15271,69,3015,67,2025-12-16 06:37:17
15272,36,4402,60,2025-05-30 12:06:07
15273,53,2333,49,2025-01-25 07:56:12
15274,65,4773,43,2025-07-31 07:19:16
15275,28,4340,32,2025-12-21 14:56:39
15276,86,4463,58,2025-10-30 19:24:57
15277,36,4398,30,2025-10-28 21:33:12
15278,50,885,66,2025-09-09 03:44:35
15279,37,3346,74,2025-08-16 12:18:57
15280,94,4427,44,2026-01-12 09:57:03
15281,94,2952,39,2026-02-02 06:29:51
15282,28,1625,0,2025-06-03 09:23:55
15283,25,1448,89,2025-10-31 15:43:44
15284,7,4902,43,2025-12-15 05:06:25
15285,42,3341,0,2025-07-05 10:02:01
15286,10,1312,44,2025-05-30 19:06:22
15287,75,3912,89,2025-11-15 13:25:09
15288,58,3256,17,2025-02-04 23:54:03
15289,3,4825,70,2025-04-30 23:19:18
15290,27,1630,76,2025-10-08 17:07:36
15291,71,1859,10,2025-06-24 08:01:01
15292,60,2168,37,2025-08-01 04:45:45
15293,23,849,36,2025-01-24 12:08:12
15294,53,742,70,2025-12-06 07:07:21
15295,14,683,8,2025-06-10 13:07:48
15296,52,915,100,2025-03-23 04:38:36
15297,95,4801,38,2025-09-26 08:02:32
15298,57,3398,31,2025-09-13 03:19:33
15299,32,3577,22,2025-07-13 20:14:14
15300,48,1162,21,2025-11-20 02:57:37
15301,94,323,88,2025-02-25 23:00:54
15302,28,1430,59,2026-01-20 13:41:24
15303,80,17,88,2026-01-01 18:59:55
15304,47,4861,4,2025-03-29 15:17:05
15305,64,1166,63,2025-06-14 15:23:59
15306,52,3452,89,2025-05-08 20:32:47
15307,38,4957,29,2025-12-06 22:43:00
15308,34,1176,81,2025-04-06 19:03:42
15309,39,939,1,2025-04-01 00:32:11
15310,39,1334,30,2025-09-16 10:45:28
15311,5,4510,39,2025-09-18 07:04:30
15312,15,4806,86,2026-01-12 11:37:17
15313,16,652,88,2025-02-10 21:37:09
15314,23,2062,99,2025-07-12 15:59:51
15315,64,139,95,2025-09-17 08:49:29
15316,49,1779,34,2025-02-23 08:21:15
15317,86,885,20,2025-02-07 04:36:05
15318,49,2605,61,2025-12-18 07:25:56
15319,37,2266,60,2025-06-23 09:09:27
15320,1,4299,8,2025-05-11 17:22:31
15321,66,613,24,2025-01-31 00:49:34
15322,58,664,42,2026-01-16 12:05:44
15323,3,4355,89,2025-05-16 03:00:45
15324,34,594,40,2025-01-14 14:52:36
15325,8,3710,30,2025-05-29 04:57:07
15326,71,3997,57,2025-10-27 13:31:43
15327,69,603,71,2026-01-01 00:34:55
15328,47,540,6,2025-01-18 04:03:45
15329,57,1166,43,2025-03-20 17:38:21
15330,39,715,75,2025-06-28 01:28:24
15331,95,3440,92,2025-02-02 07:38:34
15332,28,4315,37,2025-01-03 13:00:54
15333,77,3796,24,2025-04-03 02:36:02
15334,66,4924,100,2025-12-08 15:21:02
15335,9,1518,40,2025-05-24 18:24:32
15336,6,1270,79,2025-05-10 02:22:48
15337,26,2073,18,2025-12-07 14:22:17
15338,90,1884,14,2025-12-01 15:46:47
15339,60,2016,63,2025-10-25 11:09:13
15340,21,2902,92,2025-03-03 02:04:11
15341,68,4339,47,2025-10-29 10:40:28
15342,79,4325,39,2025-04-12 10:32:29
15343,50,4736,91,2025-06-04 06:21:45
15344,81,25,47,2025-08-26 13:25:02
15345,62,4119,40,2025-04-15 21:16:24
15346,2,658,96,2025-03-05 23:57:40
15347,81,2997,5,2025-12-16 16:01:51
15348,60,4513,87,2025-04-09 04:12:13
15349,88,3551,52,2025-07-16 12:54:43
15350,82,557,63,2025-12-19 16:21:24
15351,77,4785,25,2025-08-28 15:39:29
15352,78,2616,93,2025-06-22 07:58:43
15353,1,1069,60,2026-01-31 01:17:30
15354,61,293,48,2025-10-24 19:09:43
15355,83,2172,8,2025-12-19 12:59:01
15356,76,3265,24,2025-12-20 04:54:17
15357,16,4179,96,2025-04-19 09:26:43
15358,18,4170,43,2025-01-30 08:13:51
15359,67,2056,33,2025-10-31 13:27:41
15360,90,4668,77,2025-06-04 08:39:51
15361,34,316,6,2025-08-06 02:19:44
15362,77,4119,94,2025-07-26 07:24:54
15363,43,2371,39,2025-10-01 17:10:50
15364,64,1230,80,2025-06-02 14:35:56
15365,71,585,5,2025-08-28 01:56:48
15366,77,1340,73,2025-05-29 03:38:40
15367,61,950,6,2025-07-14 04:55:03
15368,69,891,7,2025-02-12 03:53:26
15369,87,3990,2,2026-02-01 23:24:05
15370,70,1844,41,2025-04-25 17:44:35
15371,40,1920,95,2025-02-06 18:32:44
15372,52,2096,97,2025-07-14 01:03:01
15373,31,3521,70,2025-05-01 18:16:29
15374,47,4363,91,2025-03-08 01:26:36
15375,70,1071,93,2025-07-31 21:57:05
15376,91,4653,95,2025-03-17 11:13:33
15377,99,3698,74,2025-03-13 16:17:25
15378,60,3603,88,2025-08-10 06:10:40
15379,93,3075,16,2025-10-09 09:37:52
15380,49,3967,70,2025-01-31 21:01:26
15381,25,1609,41,2025-11-28 07:22:47
15382,23,225,49,2025-09-15 17:35:48
15383,16,3963,43,2025-09-17 13:28:37
15384,41,2497,92,2025-01-07 04:42:29
15385,37,386,23,2025-02-03 05:38:18
15386,49,3818,37,2025-11-26 12:27:45
15387,61,1742,47,2025-04-15 12:50:02
15388,74,2864,21,2025-12-15 14:00:08
15389,78,1887,2,2026-01-13 00:35:17
15390,55,4279,99,2025-04-03 04:47:33
15391,59,3593,51,2026-02-04 05:35:44
15392,39,12,0,2025-10-25 04:51:28
15393,59,1370,38,2025-10-20 13:55:55
15394,79,1707,13,2026-02-05 00:26:32
15395,39,600,72,2025-01-25 00:37:48
15396,58,2907,8,2025-11-10 21:26:55
15397,84,3500,93,2025-07-21 00:26:38
15398,30,619,23,2025-01-24 15:29:18
15399,23,3359,85,2025-12-30 06:01:26
15400,76,3980,1,2026-01-13 14:50:28
15401,58,363,59,2025-02-27 09:33:55
15402,59,2374,31,2025-02-08 07:16:10
15403,71,4657,97,2025-07-14 21:57:28
15404,95,3218,92,2025-11-08 01:39:43
15405,37,3365,18,2025-06-15 05:55:48
15406,60,2827,69,2025-03-26 06:00:40
15407,8,3753,43,2025-02-28 10:31:40
15408,90,2882,59,2025-08-13 20:18:37
15409,31,2459,45,2025-01-19 16:54:56
15410,60,813,72,2025-10-03 18:21:16
15411,93,248,91,2025-07-12 15:26:47
15412,16,1909,58,2025-03-22 03:18:04
15413,42,889,7,2025-01-16 00:59:58
15414,11,1405,22,2025-08-29 20:22:29
15415,63,3905,77,2025-11-08 10:06:15
15416,18,2884,90,2025-02-11 07:09:18
15417,41,1162,13,2025-10-03 17:36:36
15418,75,432,30,2025-04-08 12:31:55
15419,83,2763,55,2025-06-08 12:28:58
15420,37,4435,59,2025-05-09 04:50:04
15421,15,909,17,2025-12-12 03:01:54
15422,59,3646,50,2025-09-02 04:06:16
15423,50,1799,65,2025-01-28 23:25:23
15424,44,295,12,2025-01-19 17:44:13
15425,28,570,30,2025-06-05 09:26:59
15426,33,4415,91,2025-04-20 19:21:56
15427,62,4513,79,2025-04-11 08:41:16
15428,71,3130,84,2025-04-06 16:50:00
15429,14,2780,36,2025-08-25 02:12:29
15430,13,654,89,2025-07-12 08:15:54
15431,37,2777,20,2025-01-28 17:24:25
15432,61,1374,30,2025-03-23 18:55:21
15433,58,4902,20,2025-07-14 18:58:44
15434,62,1718,45,2026-01-28 17:29:50
15435,65,4218,27,2025-03-23 14:01:21
15436,98,958,33,2025-09-28 23:03:23
15437,97,7,55,2025-06-07 05:40:15
15438,80,1361,92,2025-05-08 03:57:58
15439,85,1360,56,2025-06-07 22:52:39
15440,98,3211,33,2026-01-04 12:45:26
15441,26,2089,31,2025-07-20 23:28:48
15442,54,4942,89,2025-08-24 03:50:49
15443,77,1506,7,2025-12-18 14:46:09
15444,7,1878,83,2026-01-11 15:39:20
15445,30,842,20,2025-10-16 04:01:47
15446,24,1834,27,2025-11-21 10:24:18
15447,56,1869,13,2025-04-07 13:57:55
15448,38,3932,84,2025-12-12 03:18:20
15449,10,4300,82,2025-10-21 02:17:18
15450,64,4405,30,2025-09-16 08:12:43
15451,93,1035,82,2025-10-27 14:00:34
15452,99,8,34,2025-11-21 06:13:23
15453,15,831,18,2025-11-07 23:43:46
15454,13,543,25,2025-12-20 12:04:25
15455,29,2273,91,2025-10-23 10:34:48
15456,50,750,67,2025-07-03 10:03:07
15457,84,1372,3,2025-04-25 05:01:00
15458,61,963,23,2025-03-10 09:29:31
15459,17,1075,46,2025-07-16 21:45:58
15460,28,3071,69,2025-10-26 05:56:07
15461,71,3367,81,2025-11-21 08:37:34
15462,86,2153,72,2025-02-07 23:00:44
15463,31,2599,43,2025-04-01 09:56:09
15464,10,2363,61,2025-07-13 22:18:24
15465,2,4601,27,2025-07-14 23:32:29
15466,82,3060,2,2025-02-16 05:57:54
15467,96,4846,97,2025-12-23 07:08:59
15468,88,1141,79,2026-02-05 06:45:06
15469,94,3482,3,2025-11-06 09:31:57
15470,64,1034,95,2025-09-19 09:40:59
15471,82,2707,26,2025-01-15 11:51:53
15472,44,42,94,2025-09-22 13:31:55
15473,55,3646,12,2025-08-08 00:31:07
15474,36,2526,30,2025-06-28 19:37:54
15475,19,934,83,2025-11-21 08:07:58
15476,31,1718,68,2026-01-09 04:26:50
15477,19,1050,100,2025-01-21 18:14:13
15478,51,4079,50,2025-03-20 04:21:00
15479,42,4341,74,2025-03-11 09:16:02
15480,50,982,31,2025-01-18 14:44:21
15481,34,3755,86,2025-01-12 23:19:01
15482,56,951,32,2025-11-07 16:50:00
15483,38,3189,11,2025-07-17 08:08:13
15484,47,2376,41,2025-09-27 13:00:22
15485,91,3601,3,2025-08-15 20:22:22
15486,16,3261,81,2025-05-04 01:07:29
15487,17,4027,80,2025-10-14 16:30:56
15488,51,1451,37,2025-08-29 20:24:55
15489,99,4878,99,2025-06-26 23:40:05
15490,49,2762,33,2025-12-22 16:11:50
15491,71,1630,43,2025-08-31 07:18:18
15492,26,3242,21,2026-01-08 15:06:07
15493,95,2663,48,2025-12-25 14:44:26
15494,26,4449,68,2026-01-01 17:55:48
15495,27,1093,99,2025-03-16 05:57:15
15496,81,4090,22,2025-03-18 16:50:40
15497,65,4197,16,2026-02-01 09:14:33
15498,84,2422,79,2025-04-22 12:06:56
15499,75,4821,26,2025-08-10 09:24:11
15500,21,29,85,2025-05-24 19:50:48
15501,46,2851,49,2025-08-29 16:44:06
15502,14,4738,18,2025-12-30 08:05:07
15503,30,2950,1,2025-05-16 22:43:10
15504,100,826,4,2025-05-09 09:27:21
15505,24,878,92,2025-08-10 19:10:47
15506,78,703,18,2025-12-08 16:24:44
15507,20,2769,97,2025-11-28 09:30:10
15508,92,2448,88,2025-10-06 11:01:17
15509,50,3759,96,2025-01-05 03:46:03
15510,9,4710,64,2025-03-24 22:09:15
15511,63,3046,63,2025-01-24 16:51:54
15512,71,3752,96,2025-10-05 03:31:08
15513,90,3805,20,2025-02-02 09:35:43
15514,72,1183,99,2025-01-10 15:24:26
15515,75,1190,65,2025-09-30 21:05:31
15516,1,2681,66,2025-11-12 14:36:56
15517,81,711,67,2025-04-23 06:57:53
15518,95,2641,3,2025-06-14 15:49:05
15519,11,4998,31,2025-06-26 14:32:57
15520,38,350,13,2025-02-22 10:17:43
15521,47,3450,77,2025-01-21 11:11:36
15522,63,4228,89,2025-11-13 11:39:00
15523,10,4715,41,2025-06-07 08:41:23
15524,58,2419,86,2025-08-24 08:59:10
15525,67,4830,76,2025-06-04 18:23:09
15526,85,1816,37,2025-05-02 04:23:14
15527,57,1616,30,2025-06-12 13:34:01
15528,91,1140,32,2026-01-08 11:05:51
15529,4,4869,23,2025-06-27 02:46:18
15530,68,2664,45,2025-08-30 14:52:41
15531,54,4971,31,2025-05-31 09:33:21
15532,69,4371,8,2025-09-20 08:10:31
15533,56,4167,28,2025-05-07 00:14:57
15534,11,4905,93,2025-04-11 10:15:36
15535,38,1672,17,2025-04-24 07:20:22
15536,39,1591,57,2025-11-20 23:51:45
15537,14,2682,35,2025-11-30 14:02:53
15538,23,2312,65,2025-01-14 18:41:44
15539,67,2730,47,2025-06-15 06:01:17
15540,23,2607,38,2026-02-02 13:56:08
15541,57,4398,4,2025-05-02 21:05:08
15542,75,1242,38,2025-10-02 06:46:52
15543,71,2666,86,2025-06-07 08:32:34
15544,86,2089,33,2026-01-10 13:09:43
15545,34,670,65,2025-09-02 00:11:28
15546,62,2405,100,2025-09-11 20:01:50
15547,25,2478,61,2025-10-04 11:45:09
15548,28,1974,78,2025-05-14 19:30:19
15549,87,1398,81,2025-05-14 23:18:41
15550,91,823,42,2025-08-18 16:40:25
15551,70,3358,44,2025-04-26 06:16:29
15552,58,963,63,2025-02-04 16:49:25
15553,18,2018,83,2025-06-30 10:50:02
15554,31,4801,25,2025-12-09 07:42:40
15555,35,4751,30,2025-08-05 20:09:43
15556,46,3576,18,2025-05-29 08:00:08
15557,80,592,15,2026-01-30 06:47:21
15558,70,2191,21,2025-01-02 05:17:11
15559,80,2374,9,2025-07-03 20:36:45
15560,69,1192,55,2025-04-10 17:59:59
15561,76,250,67,2025-01-12 15:47:45
15562,19,1527,59,2025-12-23 13:59:18
15563,53,3496,88,2025-11-18 08:13:36
15564,82,4971,2,2025-07-30 13:22:09
15565,94,451,0,2025-06-17 09:05:38
15566,42,4047,91,2025-06-16 06:18:01
15567,90,1800,98,2025-02-21 11:13:07
15568,78,2912,13,2025-05-17 15:22:54
15569,57,3260,39,2025-05-09 00:35:57
15570,68,488,86,2025-03-03 02:45:59
15571,5,1378,95,2025-10-09 03:47:29
15572,88,586,53,2025-05-25 11:42:44
15573,7,253,90,2025-10-04 03:18:37
15574,27,1479,38,2025-02-12 14:59:43
15575,35,2584,52,2025-10-15 15:04:04
15576,10,4836,56,2025-10-04 04:05:23
15577,47,1764,65,2025-11-10 23:22:46
15578,41,1705,39,2025-01-21 06:21:03
15579,65,2297,63,2025-12-25 20:04:00
15580,30,4497,75,2025-05-12 20:52:56
15581,9,1240,43,2025-10-16 07:29:53
15582,92,1941,83,2025-05-04 14:16:52
15583,59,864,83,2025-04-08 01:41:49
15584,83,1266,67,2026-01-19 23:43:16
15585,24,1708,28,2026-01-23 14:03:05
15586,75,1987,83,2025-07-20 21:31:39
15587,43,2383,93,2025-02-07 20:14:01
15588,29,1957,31,2025-02-08 20:48:53
15589,48,1289,17,2025-03-29 00:15:34
15590,75,4514,16,2025-10-19 03:01:19
15591,49,11,85,2025-03-18 12:22:47
15592,54,2067,87,2025-07-10 14:31:57
15593,9,4152,31,2025-02-13 19:05:16
15594,25,986,75,2025-11-17 20:49:38
15595,15,2278,19,2025-02-05 04:38:22
15596,61,2149,58,2025-08-14 09:11:01
15597,47,3452,64,2025-12-10 23:45:50
15598,31,2793,61,2025-09-15 18:48:18
15599,8,820,79,2026-01-08 11:16:56
15600,65,161,78,2025-02-21 09:01:01
15601,81,2642,6,2025-05-07 05:06:52
15602,25,3236,50,2025-10-31 04:36:27
15603,12,1038,20,2025-04-14 02:04:39
15604,44,2538,0,2025-07-08 21:45:55
15605,20,15,22,2025-12-26 04:49:01
15606,61,736,23,2025-05-14 01:35:02
15607,84,4908,33,2025-09-26 09:24:48
15608,92,846,12,2025-07-09 20:31:49
15609,26,979,38,2025-01-28 01:00:10
15610,71,4703,9,2025-03-16 09:42:56
15611,88,1849,53,2025-04-25 02:22:32
15612,24,965,93,2025-11-21 18:33:08
15613,12,1087,61,2025-10-26 10:31:23
15614,93,3579,78,2025-07-22 16:58:22
15615,78,866,77,2025-06-10 16:47:24
15616,51,3521,11,2025-06-13 22:23:07
15617,77,2397,91,2025-12-08 04:07:02
15618,100,3646,97,2025-05-11 01:33:48
15619,24,3498,86,2025-10-12 16:16:46
15620,27,3370,28,2025-07-19 15:10:27
15621,54,2143,47,2025-02-10 04:43:52
15622,23,4980,49,2025-02-02 13:10:51
15623,73,52,76,2025-06-03 08:16:13
15624,20,423,33,2025-11-22 13:15:50
15625,4,4587,49,2025-02-21 08:39:12
15626,44,200,54,2025-05-15 23:24:33
15627,66,3675,39,2025-07-09 17:58:04
15628,53,2098,73,2025-07-05 05:15:48
15629,87,4714,17,2025-09-25 23:45:05
15630,60,926,57,2025-08-26 17:44:35
15631,49,903,100,2025-04-24 05:30:36
15632,43,3914,58,2025-06-17 06:13:28
15633,4,1499,75,2025-03-30 04:08:11
15634,74,3862,62,2025-03-03 05:17:05
15635,90,1989,95,2025-12-07 01:47:21
15636,41,3441,80,2025-11-29 11:01:50
15637,95,3883,71,2025-10-30 20:51:44
15638,100,2625,3,2025-03-27 00:33:03
15639,84,2148,41,2025-01-01 11:51:53
15640,25,4807,54,2025-12-17 15:42:15
15641,50,1679,59,2025-02-08 20:57:14
15642,69,1009,16,2025-05-21 19:18:39
15643,14,4390,33,2025-09-29 19:12:26
15644,78,3305,70,2025-05-21 03:48:39
15645,34,2632,74,2025-05-15 09:10:26
15646,4,2877,59,2025-09-05 17:36:32
15647,100,999,72,2025-07-04 17:39:58
15648,74,3929,21,2026-01-26 15:58:47
15649,40,381,61,2025-09-17 02:48:40
15650,62,1511,50,2025-02-25 20:54:12
15651,67,601,79,2025-01-09 12:07:14
15652,39,601,31,2025-11-13 12:25:16
15653,1,561,26,2025-12-09 14:11:13
15654,3,4454,18,2025-01-26 13:10:54
15655,80,4536,1,2025-01-29 18:28:23
15656,26,2261,19,2025-04-25 01:45:20
15657,72,3650,69,2025-05-07 15:41:01
15658,12,4681,0,2025-07-25 21:11:18
15659,23,318,82,2025-03-11 02:24:59
15660,85,4121,95,2025-07-15 11:30:40
15661,42,1127,94,2025-09-26 12:24:14
15662,91,30,79,2025-01-16 14:58:03
15663,14,4058,94,2025-09-08 18:29:37
15664,69,3323,69,2025-10-04 23:01:52
15665,22,274,84,2025-03-31 08:46:06
15666,73,4059,22,2025-03-24 00:44:59
15667,90,443,1,2025-09-23 03:47:13
15668,27,3645,15,2025-11-12 16:13:06
15669,42,393,22,2025-08-01 08:17:12
15670,49,2947,88,2025-06-16 09:14:27
15671,92,916,54,2025-01-07 07:46:44
15672,52,4987,3,2025-08-31 03:12:08
15673,38,1554,49,2025-09-06 22:20:35
15674,24,3183,31,2025-07-01 01:23:05
15675,77,1087,61,2026-01-13 03:13:05
15676,100,2532,64,2025-11-04 13:15:15
15677,47,4625,74,2025-10-13 03:21:47
15678,65,1240,15,2025-06-16 01:15:20
15679,67,3518,69,2025-02-18 21:10:39
15680,50,1950,51,2025-03-01 10:39:11
15681,1,3239,42,2025-08-21 16:24:19
15682,95,51,14,2025-06-28 18:46:05
15683,89,3492,46,2025-01-12 18:06:13
15684,14,400,8,2025-11-30 15:57:22
15685,26,3559,68,2025-12-31 08:02:57
15686,82,3522,35,2025-07-03 22:42:22
15687,51,3555,68,2025-05-19 20:43:31
15688,28,2135,62,2025-01-17 23:24:29
15689,24,1652,17,2025-07-12 12:42:03
15690,83,975,80,2025-06-19 05:09:55
15691,95,1935,93,2026-01-06 05:38:41
15692,41,4529,39,2025-11-06 04:56:36
15693,79,836,13,2025-06-03 22:44:52
15694,70,1235,23,2025-08-18 13:43:53
15695,75,2835,36,2025-04-11 04:51:51
15696,46,2406,28,2025-10-13 10:03:38
15697,52,722,2,2025-05-15 06:20:10
15698,88,1809,92,2025-02-04 07:34:19
15699,42,333,46,2025-11-16 02:41:12
15700,13,617,79,2025-03-24 01:52:22
15701,95,4321,18,2025-06-13 00:58:55
15702,3,3898,17,2025-01-23 19:33:11
15703,88,757,40,2025-03-01 15:38:53
15704,76,4242,33,2025-01-20 20:20:56
15705,36,1044,22,2025-08-21 16:30:28
15706,76,2045,14,2025-07-20 19:56:38
15707,90,4526,8,2025-12-06 21:34:12
15708,64,2387,96,2025-09-20 20:12:25
15709,97,3027,73,2025-06-02 20:06:25
15710,86,2970,65,2025-06-17 20:04:55
15711,23,4359,69,2025-09-05 17:09:37
15712,90,1430,17,2025-09-06 16:44:42
15713,91,4817,75,2025-06-09 17:41:14
15714,32,4219,3,2025-03-16 03:56:38
15715,26,4150,11,2026-01-12 14:00:51
15716,40,214,79,2025-04-16 07:58:42
15717,37,1215,2,2025-11-24 23:02:37
15718,69,725,64,2025-05-19 00:05:19
15719,14,696,88,2025-12-22 10:59:06
15720,80,2515,67,2025-06-25 12:47:40
15721,30,4500,60,2026-01-31 05:48:11
15722,9,3669,27,2025-12-06 10:19:56
15723,67,3860,36,2025-03-09 21:51:23
15724,20,4390,66,2025-01-04 08:02:50
15725,27,3436,45,2025-05-23 09:24:42
15726,69,2279,96,2026-01-11 00:44:47
15727,11,4839,51,2025-12-08 14:59:52
15728,10,2073,13,2025-11-17 11:53:19
15729,27,4037,27,2025-04-24 17:21:07
15730,21,2696,95,2025-06-16 06:02:07
15731,74,1053,2,2025-10-23 03:03:19
15732,87,3003,10,2025-07-22 04:54:27
15733,23,4665,82,2025-06-11 02:39:25
15734,4,1816,46,2026-01-28 05:08:55
15735,38,1532,74,2026-01-30 10:18:52
15736,58,3940,42,2025-08-05 23:40:14
15737,53,1670,87,2025-01-22 02:24:26
15738,91,1325,24,2025-12-04 15:56:49
15739,66,1379,78,2025-09-29 04:38:07
15740,40,4886,18,2025-09-05 13:56:36
15741,4,4613,68,2025-09-09 09:22:38
15742,21,3955,22,2025-06-21 18:34:58
15743,70,360,10,2025-09-01 06:00:41
15744,70,968,58,2025-11-11 12:54:20
15745,100,3348,69,2025-03-02 10:35:57
15746,32,2925,57,2025-06-20 11:15:32
15747,100,1317,12,2025-10-25 15:53:34
15748,11,2231,94,2026-01-31 18:57:01
15749,95,3308,16,2025-06-05 19:25:49
15750,99,2485,26,2025-03-31 23:01:19
15751,32,2296,6,2025-02-25 06:13:39
15752,26,3919,70,2025-12-21 06:22:56
15753,13,263,69,2025-09-24 18:12:57
15754,96,1468,25,2025-12-21 11:53:41
15755,80,1401,43,2025-10-22 02:22:11
15756,53,4584,3,2025-09-20 01:10:07
15757,33,1252,59,2026-01-02 23:20:36
15758,9,1074,89,2025-04-21 02:15:14
15759,47,3899,9,2025-03-16 13:57:49
15760,34,3246,41,2025-04-15 21:37:40
15761,82,1206,83,2025-04-15 12:56:40
15762,100,2423,23,2025-01-31 13:15:46
15763,3,4318,37,2025-05-03 23:07:17
15764,81,1845,33,2025-01-14 11:34:59
15765,4,4947,6,2025-03-28 07:05:19
15766,52,4410,21,2025-05-30 07:25:29
15767,88,1520,70,2025-01-23 22:02:39
15768,50,4716,15,2025-12-27 22:47:31
15769,31,879,58,2025-10-08 11:05:27
15770,72,948,59,2025-05-10 02:44:10
15771,25,2926,32,2025-01-02 03:28:33
15772,72,1926,99,2025-11-18 01:02:43
15773,6,4727,11,2025-05-28 09:28:56
15774,54,2813,48,2025-02-03 15:44:40
15775,74,437,5,2025-05-08 06:31:10
15776,22,449,57,2025-11-04 04:19:53
15777,14,2470,8,2025-05-15 08:26:52
15778,94,4225,70,2025-09-08 18:05:46
15779,62,1245,85,2025-03-31 02:34:27
15780,52,1811,75,2026-01-26 11:29:24
15781,76,1246,33,2025-05-26 04:48:10
15782,50,4862,48,2025-08-24 07:53:06
15783,59,2437,32,2025-12-09 04:17:09
15784,78,3876,24,2025-06-13 14:17:05
15785,90,1812,42,2025-02-09 03:02:41
15786,40,3343,58,2025-01-28 06:45:10
15787,44,3848,47,2025-10-01 06:14:18
15788,10,4694,33,2026-01-11 03:02:47
15789,3,4625,76,2025-04-13 04:19:28
15790,71,4351,69,2025-05-21 19:16:40
15791,27,4747,33,2025-02-01 21:15:20
15792,64,770,94,2025-09-18 10:41:13
15793,61,3798,92,2026-02-02 09:36:58
15794,52,4907,20,2025-09-23 09:30:41
15795,85,2673,28,2025-07-21 20:25:43
15796,60,4135,54,2025-07-23 10:23:36
15797,67,2457,21,2025-10-31 23:21:50
15798,12,475,55,2025-01-29 01:18:11
15799,33,130,24,2025-09-28 15:25:32
15800,41,2553,76,2025-07-26 11:18:43
15801,52,2475,48,2025-03-14 11:27:50
15802,62,1437,94,2025-09-28 09:41:26
15803,72,4212,77,2025-05-25 18:26:43
15804,69,144,27,2025-01-23 11:28:13
15805,72,107,4,2025-01-27 07:21:42
15806,94,4325,46,2025-12-12 00:59:36
15807,5,506,21,2025-09-30 08:00:00
15808,36,1560,97,2025-03-27 15:27:15
15809,76,565,34,2025-04-09 20:23:04
15810,25,1461,71,2026-01-06 04:18:59
15811,89,3414,19,2025-04-21 09:16:06
15812,100,1976,4,2025-03-23 15:09:47
15813,42,2852,22,2026-01-16 18:27:11
15814,66,4494,65,2025-04-13 07:06:43
15815,75,1568,86,2025-10-02 06:45:53
15816,96,476,19,2025-08-27 01:35:07
15817,31,590,43,2025-10-25 14:23:34
15818,90,915,46,2026-01-08 20:51:37
15819,12,3984,91,2025-07-15 17:15:17
15820,92,3285,38,2025-11-16 15:43:26
15821,37,4076,24,2025-09-15 05:34:51
15822,54,502,70,2025-07-12 11:19:46
15823,44,272,48,2025-12-21 23:27:38
15824,74,3682,57,2025-05-27 20:07:09
15825,20,1876,38,2025-11-20 22:04:40
15826,3,685,97,2025-09-07 17:16:58
15827,20,4656,21,2025-06-20 02:42:54
15828,55,2708,34,2025-11-25 01:17:54
15829,90,2907,57,2025-12-26 04:46:52
15830,79,2420,14,2025-08-03 18:28:37
15831,44,2376,8,2025-10-30 07:38:06
15832,65,1189,59,2025-03-16 21:02:00
15833,16,2717,69,2025-04-01 22:37:03
15834,75,2427,56,2025-12-27 11:47:41
15835,83,2481,45,2025-05-27 15:31:08
15836,90,1390,56,2025-12-09 11:44:22
15837,91,1530,45,2025-08-23 20:13:38
15838,21,2530,62,2025-08-09 09:21:19
15839,21,2605,41,2025-02-23 20:40:48
15840,40,1087,45,2025-07-16 05:59:35
15841,48,4906,77,2025-01-08 08:03:18
15842,37,380,76,2025-05-03 09:35:28
15843,93,2875,75,2025-04-26 03:23:45
15844,91,4012,50,2026-01-21 06:21:04
15845,20,541,4,2025-02-04 19:51:08
15846,2,758,77,2025-06-20 05:46:29
15847,78,4752,73,2025-07-07 19:11:33
15848,93,721,84,2026-01-30 20:13:17
15849,52,1194,32,2025-05-13 18:47:26
15850,55,2029,87,2025-02-06 19:26:23
15851,10,1302,11,2025-06-16 11:23:43
15852,49,4340,68,2026-01-23 19:48:02
15853,60,165,52,2025-04-05 04:42:40
15854,60,256,24,2025-08-29 08:42:33
15855,5,1455,0,2026-01-10 16:06:05
15856,94,3031,75,2025-09-28 02:47:59
15857,39,9,85,2025-02-25 19:37:34
15858,68,1373,28,2025-06-10 02:28:29
15859,70,1225,32,2025-12-31 13:19:26
15860,36,4964,77,2025-06-25 15:05:37
15861,11,940,58,2025-02-21 11:56:52
15862,94,1937,46,2025-03-24 21:44:21
15863,52,835,31,2025-08-07 08:47:05
15864,78,4596,63,2025-10-06 12:43:26
15865,2,2249,41,2025-08-24 01:55:08
15866,7,3343,2,2025-01-11 03:49:07
15867,36,2503,65,2025-03-25 10:48:10
15868,5,1580,1,2026-01-01 01:36:03
15869,82,460,45,2025-03-18 03:43:30
15870,79,3948,76,2025-03-28 23:25:38
15871,46,2772,35,2025-12-29 05:34:32
15872,22,1830,3,2025-06-16 18:01:55
15873,39,3226,17,2025-09-14 11:24:05
15874,90,1758,94,2025-08-23 12:21:52
15875,24,1963,49,2025-01-14 13:29:24
15876,57,2247,85,2025-08-29 04:28:22
15877,85,1847,13,2025-10-15 00:41:30
15878,51,2477,95,2025-04-25 04:52:29
15879,25,3409,28,2025-09-26 00:11:55
15880,12,834,19,2025-04-08 15:16:56
15881,21,3267,84,2025-09-01 20:43:14
15882,79,1396,35,2025-10-27 11:07:44
15883,13,2876,90,2025-11-28 05:14:41
15884,26,3531,45,2025-08-03 19:12:25
15885,35,1533,13,2025-01-24 19:14:03
15886,34,3531,45,2025-10-01 18:29:46
15887,55,4809,44,2025-01-20 11:58:13
15888,91,3221,14,2025-07-16 19:23:41
15889,93,3518,32,2025-08-09 02:55:29
15890,78,2254,73,2025-12-24 02:33:41
15891,75,3056,79,2025-09-02 01:53:57
15892,67,4963,66,2025-12-12 11:58:50
15893,55,2891,98,2025-01-15 22:52:00
15894,6,4218,93,2025-03-23 16:38:20
15895,97,4734,68,2025-09-17 08:10:47
15896,97,2576,99,2025-05-04 07:05:48
15897,26,3299,77,2025-04-21 08:26:20
15898,95,4346,96,2025-01-16 04:54:20
15899,63,1725,24,2025-11-13 09:21:32
15900,28,1208,87,2025-12-08 13:36:46
15901,30,1090,35,2025-02-19 03:06:07
15902,80,3295,57,2025-01-01 23:39:11
15903,53,3750,12,2025-06-13 09:31:52
15904,94,4544,12,2025-02-10 04:38:18
15905,74,481,48,2025-01-14 21:37:13
15906,16,814,46,2025-08-30 12:18:42
15907,94,2434,89,2025-02-09 10:43:43
15908,57,3686,75,2025-11-23 08:19:15
15909,13,3013,44,2025-12-12 18:04:47
15910,53,1306,65,2025-09-29 18:14:29
15911,7,1969,14,2025-01-05 11:58:49
15912,26,4014,15,2025-02-14 23:03:04
15913,41,1831,6,2025-03-08 20:50:47
15914,52,3587,69,2025-08-09 23:23:58
15915,5,346,7,2025-04-14 17:49:32
15916,61,777,51,2026-01-15 19:46:24
15917,17,1639,1,2025-04-21 01:44:34
15918,39,3894,13,2025-03-10 20:25:14
15919,33,511,29,2025-09-22 16:24:40
15920,27,4173,91,2025-04-23 09:33:54
15921,41,256,36,2025-12-07 21:35:54
15922,87,2360,73,2025-10-05 14:49:16
15923,78,2722,1,2025-05-31 00:27:13
15924,43,4435,73,2025-11-10 17:43:05
15925,47,4611,67,2025-05-27 20:16:51
15926,9,3159,2,2025-07-18 16:07:03
15927,8,948,53,2025-01-24 22:17:31
15928,66,4320,1,2025-07-10 02:39:58
15929,61,4430,87,2025-03-29 19:41:04
15930,38,3679,79,2025-06-16 09:41:13
15931,75,2347,45,2025-08-26 20:37:52
15932,30,2949,46,2025-12-08 18:52:50
15933,90,3334,56,2025-12-01 10:47:34
15934,19,680,51,2025-02-15 04:21:07
15935,29,3382,45,2025-08-10 00:23:48
15936,48,1973,96,2025-06-12 03:36:49
15937,16,3067,76,2025-12-11 03:44:35
15938,57,4057,11,2025-01-12 02:33:00
15939,30,1895,30,2025-06-16 00:11:54
15940,58,605,19,2025-04-08 05:03:10
15941,8,3332,75,2025-08-01 03:32:46
15942,30,2283,24,2025-01-23 19:36:02
15943,89,3439,80,2025-12-11 18:40:03
15944,40,2460,60,2025-03-27 12:25:09
15945,74,2136,73,2025-04-07 16:34:01
15946,20,1805,99,2025-02-28 02:14:01
15947,97,3680,6,2025-10-27 10:40:16
15948,42,3742,71,2025-11-15 02:12:53
15949,9,1725,79,2025-04-24 07:06:04
15950,57,609,22,2025-10-03 02:55:39
15951,21,2201,70,2026-01-03 10:37:36
15952,84,2570,90,2026-01-12 18:19:53
15953,70,512,47,2025-07-12 07:47:41
15954,88,1694,50,2025-09-02 20:29:33
15955,21,2501,9,2025-09-11 11:00:22
15956,26,470,27,2025-09-09 02:24:25
15957,98,3555,72,2026-01-20 03:59:57
15958,5,2546,89,2025-09-05 22:41:14
15959,1,3632,69,2025-08-06 01:14:22
15960,39,1702,62,2026-01-09 13:02:12
15961,64,1200,15,2025-06-24 20:00:08
15962,33,1472,59,2026-02-03 22:59:01
15963,63,870,81,2025-10-12 23:02:13
15964,96,1222,74,2025-09-26 07:02:20
15965,62,883,56,2025-12-11 07:00:18
15966,9,2834,65,2025-01-26 21:22:32
15967,4,4986,80,2025-07-24 09:09:30
15968,41,1479,89,2025-03-03 10:20:49
15969,17,455,93,2025-06-23 15:48:27
15970,42,3957,0,2025-04-15 00:23:29
15971,58,3842,78,2025-09-11 23:08:20
15972,48,1744,27,2025-10-21 10:25:16
15973,24,3358,52,2025-01-07 14:06:47
15974,50,3023,7,2025-09-29 06:02:09
15975,77,991,26,2025-12-17 02:06:16
15976,91,2812,8,2025-04-18 18:26:28
15977,52,3065,96,2025-10-03 08:16:33
15978,37,4617,56,2026-01-10 07:05:49
15979,59,3270,75,2025-01-21 23:03:02
15980,15,2767,59,2025-05-09 04:37:29
15981,72,1246,15,2025-12-16 17:45:20
15982,24,3374,21,2025-09-17 21:40:28
15983,19,3289,73,2026-01-13 06:56:07
15984,67,794,31,2025-12-14 11:51:32
15985,28,2483,85,2025-03-05 07:58:37
15986,3,2321,58,2025-03-31 20:48:15
15987,75,4031,68,2025-02-23 05:51:08
15988,20,3133,74,2025-06-10 23:02:20
15989,39,4878,89,2025-04-23 22:47:42
15990,26,1391,45,2025-10-18 16:00:55
15991,6,3042,24,2025-07-22 19:51:39
15992,13,2065,72,2025-10-28 02:37:30
15993,43,629,84,2026-01-14 06:56:13
15994,70,551,100,2025-06-29 21:28:54
15995,48,3589,87,2025-01-16 02:49:47
15996,41,1759,92,2025-08-28 01:02:03
15997,56,4478,77,2025-01-17 19:45:48
15998,57,1559,91,2025-06-28 18:46:12
15999,38,3679,27,2025-04-19 18:33:08
16000,76,1706,60,2025-12-03 17:01:31
16001,66,3593,43,2025-09-25 04:50:48
16002,2,2914,95,2026-02-01 01:30:36
16003,89,4825,8,2025-04-26 15:48:58
16004,69,4580,7,2025-11-12 17:48:30
16005,65,2248,2,2025-06-24 09:06:31
16006,87,3133,32,2025-09-12 23:48:37
16007,42,4424,57,2025-09-19 05:18:37
16008,3,962,32,2025-06-27 02:43:05
16009,17,1124,13,2026-01-05 14:35:16
16010,9,4370,85,2025-06-21 18:10:05
16011,93,27,53,2025-11-06 07:52:05
16012,81,443,99,2025-02-27 08:21:13
16013,38,3817,50,2025-10-18 11:38:14
16014,58,651,4,2025-05-10 00:09:39
16015,29,1991,62,2026-02-05 23:00:12
16016,91,4573,72,2025-12-12 21:15:22
16017,89,736,2,2025-10-01 18:12:47
16018,26,3639,45,2025-01-18 11:07:12
16019,70,1473,70,2025-03-18 01:00:49
16020,18,662,89,2025-12-23 20:23:00
16021,39,4147,85,2025-04-09 02:49:01
16022,21,2692,44,2025-03-02 05:33:58
16023,62,1922,87,2025-09-22 12:45:05
16024,24,3631,65,2025-09-18 08:09:55
16025,6,3828,97,2025-11-20 17:19:29
16026,16,804,82,2025-09-14 16:31:25
16027,64,3144,80,2025-11-30 11:19:40
16028,34,4786,49,2025-01-21 03:32:25
16029,28,1115,25,2025-09-18 16:55:04
16030,6,14,80,2026-01-16 09:00:57
16031,40,3816,76,2025-07-29 01:34:38
16032,55,1741,72,2026-01-04 19:55:40
16033,11,4100,46,2025-12-27 05:39:01
16034,62,4800,37,2025-02-07 14:57:57
16035,18,3340,52,2025-04-05 18:09:58
16036,81,1727,54,2025-01-26 12:16:22
16037,24,3243,43,2025-01-26 19:50:42
16038,29,4316,8,2025-09-29 12:46:15
16039,88,2387,14,2025-10-28 00:58:53
16040,61,4042,13,2025-02-16 19:00:22
16041,10,2681,11,2025-10-26 13:24:11
16042,58,677,54,2025-06-25 22:11:35
16043,21,2578,53,2025-08-02 20:47:10
16044,10,1148,20,2025-05-12 09:05:12
16045,24,1973,19,2025-05-10 05:05:24
16046,58,3905,21,2025-06-19 08:32:32
16047,89,926,53,2025-11-03 21:33:12
16048,6,3516,40,2025-10-16 16:56:55
16049,61,729,77,2025-12-19 20:24:22
16050,100,4361,94,2026-02-04 15:54:08
16051,74,351,59,2025-02-20 02:14:46
16052,53,4926,57,2025-04-05 00:58:13
16053,92,2714,54,2025-08-05 09:03:16
16054,38,3315,4,2025-12-09 09:30:40
16055,79,2192,73,2025-02-18 23:31:41
16056,16,1207,64,2025-04-26 06:01:40
16057,28,4786,92,2025-08-24 16:06:13
16058,45,3187,71,2025-06-27 00:46:05
16059,67,3036,11,2025-10-27 09:26:53
16060,75,4770,90,2025-03-15 08:48:31
16061,86,3679,42,2025-02-28 08:07:20
16062,91,1160,4,2025-11-25 12:56:11
16063,100,1120,28,2026-01-13 19:44:10
16064,33,2014,24,2025-12-26 05:32:59
16065,27,1880,91,2025-04-24 21:07:35
16066,92,4564,16,2025-07-11 06:34:12
16067,29,1567,90,2025-10-16 05:10:29
16068,14,3433,100,2025-06-05 01:33:13
16069,59,4284,36,2025-03-13 05:40:48
16070,80,1156,13,2025-06-11 08:44:40
16071,25,1052,23,2025-07-14 22:09:11
16072,77,2502,9,2025-06-19 12:30:15
16073,92,2726,3,2025-05-30 18:19:55
16074,11,3429,24,2025-08-08 08:24:40
16075,76,905,73,2025-03-24 18:22:27
16076,86,4752,27,2025-06-06 15:49:08
16077,57,3702,71,2026-01-25 08:32:16
16078,71,3702,8,2025-04-07 14:27:29
16079,47,2397,7,2025-11-23 23:04:08
16080,18,1613,27,2025-12-02 22:51:10
16081,94,810,79,2025-01-30 02:34:21
16082,24,2253,49,2025-02-18 10:15:44
16083,2,4986,93,2026-01-21 08:41:06
16084,5,2864,77,2025-11-23 12:30:10
16085,4,3081,30,2025-11-04 08:50:00
16086,25,3260,30,2025-04-22 16:22:55
16087,39,1116,97,2025-10-09 08:18:15
16088,28,4495,34,2025-03-27 11:35:20
16089,19,4075,84,2025-12-26 08:14:54
16090,12,2858,98,2025-02-02 08:04:26
16091,24,4506,11,2025-08-28 19:21:26
16092,15,2489,4,2025-11-16 11:34:26
16093,7,3877,92,2025-05-15 06:29:15
16094,71,2556,39,2025-12-16 09:59:49
16095,34,2230,35,2025-07-07 13:50:43
16096,39,319,67,2025-06-06 01:33:43
16097,71,2968,95,2025-02-02 20:49:51
16098,34,3210,35,2025-05-27 03:48:26
16099,19,3952,89,2025-01-02 18:46:43
16100,48,781,78,2025-05-11 18:47:02
16101,89,3363,20,2025-06-05 09:07:45
16102,55,1435,41,2026-01-25 17:37:51
16103,80,3925,34,2025-09-25 00:40:59
16104,6,2431,38,2025-08-14 18:55:47
16105,17,1966,98,2025-12-22 09:09:54
16106,29,3648,45,2025-09-28 19:44:04
16107,80,3439,94,2025-09-24 04:54:38
16108,50,453,72,2025-11-07 09:07:16
16109,18,3376,17,2025-11-11 21:49:56
16110,23,1659,61,2025-02-16 03:21:52
16111,53,4817,85,2025-12-03 02:29:22
16112,33,2685,86,2025-07-29 05:56:04
16113,92,1037,28,2025-10-16 21:23:51
16114,15,481,17,2025-03-18 11:26:41
16115,82,3315,86,2025-04-26 07:22:15
16116,86,4343,72,2025-03-09 18:39:41
16117,90,183,91,2025-05-14 01:37:41
16118,31,1261,61,2025-12-03 12:38:24
16119,37,831,85,2025-09-15 12:34:17
16120,97,4725,41,2026-01-26 00:29:54
16121,75,787,96,2025-11-29 16:14:27
16122,60,4857,84,2025-10-17 05:43:57
16123,79,1320,43,2026-02-05 10:21:00
16124,52,1208,20,2025-07-22 19:53:32
16125,56,739,21,2025-01-01 10:42:02
16126,100,4965,23,2025-08-05 22:33:58
16127,3,139,18,2026-01-25 18:10:55
16128,54,2357,69,2025-02-17 01:06:43
16129,65,2234,71,2025-11-20 00:18:56
16130,68,3713,46,2025-06-24 18:22:32
16131,39,3636,3,2025-01-29 09:26:43
16132,73,2818,32,2025-09-28 16:46:59
16133,22,731,72,2025-09-16 21:09:59
16134,44,1369,46,2025-09-18 23:48:48
16135,44,75,49,2025-09-30 08:52:56
16136,52,1396,9,2025-09-11 12:47:31
16137,76,4796,18,2025-01-07 20:54:55
16138,35,1821,59,2025-03-04 14:24:45
16139,41,2837,11,2025-05-29 13:50:43
16140,47,1891,10,2025-10-02 12:29:15
16141,65,1243,9,2025-10-23 10:31:21
16142,35,4809,61,2026-01-21 16:35:18
16143,47,4374,1,2026-01-15 02:40:18
16144,62,296,2,2025-06-01 02:48:06
16145,87,4308,6,2025-03-02 04:41:14
16146,47,3940,49,2026-02-05 09:07:38
16147,16,833,91,2025-08-17 18:58:18
16148,38,4627,34,2025-11-04 05:48:38
16149,49,2015,63,2026-01-29 08:27:50
16150,6,2489,0,2026-02-05 00:26:18
16151,50,2705,89,2025-08-12 16:48:11
16152,35,2840,74,2025-11-07 01:20:08
16153,43,129,64,2025-08-23 12:29:36
16154,61,4410,60,2025-05-25 08:14:25
16155,46,4242,83,2026-01-31 00:01:36
16156,34,4237,66,2026-01-27 05:31:43
16157,91,4544,16,2025-03-23 07:54:35
16158,4,4036,14,2025-10-29 03:48:15
16159,9,544,44,2025-06-18 00:09:52
16160,37,1992,20,2025-04-11 09:14:39
16161,63,2788,96,2025-07-24 23:30:32
16162,74,4425,12,2025-06-22 17:46:31
16163,57,4250,17,2025-07-13 10:42:25
16164,92,1509,98,2025-06-29 04:33:15
16165,57,4728,64,2025-10-06 05:01:55
16166,78,3230,47,2025-07-17 09:25:32
16167,89,2566,92,2025-11-25 01:42:40
16168,45,2561,33,2025-06-29 09:38:53
16169,4,3500,74,2025-01-12 08:20:52
16170,10,1170,44,2025-08-25 12:10:12
16171,89,2735,17,2025-05-19 22:12:45
16172,82,3554,94,2025-03-07 12:03:42
16173,47,4584,3,2025-09-27 13:13:42
16174,47,205,61,2025-09-09 08:59:49
16175,72,4064,37,2025-01-30 14:43:58
16176,74,2265,93,2025-02-18 19:26:37
16177,33,4989,80,2025-06-14 01:08:07
16178,70,4925,38,2025-12-19 20:43:13
16179,55,1022,26,2025-10-30 21:43:02
16180,85,2738,40,2025-04-10 05:03:31
16181,56,3239,10,2025-07-05 00:17:46
16182,2,4727,3,2025-12-05 07:04:21
16183,77,4244,50,2025-04-04 10:31:32
16184,48,2771,12,2025-07-21 02:34:43
16185,76,833,3,2025-05-15 17:15:21
16186,85,3778,84,2025-10-30 21:49:29
16187,75,884,56,2026-01-04 03:28:08
16188,47,745,21,2026-02-05 10:09:49
16189,89,2485,57,2025-11-07 02:59:34
16190,7,2069,60,2025-08-31 20:46:22
16191,43,2002,18,2025-10-21 02:28:33
16192,28,4303,45,2025-08-27 21:57:09
16193,17,4559,83,2025-03-27 09:13:51
16194,57,4953,79,2025-10-30 14:57:56
16195,58,2416,9,2025-02-25 11:02:31
16196,7,3831,93,2025-07-10 09:11:24
16197,26,3583,32,2025-02-02 22:32:06
16198,22,3355,34,2025-08-13 23:52:14
16199,64,2578,15,2025-03-13 04:29:45
16200,51,2841,24,2025-01-26 09:19:43
16201,69,2768,83,2025-06-07 22:53:30
16202,10,1043,17,2025-12-25 11:54:11
16203,84,1724,19,2025-10-21 06:43:11
16204,52,3093,22,2025-01-02 06:24:24
16205,23,3994,83,2025-01-19 20:02:07
16206,86,1241,46,2025-04-27 20:32:09
16207,93,2623,36,2025-12-16 06:59:25
16208,100,2148,9,2025-06-08 01:13:39
16209,84,1759,28,2025-01-01 23:32:12
16210,37,3892,56,2025-04-18 08:40:39
16211,93,1735,48,2025-12-08 06:44:17
16212,54,550,60,2025-01-23 17:13:52
16213,38,3707,76,2025-09-17 02:14:53
16214,3,4929,69,2025-08-12 16:46:42
16215,88,3444,58,2025-12-06 09:22:09
16216,72,1952,12,2025-11-25 00:40:59
16217,49,552,0,2025-06-14 10:45:33
16218,80,4709,85,2025-02-18 17:13:04
16219,83,2119,7,2025-04-12 20:34:53
16220,58,2804,44,2025-08-26 21:03:12
16221,22,688,74,2025-01-08 18:06:03
16222,69,2328,9,2025-02-13 07:11:53
16223,54,3854,49,2025-06-14 17:50:25
16224,28,111,27,2025-04-03 18:37:10
16225,85,1421,78,2025-11-16 14:11:25
16226,23,478,66,2026-01-13 03:13:34
16227,61,113,24,2025-12-30 06:09:11
16228,91,4395,54,2025-12-03 17:06:45
16229,26,4022,84,2025-08-06 00:03:01
16230,54,4807,41,2026-01-15 09:20:16
16231,48,2864,27,2025-05-05 07:34:22
16232,37,722,67,2025-11-01 12:23:29
16233,13,3890,80,2025-07-17 06:51:16
16234,77,1546,78,2025-06-08 08:31:49
16235,79,2685,27,2025-12-16 19:15:58
16236,74,3777,40,2025-05-07 14:26:22
16237,43,1365,37,2025-08-04 15:53:05
16238,14,2733,21,2025-04-18 13:39:07
16239,79,3619,44,2025-10-16 23:48:04
16240,33,4152,69,2025-11-30 21:56:45
16241,17,3832,81,2025-12-11 23:45:40
16242,39,780,74,2025-10-09 19:39:48
16243,34,4972,47,2026-02-01 21:26:34
16244,68,366,47,2026-01-07 09:12:57
16245,17,4268,58,2025-12-10 11:35:07
16246,17,3763,24,2025-08-25 07:08:09
16247,62,682,76,2025-02-07 02:57:09
16248,24,576,13,2025-05-03 02:59:04
16249,38,4548,16,2025-04-29 15:54:19
16250,70,1556,3,2025-10-22 08:53:33
16251,23,1412,29,2025-10-29 11:18:08
16252,28,2253,7,2025-09-02 21:08:45
16253,16,3218,64,2025-05-27 21:12:04
16254,93,1528,48,2025-11-19 03:41:10
16255,29,3325,72,2025-03-16 21:34:04
16256,60,4404,16,2025-05-04 01:47:01
16257,81,3146,26,2025-12-15 15:16:21
16258,57,3531,16,2025-06-21 01:16:25
16259,12,2043,77,2025-07-08 07:44:55
16260,36,719,72,2025-11-24 08:13:59
16261,99,3665,29,2025-01-08 11:44:41
16262,61,4399,52,2025-11-13 13:03:04
16263,10,1882,28,2025-01-27 05:29:43
16264,89,1346,45,2026-01-15 18:02:49
16265,27,1725,62,2025-01-11 07:57:32
16266,19,2853,71,2025-01-21 01:43:33
16267,61,4432,80,2025-10-05 23:35:32
16268,85,4016,34,2025-12-28 15:52:56
16269,80,4857,94,2025-04-10 14:51:55
16270,57,1761,13,2025-10-12 01:04:12
16271,64,1014,21,2025-12-14 09:50:29
16272,73,839,24,2025-08-09 19:54:15
16273,9,3776,32,2025-02-27 11:15:14
16274,13,2045,2,2025-07-27 09:34:31
16275,71,977,22,2025-07-10 13:41:20
16276,57,1041,80,2025-08-03 18:31:38
16277,5,896,62,2025-10-11 04:32:24
16278,98,4273,55,2025-04-17 11:23:25
16279,14,2594,66,2025-07-26 05:57:21
16280,11,2578,78,2025-08-18 04:18:28
16281,12,917,45,2026-01-16 05:34:38
16282,21,2698,26,2025-06-05 22:27:08
16283,23,4498,69,2026-01-02 16:32:11
16284,47,3968,90,2026-01-26 00:26:33
16285,60,260,95,2025-10-04 05:46:08
16286,13,2232,16,2025-04-13 19:54:28
16287,73,816,94,2025-03-25 21:22:18
16288,59,3368,78,2025-04-29 01:53:37
16289,72,4503,15,2025-12-27 14:13:21
16290,23,2453,22,2025-09-28 02:22:27
16291,3,1726,98,2025-10-11 16:48:18
16292,99,446,41,2025-12-20 02:04:47
16293,39,885,26,2025-12-02 22:32:29
16294,89,3743,90,2025-10-07 14:35:40
16295,65,1530,6,2025-08-10 12:28:01
16296,11,1658,57,2025-05-09 21:53:08
16297,56,1128,72,2025-04-22 13:10:42
16298,13,2320,73,2025-09-19 17:02:29
16299,40,2836,68,2025-04-11 21:04:08
16300,58,2866,46,2026-01-23 16:29:06
16301,87,2521,7,2025-04-01 15:49:57
16302,3,3414,16,2026-01-05 19:01:18
16303,49,1069,48,2025-03-31 10:16:48
16304,71,1722,21,2025-11-10 16:02:47
16305,40,2176,62,2025-11-02 19:00:15
16306,20,3565,45,2026-01-07 10:51:13
16307,73,829,70,2026-01-10 00:50:44
16308,26,3318,66,2025-04-23 11:12:40
16309,45,3325,66,2025-11-16 01:52:09
16310,81,1025,58,2025-10-27 10:46:31
16311,56,3453,76,2025-09-24 11:00:48
16312,25,1219,10,2025-08-23 03:57:14
16313,72,3678,66,2025-04-10 18:09:16
16314,37,4945,49,2025-08-06 14:58:18
16315,58,597,61,2025-10-01 14:26:27
16316,82,141,86,2025-07-24 09:07:32
16317,32,517,11,2025-09-17 02:58:50
16318,5,2128,52,2026-01-05 04:02:38
16319,13,4632,18,2026-01-12 07:37:31
16320,41,4110,76,2026-01-24 07:15:45
16321,42,4274,39,2025-11-13 08:16:44
16322,56,2891,26,2025-09-27 18:57:07
16323,82,346,44,2025-05-08 15:33:10
16324,16,2921,47,2025-02-05 10:31:20
16325,74,3398,99,2025-10-23 03:41:35
16326,43,2008,78,2025-07-15 19:37:10
16327,64,1927,64,2025-09-18 00:45:14
16328,31,1633,24,2025-03-29 16:51:26
16329,71,1062,16,2025-05-28 10:41:50
16330,15,3436,18,2025-04-05 17:25:06
16331,61,1888,72,2025-06-27 10:06:34
16332,83,4391,12,2025-10-11 21:12:34
16333,8,4493,81,2025-02-07 08:05:42
16334,47,3183,31,2025-12-31 20:39:42
16335,63,2959,95,2025-11-28 11:58:24
16336,32,4902,19,2025-10-12 07:44:36
16337,95,1431,35,2025-03-23 04:01:44
16338,43,2965,92,2026-01-21 02:58:29
16339,27,3682,2,2025-11-18 04:20:12
16340,70,2035,99,2025-10-03 16:11:14
16341,64,2636,95,2025-03-17 08:53:44
16342,49,683,18,2025-08-20 05:39:39
16343,11,4929,95,2025-06-23 05:07:56
16344,70,849,64,2025-01-16 11:08:26
16345,89,2185,9,2025-12-03 15:07:52
16346,64,1865,66,2025-01-28 17:39:12
16347,5,2889,39,2025-09-05 12:18:58
16348,70,3086,2,2025-08-10 16:26:22
16349,18,4409,6,2025-01-26 19:35:23
16350,1,3953,28,2025-11-06 08:12:14
16351,95,4702,43,2025-04-10 18:27:34
16352,64,2642,50,2025-05-22 08:28:19
16353,62,4947,51,2025-10-01 21:59:10
16354,44,826,17,2025-10-01 20:40:15
16355,70,1729,36,2025-12-11 07:42:27
16356,95,1677,19,2025-12-20 09:59:00
16357,70,807,86,2026-01-13 16:09:34
16358,49,112,32,2025-02-13 18:35:52
16359,53,2429,49,2025-07-06 06:37:06
16360,62,4878,34,2025-02-01 07:51:11
16361,25,1243,20,2025-05-28 19:51:13
16362,59,4178,8,2025-06-28 22:33:30
16363,16,2037,12,2025-06-29 22:17:20
16364,55,4531,76,2025-08-30 23:32:09
16365,100,3551,61,2025-07-19 18:37:10
16366,25,715,8,2025-02-05 20:57:02
16367,60,1074,13,2025-05-25 08:21:22
16368,25,4332,66,2025-01-25 18:09:59
16369,24,3949,67,2025-02-10 03:39:39
16370,61,1389,66,2025-08-08 18:31:32
16371,17,2926,41,2025-01-12 07:04:25
16372,22,3670,94,2025-07-29 13:59:06
16373,33,1082,74,2025-08-02 23:26:13
16374,70,4748,7,2025-07-09 11:19:11
16375,39,35,31,2025-05-24 17:27:21
16376,20,2630,58,2025-02-26 04:40:13
16377,35,2766,84,2025-01-02 06:41:55
16378,35,2554,29,2025-01-27 17:12:40
16379,37,2540,30,2025-10-02 05:50:24
16380,80,4940,17,2025-06-22 20:09:38
16381,60,194,3,2025-03-24 19:35:02
16382,78,508,24,2025-09-05 10:03:53
16383,4,3795,98,2025-09-30 22:04:24
16384,72,1225,27,2025-02-28 23:20:23
16385,5,2778,87,2025-08-12 07:36:48
16386,78,252,99,2025-03-19 02:32:33
16387,58,3024,24,2025-06-22 01:55:25
16388,90,1762,33,2025-02-02 00:20:55
16389,15,519,24,2025-07-01 03:16:36
16390,95,566,84,2025-04-09 08:54:27
16391,92,3719,56,2025-12-14 15:10:13
16392,27,3385,73,2025-08-22 03:19:00
16393,41,483,87,2026-01-03 23:25:53
16394,9,739,5,2025-07-12 07:09:40
16395,31,2610,76,2025-04-16 18:34:50
16396,57,2377,71,2025-06-19 04:33:28
16397,95,4537,27,2025-09-06 08:55:48
16398,63,237,24,2025-12-28 18:14:50
16399,27,129,58,2025-09-12 15:44:18
16400,79,1518,1,2025-02-17 17:47:40
16401,42,3911,45,2025-10-16 14:58:21
16402,25,585,47,2025-05-06 14:21:21
16403,43,3200,25,2025-01-28 18:51:19
16404,59,1339,22,2025-05-25 13:10:57
16405,10,152,63,2025-12-20 15:45:58
16406,45,4269,49,2025-04-28 12:32:02
16407,42,3894,32,2025-11-08 11:45:19
16408,69,443,28,2025-10-14 08:28:10
16409,80,3897,73,2025-06-19 14:52:54
16410,4,3647,37,2025-11-20 20:25:02
16411,64,1438,3,2025-06-12 00:20:57
16412,40,3915,79,2025-01-22 09:41:18
16413,59,3435,82,2025-06-06 16:05:12
16414,29,4758,14,2025-04-05 11:32:27
16415,87,2864,6,2025-04-05 02:26:47
16416,56,1936,1,2025-09-04 01:32:56
16417,90,4123,67,2025-07-09 23:04:28
16418,14,613,70,2025-04-09 11:33:37
16419,23,2847,37,2025-04-20 14:41:20
16420,35,4978,100,2025-06-29 20:49:20
16421,81,2848,16,2025-06-12 10:33:56
16422,69,1525,32,2025-08-21 01:15:45
16423,2,3912,55,2025-03-31 00:49:07
16424,75,1827,81,2025-08-11 04:20:37
16425,23,2299,11,2025-05-17 19:37:58
16426,52,4451,42,2025-10-29 15:40:47
16427,23,857,49,2025-10-01 22:26:11
16428,24,2263,35,2025-11-21 06:27:40
16429,33,1134,30,2025-03-16 13:03:03
16430,28,1775,63,2025-05-11 15:26:59
16431,51,1439,52,2025-08-10 00:07:12
16432,22,3896,82,2025-02-25 20:40:28
16433,47,1887,70,2025-01-08 18:18:09
16434,58,755,22,2026-01-25 21:05:08
16435,73,155,27,2025-12-07 19:41:37
16436,62,3593,2,2026-01-12 19:48:45
16437,27,446,88,2026-02-04 16:49:23
16438,18,4957,79,2025-12-29 17:44:53
16439,35,2991,54,2025-09-06 12:10:15
16440,74,1329,77,2025-02-05 21:23:30
16441,84,2594,65,2025-04-03 14:56:51
16442,34,2159,4,2025-03-23 12:15:12
16443,23,4096,10,2025-05-29 01:56:29
16444,78,2239,53,2025-07-14 11:00:37
16445,58,2487,100,2025-12-27 02:50:31
16446,71,3497,58,2026-02-02 11:19:18
16447,41,3540,63,2025-04-16 19:29:26
16448,46,3386,70,2025-12-09 19:24:43
16449,44,1980,97,2026-01-26 08:23:08
16450,70,99,2,2026-01-15 23:16:05
16451,34,4849,17,2026-01-13 14:29:06
16452,97,2139,37,2025-03-19 01:12:03
16453,48,4958,58,2025-07-22 20:27:38
16454,100,791,35,2025-08-24 10:21:20
16455,29,3528,60,2025-03-31 13:54:59
16456,84,651,28,2025-04-13 23:18:36
16457,68,670,23,2025-07-05 17:14:22
16458,17,997,37,2025-03-13 14:47:36
16459,4,464,100,2025-08-11 08:31:30
16460,90,4296,79,2026-01-20 17:02:59
16461,65,574,75,2025-02-22 14:48:09
16462,100,51,85,2026-01-09 03:45:16
16463,24,3045,91,2025-12-30 09:30:38
16464,17,1662,31,2025-06-08 20:02:11
16465,10,3628,45,2026-01-20 17:06:33
16466,84,1918,72,2025-08-02 03:12:59
16467,42,483,30,2025-02-07 15:18:16
16468,50,3664,91,2025-10-15 01:37:40
16469,4,3110,77,2025-10-07 18:27:19
16470,36,333,22,2026-01-19 12:22:55
16471,13,1824,34,2026-02-04 11:12:03
16472,75,3910,71,2025-05-25 04:45:51
16473,65,3698,94,2025-09-08 14:32:57
16474,13,3607,43,2025-03-31 12:44:14
16475,66,3321,91,2025-06-12 00:56:58
16476,90,3628,25,2025-06-18 17:50:16
16477,91,4837,78,2025-04-20 09:30:35
16478,79,4562,99,2026-01-16 13:53:14
16479,11,3398,97,2025-04-05 19:37:55
16480,21,2166,98,2025-06-07 16:56:02
16481,44,2853,42,2025-07-25 20:46:25
16482,39,1176,58,2025-02-22 18:06:36
16483,63,1210,14,2025-12-30 13:00:25
16484,60,401,80,2026-01-03 08:17:26
16485,45,3205,21,2025-03-15 15:37:00
16486,35,343,62,2025-01-05 06:03:23
16487,18,1242,16,2025-01-07 16:36:28
16488,44,3931,18,2025-03-21 04:09:06
16489,94,4096,15,2025-02-14 16:58:38
16490,100,2759,96,2025-11-13 16:27:46
16491,23,523,5,2025-11-17 22:38:22
16492,63,1575,14,2025-07-11 08:35:50
16493,93,2525,5,2025-11-13 03:19:11
16494,31,1887,37,2025-09-07 11:28:17
16495,82,189,49,2025-08-06 04:34:20
16496,1,88,37,2025-01-14 20:15:47
16497,16,909,87,2026-01-09 15:56:46
16498,71,3086,51,2025-10-17 15:31:09
16499,76,1029,66,2025-02-02 12:14:30
16500,50,2581,95,2025-05-19 11:48:26
16501,68,645,88,2025-02-27 12:04:56
16502,53,700,65,2025-09-04 12:56:29
16503,16,1381,36,2025-01-22 03:29:47
16504,15,1174,40,2025-09-22 05:09:53
16505,41,1014,12,2025-09-05 08:00:32
16506,80,195,16,2025-01-12 19:18:03
16507,13,1180,76,2025-06-18 10:51:25
16508,63,4775,13,2025-04-11 16:49:49
16509,18,3985,15,2025-10-19 13:03:26
16510,9,3371,100,2025-01-23 00:51:59
16511,56,293,55,2025-04-24 03:10:02
16512,92,699,95,2025-03-04 22:58:01
16513,23,3443,32,2025-10-07 20:23:58
16514,40,476,85,2025-01-11 19:03:28
16515,45,548,44,2025-07-29 03:30:15
16516,9,223,94,2025-04-15 02:03:53
16517,65,4093,49,2025-09-23 06:51:55
16518,53,2122,35,2025-08-24 01:39:00
16519,97,853,95,2025-05-05 13:16:06
16520,83,1211,67,2025-12-21 10:23:28
16521,21,92,96,2025-10-22 20:03:26
16522,62,1668,28,2025-01-09 17:23:25
16523,26,815,45,2025-02-18 06:16:09
16524,97,4617,19,2025-02-14 03:52:23
16525,12,3098,7,2025-10-09 17:27:55
16526,66,3307,20,2025-11-22 23:30:43
16527,58,721,12,2025-02-23 22:04:28
16528,77,648,62,2025-05-30 06:06:30
16529,78,1071,95,2025-11-29 14:11:13
16530,84,1919,32,2025-06-26 05:32:42
16531,6,880,81,2025-01-01 07:17:50
16532,91,2837,6,2025-06-06 21:00:57
16533,84,1292,50,2025-12-11 04:44:49
16534,23,1509,21,2025-03-30 20:04:15
16535,22,24,32,2025-03-20 12:22:38
16536,33,3385,39,2026-01-27 08:01:06
16537,61,3920,61,2025-03-16 11:27:06
16538,34,2129,62,2025-11-16 17:59:41
16539,90,2645,34,2025-06-08 08:23:37
16540,44,2934,75,2025-03-02 11:58:20
16541,76,1168,5,2026-01-10 05:30:30
16542,23,2721,31,2025-04-21 14:52:02
16543,73,4598,34,2025-03-15 03:07:46
16544,67,3372,35,2026-01-14 10:36:28
16545,95,3246,32,2025-03-06 23:49:58
16546,93,1499,97,2025-07-14 12:46:51
16547,69,4720,72,2026-01-01 06:57:17
16548,65,2162,15,2025-06-11 16:55:39
16549,71,2662,15,2025-06-29 14:35:10
16550,65,4714,54,2025-02-12 19:25:01
16551,54,2461,68,2025-08-23 19:21:45
16552,22,57,13,2025-08-27 10:19:12
16553,86,3194,42,2025-12-29 10:20:53
16554,95,489,60,2025-02-21 17:55:42
16555,56,85,55,2025-06-07 03:16:48
16556,4,2689,43,2025-04-27 09:08:06
16557,91,4531,69,2025-10-24 10:36:03
16558,82,4562,59,2025-01-04 13:07:11
16559,85,3973,72,2025-07-18 00:30:45
16560,76,560,62,2025-06-22 00:03:05
16561,78,1257,74,2025-02-09 23:55:43
16562,5,1476,80,2025-07-11 06:52:28
16563,69,1,3,2025-03-01 22:14:00
16564,86,847,88,2025-04-16 20:41:57
16565,28,1821,96,2025-12-06 20:00:50
16566,68,2245,20,2026-01-24 01:32:58
16567,42,2624,37,2025-03-19 17:05:26
16568,34,2020,99,2025-12-02 13:57:46
16569,1,3256,42,2025-04-11 12:00:43
16570,46,3306,21,2025-02-07 13:13:47
16571,65,2440,2,2025-07-26 07:54:55
16572,23,4198,45,2025-08-03 21:34:21
16573,95,2576,80,2025-11-08 05:07:11
16574,33,443,70,2025-03-28 13:06:12
16575,40,4208,99,2025-11-05 12:43:48
16576,25,21,96,2025-09-30 21:17:20
16577,62,2243,71,2025-08-14 04:13:22
16578,56,4198,20,2026-01-11 23:43:17
16579,14,3037,29,2025-08-01 13:54:58
16580,41,3332,66,2025-02-19 11:35:36
16581,69,298,12,2025-07-15 21:20:38
16582,36,3285,28,2025-06-25 14:42:25
16583,98,3848,51,2025-12-30 09:59:17
16584,89,4184,54,2025-08-02 20:26:36
16585,86,3603,39,2025-08-18 22:25:53
16586,33,3739,22,2025-11-18 12:34:59
16587,46,4503,91,2025-07-21 20:55:50
16588,60,1009,2,2025-10-20 06:55:25
16589,17,1157,69,2025-05-27 20:19:03
16590,18,4,2,2025-05-01 08:17:40
16591,68,1044,89,2025-12-21 04:44:44
16592,42,3676,50,2025-12-31 02:22:38
16593,96,1122,89,2025-04-21 00:22:44
16594,74,797,47,2025-09-05 17:45:50
16595,39,728,81,2025-08-18 04:14:48
16596,6,4604,79,2025-11-24 03:30:31
16597,15,4203,66,2025-07-25 09:09:55
16598,31,2973,78,2025-10-06 23:52:50
16599,91,3984,78,2025-05-12 17:05:39
16600,7,4492,9,2025-06-03 17:28:42
16601,30,4450,31,2025-08-11 17:18:45
16602,48,362,98,2025-05-11 01:36:56
16603,21,3889,36,2025-07-02 19:33:02
16604,5,3183,51,2025-05-24 02:04:21
16605,1,1850,72,2025-07-03 07:27:26
16606,88,3598,76,2026-01-11 21:42:35
16607,13,4628,78,2025-02-07 21:19:38
16608,10,2470,9,2025-05-06 00:44:27
16609,66,4958,76,2025-10-16 12:48:53
16610,47,1215,21,2025-01-26 10:08:24
16611,24,3531,31,2025-11-07 21:35:03
16612,31,413,17,2025-07-12 11:04:37
16613,84,1596,21,2025-12-07 15:01:44
16614,19,3757,7,2025-01-25 14:05:53
16615,95,4361,16,2025-05-31 08:42:48
16616,12,2641,98,2026-01-13 15:14:19
16617,89,3383,12,2025-09-10 10:17:30
16618,57,1342,28,2025-03-06 18:30:49
16619,9,2104,48,2025-11-09 08:22:45
16620,28,3841,92,2025-01-14 20:56:23
16621,47,2835,63,2025-02-16 14:34:43
16622,47,4529,45,2025-11-24 17:24:18
16623,20,666,27,2025-12-11 09:23:13
16624,95,2321,9,2025-10-26 02:05:39
16625,12,2165,21,2025-08-30 15:12:09
16626,15,2669,30,2025-05-28 12:19:34
16627,23,4403,38,2025-09-02 11:51:01
16628,8,1660,16,2025-10-21 00:43:59
16629,14,23,8,2025-03-29 18:57:31
16630,73,4795,68,2025-12-15 12:06:17
16631,62,1380,42,2025-03-09 14:17:59
16632,88,957,51,2025-06-26 08:34:34
16633,46,1924,43,2025-12-11 14:30:12
16634,30,3565,67,2025-06-13 12:27:54
16635,35,1253,72,2025-06-01 02:28:55
16636,54,1690,5,2025-01-26 04:59:19
16637,92,4972,17,2025-11-21 10:47:50
16638,78,1177,77,2025-12-31 21:55:01
16639,25,3982,25,2025-12-26 15:03:56
16640,15,2681,1,2026-01-19 20:26:05
16641,82,1662,35,2026-02-04 12:34:37
16642,33,142,44,2025-01-09 20:15:23
16643,74,1516,56,2025-09-21 12:16:44
16644,38,4809,74,2025-11-28 22:37:35
16645,14,3696,83,2025-10-12 22:43:23
16646,2,2725,16,2025-07-30 00:54:34
16647,88,3806,18,2025-01-03 19:55:05
16648,94,1135,29,2025-07-26 22:54:13
16649,65,496,20,2025-08-01 06:25:31
16650,74,2710,53,2025-06-05 06:14:15
16651,60,928,54,2026-01-31 03:04:51
16652,16,618,31,2025-11-25 23:11:50
16653,94,2051,22,2025-03-08 00:53:13
16654,61,1164,7,2025-08-20 18:59:45
16655,92,4066,10,2025-08-02 01:35:53
16656,95,2813,16,2025-03-04 01:32:02
16657,43,2461,42,2026-01-30 00:59:24
16658,88,1185,95,2026-01-20 14:14:06
16659,1,4574,82,2025-09-16 06:27:04
16660,72,634,78,2025-05-30 05:13:57
16661,7,3444,49,2025-07-08 12:56:25
16662,69,3391,11,2025-04-25 14:40:24
16663,31,1864,47,2025-08-01 12:26:35
16664,51,1009,27,2025-12-10 17:37:45
16665,89,770,6,2025-03-22 17:24:58
16666,34,4412,49,2025-04-06 23:39:34
16667,40,2869,29,2026-01-16 18:39:39
16668,58,4475,74,2026-02-05 03:54:33
16669,30,995,83,2025-07-24 08:49:51
16670,82,3913,34,2026-01-08 10:51:19
16671,79,1468,62,2025-02-05 21:35:34
16672,92,1136,86,2025-09-21 21:41:12
16673,13,198,38,2025-10-21 04:15:05
16674,69,422,65,2025-06-24 22:15:31
16675,7,1083,85,2025-03-26 10:48:31
16676,95,4166,29,2025-10-01 07:10:56
16677,38,1446,84,2025-05-03 00:16:14
16678,52,4061,84,2025-11-30 20:35:55
16679,88,4613,66,2025-08-02 15:05:16
16680,45,1059,66,2025-03-30 05:17:46
16681,50,1156,25,2025-10-25 04:16:13
16682,5,4109,93,2025-05-30 09:04:46
16683,97,4537,41,2025-10-23 06:20:08
16684,88,3438,26,2025-03-09 02:11:37
16685,55,1322,87,2025-07-15 20:41:48
16686,26,4843,73,2025-06-15 10:54:31
16687,18,2727,73,2025-06-30 19:04:43
16688,96,312,52,2025-11-13 14:47:51
16689,73,4449,99,2025-09-09 16:24:43
16690,57,1525,57,2025-10-08 11:30:23
16691,5,1929,40,2025-06-05 15:04:28
16692,44,1319,16,2025-03-20 07:10:08
16693,80,4422,62,2025-04-25 05:58:46
16694,44,1623,58,2025-02-12 16:23:05
16695,85,1626,44,2025-01-18 14:45:36
16696,66,2499,37,2026-01-22 04:37:28
16697,49,3117,24,2026-01-16 08:47:59
16698,69,3464,78,2025-09-12 08:25:14
16699,92,739,37,2025-05-29 09:49:16
16700,53,53,95,2025-03-02 16:10:07
16701,88,4679,58,2025-02-24 12:03:32
16702,64,934,50,2025-09-15 11:56:04
16703,44,975,61,2025-11-02 14:26:33
16704,78,919,91,2025-03-01 21:04:11
16705,60,4938,58,2026-01-28 05:36:33
16706,63,660,65,2025-02-24 01:45:58
16707,35,3549,100,2025-10-28 05:28:09
16708,55,4708,37,2025-08-22 09:12:12
16709,42,4308,20,2025-09-24 04:29:25
16710,62,4518,23,2025-03-11 04:22:53
16711,8,2726,82,2025-08-14 02:58:11
16712,75,4942,5,2025-10-22 11:33:50
16713,20,853,45,2025-08-03 03:42:44
16714,84,1769,14,2025-10-20 14:17:49
16715,99,3781,55,2025-11-07 01:52:59
16716,9,2488,22,2025-03-16 20:43:44
16717,15,570,81,2025-02-01 18:38:30
16718,23,3561,37,2025-01-23 13:08:10
16719,59,2073,71,2025-04-07 03:05:13
16720,18,561,98,2025-12-06 13:57:00
16721,7,4632,86,2026-01-08 13:16:10
16722,69,206,39,2025-08-04 21:54:12
16723,60,3520,97,2025-06-05 03:00:03
16724,16,268,42,2025-08-13 18:41:34
16725,53,2124,54,2025-12-28 07:11:29
16726,1,1337,31,2025-09-27 17:03:52
16727,96,2013,67,2025-06-28 02:56:45
16728,42,1044,22,2025-10-20 12:35:06
16729,26,2289,91,2025-12-24 16:17:09
16730,5,4915,32,2025-02-02 13:48:22
16731,89,3546,94,2025-09-14 14:51:24
16732,33,3663,16,2025-01-27 02:57:35
16733,11,934,14,2025-06-19 01:09:31
16734,20,4791,70,2025-06-23 13:39:55
16735,90,4523,53,2025-01-05 05:49:55
16736,59,1856,94,2025-04-30 21:15:52
16737,85,3140,0,2025-05-06 00:36:53
16738,35,4449,87,2026-01-21 08:28:22
16739,31,2837,8,2025-05-05 15:22:55
16740,24,3445,18,2026-01-27 23:00:03
16741,72,2864,69,2026-01-17 00:51:02
16742,56,791,84,2025-12-17 16:12:29
16743,22,4630,49,2025-07-18 23:01:19
16744,53,3766,63,2026-01-01 04:36:48
16745,10,4264,85,2025-07-13 10:59:11
16746,58,4587,14,2025-11-30 00:16:18
16747,64,1858,8,2025-05-14 20:59:33
16748,97,242,64,2025-08-02 19:03:40
16749,55,649,36,2026-02-01 23:19:50
16750,86,503,12,2025-03-22 21:46:58
16751,45,4647,79,2025-12-31 20:41:58
16752,64,4655,20,2025-11-27 04:10:50
16753,19,3794,35,2025-02-26 09:44:47
16754,71,4564,53,2025-07-07 19:32:16
16755,64,3378,59,2025-02-16 11:44:53
16756,39,4498,66,2025-10-16 16:05:10
16757,86,3079,46,2025-02-03 18:17:24
16758,83,665,86,2025-03-30 09:49:59
16759,13,3138,11,2025-09-14 04:52:40
16760,43,451,50,2025-06-24 06:13:13
16761,89,231,37,2025-11-10 23:20:09
16762,13,1675,64,2025-07-17 14:26:55
16763,9,2095,81,2025-04-24 16:39:16
16764,63,2169,82,2025-01-24 23:17:30
16765,81,752,82,2025-04-03 23:52:50
16766,86,4238,61,2025-09-17 12:26:14
16767,47,3639,1,2025-01-16 14:57:49
16768,59,4234,89,2025-03-08 00:14:12
16769,37,4570,26,2025-11-30 03:34:11
16770,66,1905,15,2025-09-11 21:36:05
16771,65,2545,14,2025-07-05 03:47:34
16772,1,3853,29,2026-01-05 14:19:52
16773,47,2945,1,2025-02-21 21:10:30
16774,53,2644,35,2025-08-06 02:00:56
16775,76,445,39,2025-11-12 13:05:45
16776,99,1589,76,2025-01-15 12:56:28
16777,50,2127,17,2026-01-17 12:26:34
16778,57,1334,66,2025-11-16 06:27:40
16779,24,2453,85,2025-01-02 21:35:45
16780,60,1821,34,2025-03-16 23:59:39
16781,7,2337,48,2025-11-17 13:48:40
16782,26,3477,16,2025-11-15 17:11:51
16783,78,1324,82,2025-09-13 20:21:51
16784,99,572,91,2025-08-26 17:40:53
16785,36,2389,71,2025-03-05 00:05:34
16786,23,998,16,2025-01-20 14:32:04
16787,29,4188,14,2025-08-09 02:02:23
16788,96,2083,17,2025-11-13 01:51:40
16789,88,2421,82,2025-03-05 11:52:10
16790,10,2858,60,2025-05-17 20:36:25
16791,87,354,91,2025-06-30 13:57:06
16792,79,1977,21,2025-12-18 08:50:28
16793,23,1862,5,2025-09-30 12:57:00
16794,82,454,77,2025-11-24 11:10:05
16795,68,4257,8,2025-12-12 11:11:18
16796,96,2822,5,2025-01-09 10:13:56
16797,43,4255,87,2025-07-23 18:23:29
16798,39,2834,17,2026-01-24 23:56:28
16799,39,479,81,2025-03-31 07:50:09
16800,43,4972,60,2025-01-01 10:08:17
16801,75,3975,63,2025-05-07 14:27:26
16802,43,4761,38,2025-03-13 01:07:32
16803,55,2215,4,2025-10-20 21:21:31
16804,72,2129,6,2025-03-07 07:26:36
16805,28,80,40,2025-03-27 23:28:14
16806,17,4997,63,2025-10-10 08:32:36
16807,36,1983,30,2025-08-19 19:33:23
16808,11,432,31,2025-12-12 12:14:26
16809,16,393,67,2025-12-04 17:53:30
16810,37,3695,84,2025-03-12 22:13:41
16811,44,2373,38,2025-03-11 02:57:45
16812,26,529,62,2025-10-04 20:43:42
16813,33,2285,69,2025-10-10 02:34:50
16814,40,4394,97,2025-06-15 03:58:12
16815,18,2121,85,2025-10-06 06:47:20
16816,51,2670,21,2025-01-28 23:48:34
16817,90,4175,36,2025-02-22 08:45:57
16818,61,697,43,2025-07-08 08:06:32
16819,88,4655,34,2025-10-19 16:36:58
16820,44,2067,29,2025-06-08 10:15:15
16821,85,2442,22,2025-11-25 13:48:00
16822,92,3816,91,2025-12-05 11:40:17
16823,35,2706,9,2025-11-25 00:51:18
16824,93,3544,47,2025-05-05 21:59:07
16825,56,4382,10,2025-01-06 15:46:34
16826,66,4263,39,2025-02-12 07:23:53
16827,93,3067,6,2025-03-28 18:24:41
16828,53,58,4,2025-12-31 06:23:50
16829,90,4361,5,2025-09-25 01:03:21
16830,27,2074,49,2025-07-16 11:53:18
16831,44,897,12,2025-05-03 03:17:15
16832,12,1039,53,2025-02-22 22:09:58
16833,16,4201,27,2025-03-03 23:42:31
16834,5,772,81,2025-12-22 16:22:04
16835,56,1549,22,2025-08-13 19:55:28
16836,39,1509,2,2025-10-28 12:35:14
16837,59,1964,38,2025-07-27 10:27:08
16838,85,649,13,2025-09-19 16:19:13
16839,58,1783,60,2025-01-19 13:01:50
16840,15,3020,94,2025-10-11 10:58:02
16841,74,3657,86,2026-01-12 19:11:47
16842,35,2795,87,2025-01-30 21:58:57
16843,50,2587,78,2025-09-26 04:30:00
16844,77,4980,57,2025-10-03 03:04:08
16845,54,3346,79,2025-06-14 06:34:15
16846,48,926,45,2025-06-27 05:58:17
16847,9,1064,69,2025-07-23 08:33:12
16848,90,1413,58,2025-12-15 02:36:32
16849,37,1651,59,2025-08-23 11:41:08
16850,56,2512,66,2025-05-28 21:06:46
16851,95,47,41,2025-04-01 07:02:29
16852,52,4265,65,2025-04-21 03:09:05
16853,85,853,41,2025-06-16 01:10:05
16854,58,1324,96,2025-06-07 22:53:04
16855,49,4945,8,2025-10-21 15:13:05
16856,18,1638,59,2025-12-21 09:30:36
16857,41,2729,90,2025-10-13 18:29:54
16858,19,4467,36,2025-12-11 11:01:29
16859,94,2189,34,2025-10-11 02:56:00
16860,68,3882,88,2025-07-10 22:28:43
16861,29,1142,49,2025-04-19 13:39:13
16862,73,3448,48,2025-12-19 07:04:34
16863,37,2607,31,2025-11-04 19:26:19
16864,66,3555,78,2025-12-18 22:03:40
16865,16,3797,21,2025-04-17 02:30:38
16866,15,2720,55,2025-06-11 20:51:00
16867,63,3467,34,2025-08-29 00:18:14
16868,72,3318,54,2025-11-27 03:29:47
16869,13,1769,55,2025-08-04 17:41:05
16870,40,378,77,2025-09-19 20:45:35
16871,70,3658,31,2025-10-13 03:26:45
16872,23,2977,83,2025-05-09 06:49:07
16873,64,1179,86,2025-04-30 06:28:57
16874,42,3623,26,2025-03-30 01:16:00
16875,46,2123,74,2025-06-08 22:56:53
16876,48,4053,1,2025-04-11 08:02:54
16877,14,173,53,2025-04-09 21:31:46
16878,100,1085,85,2025-02-15 23:08:08
16879,73,4575,25,2025-03-31 18:14:12
16880,69,127,85,2025-05-02 04:42:50
16881,47,261,20,2025-09-05 15:36:07
16882,1,4721,86,2025-07-22 13:54:28
16883,59,79,59,2025-01-16 10:14:06
16884,46,4667,3,2025-02-17 00:22:19
16885,20,4711,21,2025-09-26 14:34:14
16886,74,2373,61,2025-08-30 11:22:15
16887,69,2033,5,2026-01-12 07:25:28
16888,16,3885,5,2025-02-11 19:24:43
16889,9,780,6,2025-04-13 08:29:15
16890,49,4490,0,2025-04-23 12:08:59
16891,91,968,11,2025-07-05 05:01:52
16892,55,2529,24,2025-01-13 01:58:41
16893,60,1317,21,2025-04-28 19:20:36
16894,53,4585,73,2025-06-22 22:47:03
16895,64,50,10,2025-02-07 00:04:08
16896,49,258,14,2025-08-19 16:21:50
16897,14,3812,39,2025-04-03 05:18:06
16898,79,2551,36,2025-11-18 22:25:54
16899,76,3362,68,2025-07-09 17:08:12
16900,49,1817,1,2025-05-27 04:34:17
16901,41,4858,47,2025-02-19 22:28:36
16902,25,4140,21,2025-05-19 03:54:10
16903,40,4085,27,2025-03-29 13:03:20
16904,41,2770,7,2025-01-13 10:46:11
16905,12,4817,100,2025-07-28 15:54:21
16906,47,3519,36,2025-09-10 13:43:06
16907,61,746,77,2025-05-05 22:17:43
16908,95,1071,27,2025-01-04 02:51:27
16909,97,2513,22,2025-03-06 04:47:31
16910,71,15,66,2025-09-13 06:18:58
16911,62,2147,68,2025-01-14 12:41:55
16912,2,3140,32,2026-01-10 23:52:12
16913,71,644,51,2026-01-02 19:46:17
16914,62,1894,72,2025-11-06 05:22:43
16915,10,4395,40,2025-11-17 11:31:00
16916,22,367,67,2025-02-05 15:11:45
16917,99,4378,49,2025-03-28 17:58:52
16918,100,1389,22,2025-06-27 02:27:19
16919,85,1938,59,2026-01-09 08:41:15
16920,83,959,35,2025-04-04 11:40:05
16921,8,176,42,2025-01-11 01:59:25
16922,4,2325,12,2025-05-19 18:33:30
16923,87,2615,93,2025-08-29 18:35:27
16924,30,2692,14,2025-09-24 03:05:47
16925,50,417,43,2025-10-11 03:50:48
16926,58,2482,44,2025-12-24 23:42:29
16927,88,188,58,2025-10-26 05:01:53
16928,94,547,5,2026-01-25 16:52:31
16929,68,1961,34,2025-10-17 09:50:53
16930,15,61,6,2025-07-22 11:42:25
16931,74,1208,36,2025-05-23 15:51:33
16932,97,1814,16,2025-06-02 01:40:32
16933,82,1928,19,2025-12-07 18:49:10
16934,98,4939,31,2026-01-21 16:02:16
16935,67,997,58,2025-01-30 15:53:24
16936,91,4030,6,2025-12-13 20:36:49
16937,22,1532,90,2025-08-08 00:36:33
16938,74,3428,63,2025-02-07 08:04:33
16939,82,2591,39,2025-02-20 17:09:33
16940,60,2453,29,2025-03-24 08:05:28
16941,1,4568,7,2025-04-08 01:18:07
16942,94,1174,83,2025-11-24 20:52:53
16943,22,648,70,2025-12-18 05:03:33
16944,15,1227,51,2025-06-30 08:57:50
16945,49,1770,22,2025-05-02 07:39:59
16946,68,1871,37,2025-10-18 12:43:57
16947,4,198,48,2025-04-29 15:46:37
16948,87,197,95,2025-03-04 17:05:48
16949,40,3374,65,2026-01-31 21:04:17
16950,55,4728,50,2025-05-15 04:15:19
16951,38,1433,86,2025-11-11 20:20:21
16952,9,3454,62,2025-09-20 13:16:53
16953,74,3408,33,2025-07-30 16:05:32
16954,21,2404,1,2025-09-27 21:14:10
16955,87,4177,14,2025-03-05 00:47:42
16956,92,1492,29,2025-10-05 21:48:06
16957,5,1265,77,2025-03-20 09:48:15
16958,22,1288,37,2025-11-07 10:16:07
16959,60,3381,17,2025-12-29 10:57:00
16960,2,1426,23,2026-02-02 18:10:31
16961,32,641,39,2025-09-10 19:56:32
16962,22,3039,75,2025-04-20 00:21:43
16963,68,1229,28,2025-08-03 10:03:27
16964,42,1901,2,2026-01-17 17:51:18
16965,97,3119,3,2025-07-17 00:19:46
16966,22,3796,33,2025-09-19 18:54:54
16967,92,2671,39,2025-03-27 18:01:45
16968,4,282,77,2025-11-30 00:26:52
16969,34,4023,61,2025-06-06 20:37:57
16970,55,3581,29,2025-09-15 08:51:31
16971,39,490,85,2025-02-12 16:43:33
16972,61,3575,96,2025-01-19 06:24:36
16973,59,3044,5,2025-07-19 19:21:33
16974,100,2429,54,2025-06-01 02:28:29
16975,4,102,9,2025-04-30 19:41:29
16976,42,1694,83,2025-04-13 06:57:17
16977,49,268,23,2025-01-26 13:29:33
16978,86,3069,95,2025-03-22 23:37:27
16979,72,2710,56,2025-02-12 14:50:39
16980,95,2913,97,2025-12-06 18:50:26
16981,23,3172,97,2025-08-10 04:14:43
16982,35,4437,9,2025-12-12 05:39:45
16983,27,3883,83,2025-06-24 00:38:02
16984,5,2259,75,2025-05-23 18:12:03
16985,5,2854,17,2025-05-28 07:03:24
16986,38,754,74,2025-01-28 23:10:04
16987,4,1571,30,2025-11-27 09:32:30
16988,24,2375,39,2026-01-12 17:13:24
16989,2,4747,39,2025-11-26 07:34:00
16990,38,3002,8,2025-05-09 06:58:06
16991,90,2414,20,2025-08-23 12:08:20
16992,73,4727,80,2025-11-30 13:11:28
16993,63,834,35,2025-02-09 06:42:37
16994,3,2572,31,2025-07-14 16:31:50
16995,90,4524,47,2025-08-23 12:38:13
16996,64,730,68,2025-11-16 00:29:49
16997,64,1545,56,2025-03-26 19:50:59
16998,69,2310,60,2025-12-08 06:46:44
16999,78,4160,73,2026-01-11 00:14:51
17000,37,1044,57,2025-02-25 10:29:58
17001,19,1445,82,2025-05-27 14:52:52
17002,91,1812,76,2025-06-06 01:20:36
17003,57,546,17,2025-04-26 22:40:27
17004,65,235,9,2025-02-09 15:25:15
17005,48,1059,44,2025-12-03 00:17:04
17006,33,3825,25,2025-12-16 07:59:07
17007,98,4984,27,2025-10-07 14:32:26
17008,31,3696,25,2025-02-27 21:09:11
17009,7,2154,34,2025-04-26 21:56:25
17010,30,4,85,2025-08-11 02:29:35
17011,84,103,85,2026-01-16 17:21:14
17012,21,4529,58,2025-02-19 08:51:45
17013,6,4025,37,2025-10-27 08:50:59
17014,28,2764,33,2025-08-09 04:56:18
17015,35,3854,81,2025-06-29 10:59:06
17016,25,500,20,2025-06-28 21:30:06
17017,51,3833,43,2025-01-12 01:42:04
17018,49,1193,7,2025-04-12 18:22:01
17019,54,4775,22,2025-04-13 18:59:24
17020,88,977,47,2025-11-18 06:07:06
17021,14,3852,43,2025-11-06 21:45:03
17022,5,4830,41,2025-12-26 01:55:06
17023,16,281,31,2025-02-01 07:00:01
17024,18,411,100,2025-07-17 03:38:16
17025,45,1951,77,2026-01-11 19:06:42
17026,90,2110,63,2025-07-14 05:26:38
17027,77,474,71,2025-11-24 07:51:53
17028,37,2720,97,2025-07-20 17:42:52
17029,79,1083,29,2025-05-25 09:49:08
17030,96,3887,69,2025-09-26 02:57:15
17031,49,2226,71,2025-06-13 16:54:17
17032,56,63,22,2025-03-17 09:39:31
17033,52,1116,97,2025-02-17 07:54:07
17034,30,1866,85,2025-10-03 12:03:38
17035,69,3701,43,2025-02-09 10:03:19
17036,22,1577,56,2025-04-25 05:30:19
17037,10,1890,54,2025-06-09 09:09:38
17038,21,3839,33,2025-02-14 20:55:39
17039,39,883,60,2025-10-20 17:28:59
17040,51,186,68,2025-03-08 15:07:04
17041,45,3027,34,2025-02-16 15:02:35
17042,28,401,9,2025-03-03 20:21:23
17043,67,1989,14,2025-02-24 02:03:58
17044,15,4049,73,2025-10-10 11:48:02
17045,34,3760,68,2025-10-11 13:31:18
17046,47,710,39,2025-10-06 15:08:12
17047,78,823,7,2025-04-11 09:45:51
17048,27,3314,42,2025-08-30 18:45:13
17049,81,2382,24,2025-07-08 19:14:26
17050,1,3342,0,2025-07-24 11:33:57
17051,97,3810,21,2025-11-05 11:21:33
17052,34,4519,18,2025-01-02 02:08:46
17053,29,801,92,2025-05-21 02:47:41
17054,94,4862,13,2025-03-05 03:50:56
17055,49,1253,45,2025-05-08 14:42:39
17056,68,3041,61,2025-01-14 09:32:58
17057,82,1701,77,2025-05-14 06:18:56
17058,23,3988,28,2025-02-03 23:54:42
17059,87,3655,53,2025-05-23 02:34:50
17060,17,4651,0,2025-11-05 17:58:12
17061,45,2650,88,2025-07-24 22:03:26
17062,21,1910,33,2025-06-06 15:05:52
17063,20,4419,77,2025-01-20 18:19:44
17064,82,3416,72,2025-05-17 08:15:05
17065,35,3423,14,2025-04-30 19:36:56
17066,77,358,96,2025-03-11 00:16:48
17067,38,434,97,2025-03-22 06:23:20
17068,17,1065,48,2025-08-05 01:40:57
17069,8,3755,34,2025-12-27 17:13:05
17070,11,975,39,2025-04-04 13:52:25
17071,34,1243,48,2025-09-09 02:24:50
17072,20,4881,55,2025-04-10 17:33:21
17073,48,797,37,2025-11-19 09:50:53
17074,40,3187,27,2026-02-04 02:45:02
17075,100,2362,90,2025-02-26 18:50:37
17076,61,4963,39,2025-09-19 18:23:40
17077,42,781,5,2026-01-10 23:08:02
17078,68,4556,42,2025-12-20 04:46:03
17079,58,4946,14,2025-07-29 16:08:30
17080,79,4756,28,2025-01-10 02:01:56
17081,22,2388,69,2025-04-15 00:08:21
17082,62,3473,60,2025-03-29 01:16:01
17083,93,2297,30,2025-03-08 10:36:57
17084,71,4619,76,2025-03-07 07:07:46
17085,32,1539,90,2025-08-28 21:14:52
17086,91,3160,43,2025-01-16 19:25:58
17087,37,2838,59,2025-04-27 05:36:20
17088,41,1874,83,2025-10-04 15:11:29
17089,9,2364,16,2025-07-23 10:11:45
17090,57,718,63,2025-04-23 01:18:38
17091,79,2980,58,2025-04-30 07:32:07
17092,11,1830,8,2025-06-29 13:03:37
17093,93,207,61,2025-04-17 14:36:10
17094,96,72,68,2025-03-21 03:23:10
17095,16,3364,35,2025-10-09 13:22:32
17096,54,4823,83,2026-01-23 17:38:07
17097,62,112,1,2025-04-03 10:52:42
17098,27,4364,7,2025-01-13 11:39:01
17099,24,1080,75,2025-03-02 15:24:52
17100,65,3070,91,2025-02-22 23:07:46
17101,95,1563,87,2025-05-25 17:30:51
17102,34,4880,40,2025-05-10 16:09:43
17103,97,77,62,2025-06-24 23:36:44
17104,17,4501,17,2025-04-02 19:05:32
17105,40,1758,38,2025-05-19 13:13:38
17106,45,4246,8,2025-04-01 10:51:06
17107,75,3741,2,2025-09-22 01:49:16
17108,76,605,0,2025-11-12 10:17:47
17109,37,530,7,2025-06-10 17:15:57
17110,42,3060,2,2025-08-03 18:42:52
17111,10,4921,82,2025-05-19 04:42:11
17112,9,1150,32,2025-03-12 03:52:27
17113,48,2099,31,2025-04-07 17:39:25
17114,42,3561,54,2025-11-26 13:34:56
17115,64,3506,8,2025-09-10 19:10:45
17116,58,4819,95,2025-08-06 00:31:57
17117,95,2877,7,2025-08-08 09:26:38
17118,54,4759,42,2025-12-01 19:49:01
17119,10,3630,37,2025-04-12 22:24:47
17120,50,899,76,2025-02-28 00:57:20
17121,25,1685,31,2025-08-06 13:37:29
17122,32,3762,59,2025-06-13 14:05:29
17123,49,773,20,2025-08-31 19:50:13
17124,15,3651,3,2026-01-24 15:09:14
17125,100,1866,21,2025-07-14 12:50:16
17126,36,2601,28,2025-11-28 17:34:17
17127,31,1018,64,2025-03-16 13:05:41
17128,20,2948,15,2026-02-04 05:35:08
17129,90,1173,52,2025-02-10 03:09:56
17130,57,3210,77,2025-11-26 09:07:58
17131,24,116,25,2025-06-12 02:40:47
17132,1,4441,95,2025-02-16 11:48:28
17133,19,3805,59,2025-03-16 13:05:53
17134,59,993,45,2025-06-01 03:18:37
17135,76,990,32,2025-03-20 05:27:34
17136,93,2216,38,2025-08-16 14:28:58
17137,100,3759,33,2025-10-13 01:11:47
17138,48,2497,93,2025-06-01 13:11:45
17139,45,3564,14,2025-10-30 06:30:30
17140,88,116,75,2025-07-20 13:24:54
17141,15,2479,76,2025-01-25 19:40:26
17142,18,3235,17,2025-10-21 04:22:39
17143,40,4228,81,2025-06-17 15:20:41
17144,63,4002,83,2025-05-26 14:03:51
17145,87,1750,19,2025-02-02 23:04:56
17146,56,3841,65,2025-01-19 07:34:51
17147,3,1745,8,2025-11-08 10:54:10
17148,24,3895,32,2025-05-15 08:49:28
17149,75,4069,14,2025-03-04 20:55:04
17150,23,841,59,2025-07-30 00:07:51
17151,89,4294,93,2025-07-04 14:20:47
17152,56,1364,58,2025-11-07 01:09:07
17153,69,4163,60,2025-07-18 19:21:47
17154,82,2185,76,2025-12-28 19:46:24
17155,44,730,96,2025-10-22 18:28:50
17156,86,2874,82,2025-03-22 06:39:44
17157,44,804,53,2025-12-04 12:02:39
17158,25,4466,32,2025-07-22 15:58:43
17159,18,4666,75,2025-04-11 07:33:48
17160,13,1403,10,2025-11-17 11:39:22
17161,20,2839,2,2025-04-03 14:28:16
17162,36,1351,50,2026-01-02 09:24:19
17163,59,3582,41,2025-08-14 08:03:15
17164,24,127,41,2025-06-04 17:44:30
17165,28,3760,17,2025-03-30 09:18:09
17166,82,3589,57,2025-05-22 16:53:31
17167,53,3536,50,2026-02-04 07:02:04
17168,13,4431,49,2025-11-04 09:17:36
17169,83,2426,100,2025-07-23 17:38:24
17170,89,288,52,2025-09-28 13:22:46
17171,6,2643,82,2025-04-12 03:52:15
17172,67,4009,65,2025-06-18 13:56:31
17173,33,2429,23,2025-06-04 16:31:03
17174,12,4169,41,2025-11-06 04:26:08
17175,98,2449,11,2025-07-15 13:51:38
17176,34,2114,58,2025-06-08 03:05:41
17177,95,4533,38,2025-03-09 10:11:05
17178,79,1667,81,2025-05-07 07:17:41
17179,91,3876,17,2025-05-10 20:47:24
17180,42,2806,18,2025-11-12 18:01:41
17181,3,1746,67,2025-04-26 07:54:34
17182,77,4055,52,2025-11-21 01:14:18
17183,46,928,30,2025-09-18 17:20:14
17184,99,4390,31,2025-08-29 03:49:47
17185,5,936,43,2025-10-12 20:38:37
17186,29,4695,33,2025-08-18 22:24:06
17187,9,1141,9,2025-10-11 19:58:16
17188,85,4102,71,2025-03-18 03:42:13
17189,54,318,39,2025-01-17 00:44:15
17190,4,2639,73,2025-12-27 00:58:19
17191,51,4048,81,2025-11-19 09:48:34
17192,43,3551,75,2025-05-29 07:18:39
17193,67,530,63,2025-11-26 12:38:27
17194,11,3518,80,2025-07-23 02:20:55
17195,50,1990,13,2025-12-07 11:17:22
17196,95,4530,4,2025-09-13 12:45:07
17197,7,4920,85,2025-06-02 13:18:15
17198,50,2548,64,2025-09-17 15:11:29
17199,26,406,31,2025-06-22 04:04:56
17200,79,2429,63,2026-01-08 22:54:54
17201,76,2726,83,2026-01-14 13:58:04
17202,20,2413,30,2025-12-11 03:01:46
17203,29,1730,31,2025-12-08 13:48:41
17204,19,4218,36,2025-04-04 01:33:18
17205,23,895,29,2025-02-16 09:14:00
17206,29,3948,82,2025-06-08 05:57:51
17207,73,4267,60,2025-12-15 18:22:26
17208,19,1800,46,2025-02-10 11:05:42
17209,85,3742,26,2025-06-27 19:57:46
17210,75,1239,82,2025-08-22 07:07:20
17211,40,4,11,2025-07-16 10:09:43
17212,8,291,59,2025-05-11 12:45:00
17213,40,4064,62,2025-05-01 22:54:28
17214,65,950,92,2025-07-14 16:40:19
17215,31,1171,78,2025-08-10 04:42:11
17216,99,3126,64,2025-07-07 01:41:05
17217,68,1739,29,2026-01-21 08:10:07
17218,28,639,24,2026-01-16 21:12:35
17219,41,3666,18,2025-11-14 17:52:18
17220,92,4664,57,2025-02-14 23:58:11
17221,31,2849,97,2025-12-26 11:54:03
17222,51,4403,42,2025-08-04 13:13:15
17223,99,1439,81,2025-10-06 19:24:06
17224,13,3630,10,2025-03-20 11:51:14
17225,41,3774,82,2025-11-19 12:16:45
17226,77,316,19,2025-09-19 11:42:14
17227,84,3224,1,2025-06-02 00:21:31
17228,78,2604,13,2025-04-03 14:08:56
17229,41,1910,16,2025-08-04 14:14:55
17230,84,4588,20,2025-01-07 18:35:04
17231,21,3036,32,2025-06-28 16:12:33
17232,52,2271,6,2025-01-26 16:14:12
17233,23,1672,96,2025-12-18 22:00:21
17234,76,3412,43,2025-12-09 06:05:39
17235,5,3171,24,2025-10-20 14:46:51
17236,30,2708,67,2025-04-18 07:57:11
17237,73,1430,19,2025-07-24 22:53:55
17238,9,1323,59,2025-11-17 16:02:28
17239,72,4201,50,2025-02-24 09:01:08
17240,99,2740,73,2025-03-08 10:09:02
17241,59,2769,54,2025-06-22 19:58:02
17242,71,4566,20,2025-10-01 20:30:15
17243,72,1254,49,2025-02-25 11:52:20
17244,83,4091,41,2025-08-15 02:33:10
17245,47,732,44,2025-05-08 04:12:20
17246,12,2132,99,2025-01-01 03:21:38
17247,55,3342,80,2025-06-16 19:56:52
17248,83,4146,27,2025-04-28 22:31:39
17249,14,236,25,2025-09-04 00:44:09
17250,81,2122,18,2025-12-20 08:16:10
17251,94,710,74,2025-09-24 00:20:08
17252,31,850,44,2026-01-12 00:14:52
17253,68,2969,49,2025-10-19 23:18:21
17254,73,4746,81,2025-05-16 18:32:08
17255,73,75,13,2025-10-08 10:46:36
17256,32,1549,58,2025-01-12 20:53:11
17257,72,3635,0,2025-08-03 18:25:06
17258,47,2288,97,2025-04-03 16:45:53
17259,70,4370,57,2025-08-30 20:24:29
17260,59,1006,9,2025-06-05 15:47:44
17261,25,1458,3,2025-03-25 01:01:17
17262,26,1025,85,2025-10-04 16:25:51
17263,60,1744,54,2025-05-17 10:37:40
17264,32,1290,84,2025-12-23 23:52:08
17265,21,3020,75,2025-10-21 13:41:08
17266,65,1022,85,2025-02-07 15:00:06
17267,38,1259,38,2025-01-07 06:27:21
17268,21,2207,18,2025-08-08 18:35:30
17269,45,3239,36,2025-04-18 10:53:48
17270,19,2970,76,2025-07-02 23:26:02
17271,12,4248,19,2025-07-14 01:52:50
17272,57,2868,61,2025-09-03 12:18:39
17273,32,2137,72,2025-07-28 23:11:42
17274,49,358,27,2025-02-19 09:14:58
17275,26,1122,77,2025-04-20 13:17:28
17276,37,2771,76,2025-02-18 09:10:46
17277,73,3039,84,2025-01-27 19:03:39
17278,54,522,71,2025-01-22 19:39:13
17279,50,4884,39,2025-04-24 04:12:16
17280,68,2182,96,2025-05-07 03:52:18
17281,46,3759,87,2026-01-09 05:10:43
17282,83,456,79,2025-07-04 17:37:32
17283,56,2817,46,2025-06-06 04:46:14
17284,95,854,24,2025-12-25 09:49:23
17285,29,415,89,2025-08-18 09:34:43
17286,9,2338,8,2025-11-11 17:51:24
17287,39,2643,35,2025-09-12 16:35:53
17288,54,1366,79,2025-06-02 00:12:05
17289,64,3155,20,2025-04-15 20:41:15
17290,72,4529,34,2026-01-31 20:45:52
17291,69,1081,31,2025-11-22 07:28:08
17292,93,1254,2,2025-05-27 13:19:57
17293,97,1036,58,2025-09-02 00:11:54
17294,37,1861,56,2026-02-03 05:13:16
17295,72,3033,73,2025-10-21 05:42:20
17296,4,3896,26,2025-05-20 16:56:38
17297,15,1838,50,2025-11-20 16:34:47
17298,83,1324,6,2025-09-09 03:36:17
17299,97,3730,76,2025-06-17 13:44:44
17300,84,4268,16,2025-09-18 16:11:40
17301,8,3295,9,2025-04-28 10:41:16
17302,19,3130,11,2025-07-25 11:21:51
17303,2,587,43,2025-08-12 15:50:41
17304,43,4768,85,2025-03-06 03:51:36
17305,1,4825,76,2025-11-14 23:11:28
17306,5,2539,48,2025-05-27 18:32:42
17307,35,875,75,2025-11-06 07:48:08
17308,43,772,64,2025-10-08 03:07:55
17309,1,54,62,2025-09-18 03:24:13
17310,82,3614,63,2025-02-22 18:02:37
17311,2,339,66,2025-04-23 12:55:23
17312,23,4060,30,2025-08-24 06:23:39
17313,26,4530,61,2025-08-11 14:48:57
17314,62,1888,26,2025-03-22 00:59:37
17315,94,3327,73,2025-09-14 02:45:45
17316,80,1777,11,2025-03-12 22:13:55
17317,46,979,7,2025-05-31 03:54:09
17318,89,3782,34,2026-01-10 12:39:21
17319,46,2390,85,2025-02-06 20:47:02
17320,12,1795,33,2025-07-14 02:47:43
17321,4,2547,15,2025-07-17 12:31:29
17322,19,4869,32,2025-06-12 14:44:09
17323,97,3572,71,2025-07-02 07:44:26
17324,83,1867,78,2025-01-27 03:29:41
17325,9,980,74,2025-03-29 05:49:19
17326,41,2948,89,2025-10-17 10:35:26
17327,68,4910,97,2025-06-25 05:54:33
17328,44,2150,49,2025-07-07 03:18:12
17329,14,2527,31,2025-01-06 19:10:42
17330,48,4035,25,2025-06-13 08:38:14
17331,5,1254,47,2025-02-12 21:15:14
17332,80,4983,37,2026-01-25 20:56:36
17333,32,609,69,2025-01-13 21:15:37
17334,3,3230,23,2025-10-23 04:11:47
17335,44,338,30,2025-09-17 17:43:18
17336,7,2755,72,2025-06-03 10:00:07
17337,15,4495,54,2025-08-14 07:21:27
17338,38,1786,25,2025-03-02 16:58:17
17339,89,3604,77,2025-08-04 08:58:54
17340,8,3833,22,2025-08-08 04:42:25
17341,55,3849,27,2025-10-04 10:16:19
17342,2,2175,80,2025-06-10 14:44:18
17343,26,1664,67,2025-06-28 21:29:35
17344,49,4534,18,2025-07-19 21:54:47
17345,26,1663,13,2025-07-24 11:40:40
17346,14,382,63,2025-03-16 12:02:53
17347,71,2512,64,2025-05-02 20:31:14
17348,8,4862,35,2025-08-14 17:37:49
17349,60,1908,69,2025-10-28 17:17:10
17350,85,3577,81,2025-09-19 22:45:43
17351,67,869,9,2025-12-16 04:25:12
17352,60,48,1,2025-05-07 17:07:06
17353,78,379,39,2025-09-30 01:48:04
17354,75,3912,72,2025-04-11 08:53:23
17355,42,1094,52,2025-08-13 01:04:34
17356,77,2103,67,2025-07-19 14:43:39
17357,26,2955,0,2026-01-28 01:11:49
17358,38,4384,22,2025-10-10 03:42:54
17359,9,4221,64,2025-02-07 01:13:12
17360,74,3517,5,2025-12-21 23:23:51
17361,49,3333,85,2026-01-25 16:30:01
17362,74,1935,28,2025-09-20 12:49:46
17363,46,2973,57,2025-03-25 11:38:03
17364,20,2265,72,2025-06-20 07:48:05
17365,72,1763,86,2026-02-05 08:37:49
17366,15,3251,31,2025-05-27 22:36:30
17367,78,2891,18,2025-02-23 10:00:13
17368,73,864,29,2026-02-03 03:31:54
17369,18,3980,43,2025-05-30 02:48:37
17370,79,2697,29,2026-01-22 16:15:13
17371,89,1092,10,2025-05-27 12:11:43
17372,2,141,90,2025-09-29 16:23:28
17373,77,3732,7,2025-10-08 15:12:27
17374,32,4704,33,2025-04-08 12:22:37
17375,85,2696,38,2026-01-07 10:53:29
17376,44,4166,5,2025-05-31 18:38:56
17377,21,3721,60,2025-03-26 10:01:43
17378,45,3789,51,2026-01-25 13:06:18
17379,7,4638,3,2025-06-06 22:28:48
17380,34,1300,95,2025-08-26 09:47:15
17381,17,2012,70,2025-12-14 00:45:43
17382,59,4614,79,2025-04-07 19:26:49
17383,56,410,58,2025-12-23 03:27:26
17384,86,658,19,2025-01-09 01:59:38
17385,50,4594,40,2025-09-25 15:38:00
17386,32,4513,44,2025-10-04 06:36:44
17387,50,3487,14,2025-08-05 18:36:28
17388,48,611,70,2025-05-08 19:01:27
17389,80,2293,78,2025-01-14 16:09:58
17390,94,173,94,2025-05-06 22:43:19
17391,40,1874,77,2025-02-03 13:09:07
17392,39,1490,4,2025-10-19 03:25:40
17393,96,3257,41,2025-04-27 00:30:19
17394,30,814,93,2025-04-09 22:44:39
17395,33,334,42,2025-08-31 18:21:06
17396,88,2234,73,2026-01-27 05:25:47
17397,92,2551,58,2025-06-04 07:03:52
17398,57,3510,42,2025-07-29 21:58:51
17399,39,844,87,2025-10-02 11:56:51
17400,10,2292,76,2025-01-15 09:14:18
17401,8,1904,99,2025-08-23 02:53:48
17402,71,4361,100,2025-06-30 19:51:26
17403,59,4897,66,2025-01-29 15:39:46
17404,21,2939,17,2026-01-03 05:21:34
17405,4,2326,80,2025-04-09 10:49:59
17406,24,2987,33,2025-06-13 10:05:01
17407,59,3372,47,2025-05-09 22:25:17
17408,85,808,95,2025-04-14 23:22:23
17409,86,2510,22,2025-06-17 03:34:58
17410,89,4410,43,2025-08-10 18:47:36
17411,29,4775,18,2025-11-15 00:24:36
17412,10,1930,95,2025-11-28 01:56:51
17413,77,2130,90,2025-05-04 08:55:02
17414,26,2432,9,2026-01-13 19:08:24
17415,26,4211,54,2025-09-30 04:37:35
17416,47,2312,81,2025-12-05 20:59:47
17417,55,3485,98,2025-01-16 23:20:22
17418,56,4346,57,2025-04-09 06:36:23
17419,63,2739,98,2025-11-27 12:53:22
17420,22,1748,61,2025-11-07 23:14:17
17421,39,2961,96,2025-01-15 19:06:14
17422,42,2146,49,2025-11-21 23:06:34
17423,86,1713,42,2025-05-16 03:19:48
17424,17,1591,69,2025-01-05 04:19:50
17425,27,1673,81,2025-05-22 21:20:36
17426,6,1254,53,2025-07-11 09:56:40
17427,99,4771,72,2025-06-23 02:51:40
17428,60,4638,38,2025-03-01 15:33:16
17429,95,1112,57,2025-04-10 22:13:54
17430,69,2046,54,2025-05-10 16:11:21
17431,90,4703,39,2025-04-21 19:34:11
17432,38,1314,78,2025-12-08 18:53:46
17433,21,1217,30,2025-05-25 21:50:21
17434,7,3471,45,2026-01-10 15:36:06
17435,76,1747,11,2025-10-10 20:13:09
17436,87,2310,54,2025-08-04 16:17:21
17437,62,952,66,2025-03-10 04:07:46
17438,67,2048,52,2025-05-04 16:02:21
17439,33,2002,59,2025-10-20 02:35:24
17440,45,1825,22,2025-09-06 14:03:33
17441,92,3691,17,2025-11-21 11:19:42
17442,1,509,68,2025-10-02 00:01:35
17443,65,2292,6,2025-07-20 07:25:07
17444,83,3162,34,2025-12-07 00:48:59
17445,13,3199,1,2026-02-02 03:47:12
17446,71,3630,80,2026-01-28 11:47:20
17447,28,4659,15,2025-11-04 14:43:52
17448,4,4909,4,2025-01-07 21:39:18
17449,20,3857,18,2025-08-19 21:34:50
17450,54,4854,28,2025-01-11 22:34:14
17451,99,2130,35,2025-09-29 00:02:04
17452,5,2370,67,2025-11-12 21:18:52
17453,87,2472,11,2025-06-01 20:29:02
17454,26,2233,35,2025-04-14 22:31:55
17455,52,1122,34,2025-12-11 22:08:29
17456,72,4285,36,2025-05-07 03:41:30
17457,26,1614,44,2025-09-26 22:53:29
17458,14,3384,80,2025-05-14 16:51:36
17459,53,1433,56,2025-05-21 21:32:43
17460,51,3545,94,2025-04-16 11:03:10
17461,94,1207,10,2025-12-04 05:21:34
17462,39,1462,77,2025-11-17 17:50:50
17463,85,3774,74,2025-07-19 13:05:47
17464,89,141,85,2025-06-14 18:28:39
17465,32,489,14,2025-08-23 10:36:18
17466,29,641,85,2025-04-20 16:30:27
17467,29,2759,86,2025-02-07 05:24:56
17468,38,4725,16,2025-11-02 07:15:15
17469,80,3321,54,2025-04-14 10:20:16
17470,51,957,41,2025-01-20 15:30:01
17471,27,281,89,2025-02-09 06:18:58
17472,60,641,1,2025-01-17 09:54:57
17473,41,4759,46,2025-03-11 23:22:24
17474,53,416,46,2025-11-05 15:14:57
17475,17,656,3,2025-01-26 22:44:10
17476,49,1448,99,2025-02-26 00:04:43
17477,50,361,3,2025-04-28 14:59:18
17478,61,4767,88,2025-08-03 14:22:14
17479,5,2837,14,2025-12-12 08:22:44
17480,66,402,48,2025-09-09 14:49:33
17481,34,2990,5,2025-01-22 20:40:41
17482,87,1976,56,2025-04-14 15:50:33
17483,63,4012,32,2025-05-10 04:20:34
17484,53,3128,70,2025-09-14 00:06:42
17485,80,4253,82,2025-02-25 05:32:10
17486,53,2010,72,2025-12-27 10:27:28
17487,42,705,25,2025-07-14 19:31:55
17488,40,1709,17,2025-02-02 16:38:57
17489,60,4794,92,2025-08-18 14:06:54
17490,86,811,2,2025-10-11 15:52:11
17491,95,4341,61,2026-01-20 10:44:48
17492,42,1431,14,2025-06-25 04:50:14
17493,95,3570,75,2026-01-03 03:09:01
17494,76,1134,0,2025-02-12 06:12:47
17495,72,2160,51,2025-10-13 20:01:11
17496,78,1412,94,2025-03-14 02:42:16
17497,24,50,70,2025-01-03 04:05:07
17498,77,1149,20,2026-01-25 07:19:19
17499,11,2927,30,2025-01-18 14:51:38
17500,44,18,4,2025-03-16 17:19:07
17501,23,562,74,2025-07-21 08:57:22
17502,97,1637,61,2025-01-27 12:21:44
17503,26,286,4,2025-12-24 18:45:32
17504,32,2113,16,2025-01-27 06:52:38
17505,47,332,94,2025-04-30 11:21:02
17506,22,1554,93,2025-12-24 14:11:29
17507,89,4541,47,2025-02-11 14:48:07
17508,4,2902,19,2025-01-11 11:58:36
17509,9,3779,11,2025-07-11 11:24:45
17510,72,1454,11,2025-02-04 23:34:07
17511,45,2451,6,2025-10-25 11:38:28
17512,66,2803,93,2025-11-16 13:12:40
17513,25,529,3,2025-09-01 12:45:08
17514,77,3361,56,2025-03-15 14:15:17
17515,21,1657,72,2025-07-09 23:18:05
17516,36,3573,50,2025-10-27 07:32:51
17517,5,4546,85,2025-12-09 07:29:30
17518,27,661,44,2026-01-09 18:03:58
17519,48,4500,9,2025-05-27 08:47:06
17520,18,4866,47,2025-07-06 01:19:29
17521,61,1095,42,2025-12-22 05:08:32
17522,38,3950,14,2026-01-16 18:08:31
17523,37,2632,90,2025-02-10 06:23:48
17524,85,660,42,2025-06-10 02:17:23
17525,79,3015,2,2025-09-21 12:14:08
17526,15,2745,26,2025-09-26 08:32:53
17527,73,1790,69,2025-12-02 13:39:22
17528,54,4315,92,2025-06-12 11:13:40
17529,48,884,2,2025-03-12 17:27:52
17530,30,3226,46,2025-07-20 23:35:50
17531,73,3575,59,2025-11-13 21:08:06
17532,90,3477,10,2025-07-04 22:35:17
17533,22,2206,40,2025-12-03 04:18:31
17534,82,1837,79,2025-04-05 21:00:26
17535,42,1539,99,2025-04-04 06:25:58
17536,60,532,12,2025-03-28 13:17:38
17537,90,4754,55,2025-03-13 17:56:11
17538,94,3823,87,2025-09-24 23:51:56
17539,98,2388,37,2025-04-04 18:07:18
17540,53,1497,8,2025-08-29 20:29:39
17541,83,3551,53,2025-01-27 01:17:02
17542,39,1970,10,2025-01-21 06:21:44
17543,13,181,72,2025-01-17 22:47:44
17544,3,1757,89,2025-04-30 14:36:44
17545,72,1929,11,2025-08-13 07:49:16
17546,49,3408,0,2025-06-12 04:05:46
17547,31,4634,3,2025-07-20 17:05:04
17548,38,4798,54,2025-10-28 10:58:10
17549,11,2635,21,2025-04-20 21:44:55
17550,40,1805,94,2025-04-20 17:12:10
17551,11,2308,62,2025-11-13 09:28:19
17552,79,1637,79,2025-12-26 18:59:05
17553,33,4514,59,2026-01-06 04:30:40
17554,43,2371,41,2025-01-23 17:40:21
17555,93,4480,39,2025-02-01 13:27:37
17556,47,165,37,2025-08-17 06:53:15
17557,30,4156,67,2025-09-11 03:08:54
17558,43,3780,67,2025-10-14 16:02:08
17559,91,2962,56,2025-06-09 18:46:26
17560,13,1536,91,2025-07-14 08:45:54
17561,65,4886,18,2025-04-28 06:54:50
17562,91,3182,87,2025-01-09 16:21:35
17563,58,714,94,2025-09-02 20:52:43
17564,29,1003,80,2025-09-15 13:17:35
17565,84,3779,14,2025-09-28 09:37:22
17566,6,4628,19,2025-03-17 05:45:25
17567,75,4581,8,2025-01-19 04:54:19
17568,64,1788,91,2025-08-08 15:56:23
17569,87,1209,7,2025-11-10 00:18:07
17570,29,2498,18,2025-08-30 05:35:46
17571,34,2316,46,2025-05-05 21:56:58
17572,54,3789,62,2025-04-05 12:53:06
17573,90,4538,17,2025-12-10 21:07:36
17574,100,650,42,2025-02-01 20:38:55
17575,24,3325,69,2025-11-13 00:30:35
17576,60,468,42,2025-04-06 20:00:42
17577,72,4325,66,2025-06-05 05:52:39
17578,80,3608,94,2025-11-02 02:08:23
17579,74,3646,5,2025-10-14 22:26:58
17580,79,1204,64,2025-12-12 16:34:58
17581,3,1990,89,2025-03-24 23:03:17
17582,21,3223,22,2025-11-14 01:47:02
17583,99,3447,30,2025-09-16 00:53:03
17584,74,3144,100,2025-01-08 16:39:32
17585,35,594,64,2025-10-02 22:34:49
17586,8,1932,9,2025-09-09 22:31:05
17587,65,4625,55,2025-09-07 15:09:10
17588,56,2258,24,2025-05-20 02:55:32
17589,79,4794,92,2025-12-06 05:02:52
17590,11,107,34,2025-04-16 21:00:36
17591,46,4265,97,2025-05-02 16:28:17
17592,63,3575,80,2025-06-18 01:41:51
17593,69,4162,4,2025-11-13 09:31:28
17594,19,3134,89,2025-06-24 15:22:27
17595,98,3275,78,2025-04-09 18:27:04
17596,66,830,67,2025-05-09 22:45:42
17597,43,3805,81,2025-07-26 00:46:42
17598,27,2900,73,2025-07-05 11:00:49
17599,83,1976,14,2025-09-13 23:09:07
17600,89,1682,75,2025-05-01 23:23:44
17601,47,3315,63,2025-05-23 08:38:48
17602,77,4,0,2025-07-18 01:25:38
17603,75,4942,80,2025-08-30 09:28:46
17604,63,2806,3,2025-05-10 13:20:17
17605,15,4978,22,2025-11-19 03:20:13
17606,53,3772,98,2025-12-21 18:21:51
17607,99,2173,5,2025-12-22 09:56:32
17608,46,4904,49,2025-02-03 00:52:20
17609,9,4873,21,2025-12-13 23:11:21
17610,18,2889,51,2025-06-08 23:18:06
17611,83,1844,42,2025-10-18 22:17:13
17612,85,961,91,2025-03-15 03:20:29
17613,39,777,69,2025-05-16 04:24:25
17614,43,2495,99,2025-11-26 01:10:57
17615,1,1990,38,2025-01-06 14:23:02
17616,35,4522,22,2025-06-14 18:55:30
17617,95,615,7,2025-05-20 03:58:14
17618,98,33,64,2025-07-27 15:46:24
17619,79,3652,79,2025-04-17 04:03:29
17620,63,2282,6,2025-11-15 08:00:59
17621,15,767,61,2025-04-01 18:06:30
17622,19,1738,59,2025-07-09 00:30:51
17623,79,3050,36,2025-06-12 07:52:48
17624,66,3459,38,2025-08-21 05:59:24
17625,66,947,50,2025-05-01 11:49:03
17626,80,2218,89,2025-01-29 23:00:59
17627,24,773,57,2025-01-28 21:34:48
17628,67,4311,1,2025-10-10 11:46:26
17629,31,1445,71,2025-04-30 20:04:13
17630,4,1047,67,2025-10-02 07:00:24
17631,79,2753,19,2025-03-17 00:14:58
17632,4,4415,36,2025-07-27 11:04:18
17633,41,323,21,2025-04-17 01:21:18
17634,11,3505,46,2025-02-03 03:39:49
17635,69,941,61,2026-01-11 01:20:14
17636,72,2347,87,2026-01-26 04:25:30
17637,94,2448,23,2026-01-27 10:23:26
17638,22,1224,11,2025-12-08 02:52:24
17639,38,4811,25,2025-09-15 15:42:31
17640,70,4625,18,2025-06-18 09:20:03
17641,49,4224,40,2025-11-13 09:12:28
17642,73,1231,36,2025-04-01 19:56:25
17643,97,1196,37,2025-05-19 04:27:51
17644,44,2071,92,2025-10-31 07:46:32
17645,73,572,44,2025-01-08 12:47:42
17646,59,4773,97,2025-03-02 21:11:38
17647,68,1923,90,2025-02-27 23:27:36
17648,94,4125,81,2025-01-12 13:28:43
17649,94,3353,5,2025-12-11 20:08:39
17650,41,120,56,2025-05-19 12:32:19
17651,84,3624,35,2025-10-19 05:48:52
17652,26,3113,81,2025-06-13 04:31:27
17653,52,2501,2,2025-10-24 16:30:09
17654,19,1228,65,2025-04-30 08:14:10
17655,80,1525,93,2025-01-18 10:24:27
17656,60,75,82,2025-05-04 00:47:49
17657,4,709,10,2025-06-14 21:52:38
17658,14,1733,22,2025-06-06 03:17:41
17659,99,3024,65,2025-07-28 05:51:56
17660,91,3704,69,2025-06-10 15:55:17
17661,95,4908,49,2025-04-28 21:27:09
17662,4,2359,16,2025-06-25 23:09:02
17663,98,3943,13,2025-09-17 01:08:26
17664,72,4163,51,2025-11-28 08:26:29
17665,58,3443,86,2025-04-10 15:44:56
17666,91,4675,28,2026-01-10 23:15:26
17667,35,1427,86,2025-08-12 13:19:32
17668,26,4242,3,2025-01-12 00:00:46
17669,8,3078,49,2025-09-26 04:31:08
17670,23,2146,59,2025-06-04 06:40:52
17671,92,4265,49,2025-01-12 15:59:04
17672,43,377,92,2025-09-05 03:10:08
17673,84,1697,39,2025-10-11 21:58:31
17674,93,4906,27,2025-02-20 03:13:23
17675,44,2125,91,2025-04-21 08:55:56
17676,79,2856,4,2025-05-31 11:29:17
17677,92,3901,100,2025-03-25 06:35:41
17678,32,4986,29,2025-05-15 04:47:16
17679,12,1872,84,2025-03-26 02:51:01
17680,36,1551,41,2026-01-04 20:51:01
17681,61,3811,0,2025-05-05 17:17:37
17682,62,597,75,2025-04-03 01:33:23
17683,86,461,48,2025-06-20 15:05:44
17684,24,3837,62,2025-08-17 02:19:53
17685,17,1953,52,2025-02-19 08:43:52
17686,75,2365,13,2025-04-09 22:51:58
17687,84,4801,2,2025-11-20 04:17:03
17688,25,3808,36,2025-04-25 02:09:41
17689,4,81,29,2025-05-08 23:32:49
17690,12,4687,16,2025-02-16 14:54:42
17691,16,4139,96,2025-08-14 04:34:55
17692,49,236,49,2025-11-28 11:32:19
17693,77,4750,8,2025-06-12 19:08:14
17694,74,1158,53,2025-01-03 05:09:04
17695,45,4554,25,2025-11-01 20:13:04
17696,20,7,78,2025-02-25 18:54:18
17697,94,2158,15,2025-09-18 22:42:02
17698,87,2182,64,2025-06-21 12:49:28
17699,35,643,85,2025-09-14 18:15:33
17700,96,1766,63,2025-09-16 01:31:58
17701,78,3340,13,2025-10-31 20:45:33
17702,90,4652,10,2026-01-07 01:23:46
17703,89,4669,36,2025-03-19 15:33:43
17704,3,1424,29,2026-01-13 15:50:01
17705,55,2503,28,2025-06-14 05:30:09
17706,70,3859,3,2025-10-08 21:04:18
17707,56,4807,93,2025-03-27 13:52:11
17708,23,2447,11,2026-01-21 16:12:51
17709,99,3311,43,2025-09-25 00:13:37
17710,53,3220,97,2025-08-24 09:05:12
17711,80,1660,25,2026-01-07 02:58:52
17712,78,1463,65,2025-10-17 05:49:08
17713,10,3802,10,2025-11-19 07:18:59
17714,23,1899,71,2025-12-03 15:49:17
17715,40,161,16,2025-02-17 01:01:10
17716,49,1244,80,2025-11-20 08:42:57
17717,20,1871,71,2025-12-26 04:42:05
17718,76,1759,86,2025-03-28 03:47:57
17719,2,2613,84,2025-05-21 13:03:39
17720,12,3094,57,2025-07-24 12:34:56
17721,18,4735,34,2026-01-11 04:57:46
17722,22,3265,53,2025-07-22 09:49:31
17723,95,2651,100,2025-05-15 14:33:01
17724,52,4251,99,2025-01-31 09:00:33
17725,89,2366,77,2025-01-07 16:12:08
17726,93,3823,22,2025-06-23 23:02:38
17727,75,4788,91,2025-03-15 11:03:55
17728,37,567,37,2025-05-05 01:47:23
17729,52,983,95,2025-07-01 07:25:00
17730,71,2,17,2025-03-31 00:01:15
17731,99,3231,97,2025-11-01 13:45:13
17732,78,2275,24,2025-05-30 05:01:40
17733,79,2076,72,2026-01-12 09:08:53
17734,63,2322,40,2025-09-11 22:22:59
17735,81,743,32,2025-05-20 06:10:32
17736,88,472,48,2025-06-01 00:46:32
17737,26,4601,67,2025-04-26 12:06:38
17738,50,4074,31,2025-03-16 11:16:49
17739,80,3659,74,2025-04-14 15:59:41
17740,91,1540,89,2025-04-18 07:50:10
17741,38,761,59,2025-10-14 05:42:45
17742,87,4956,21,2025-12-01 19:25:23
17743,97,4705,8,2025-05-14 11:21:37
17744,58,93,7,2025-09-04 08:21:50
17745,88,3593,59,2025-12-22 03:32:33
17746,40,2367,5,2025-04-29 08:26:26
17747,32,3185,53,2025-01-07 05:29:00
17748,81,3320,12,2025-04-18 21:58:12
17749,79,1956,62,2025-07-17 22:20:26
17750,36,3021,79,2025-01-23 12:50:45
17751,84,1558,48,2025-05-18 21:14:37
17752,82,393,24,2025-12-29 00:59:54
17753,98,3170,79,2025-10-29 23:07:03
17754,30,1622,90,2025-06-22 01:53:44
17755,33,3584,95,2025-10-14 13:31:38
17756,8,4600,57,2026-01-08 21:42:07
17757,37,2330,20,2025-03-21 13:31:40
17758,24,186,6,2025-01-16 09:28:10
17759,63,3584,46,2026-01-16 21:09:28
17760,28,3612,26,2025-05-05 14:13:01
17761,92,3012,70,2025-01-03 01:42:38
17762,53,1223,83,2025-05-15 11:15:22
17763,11,4344,36,2025-03-07 21:00:55
17764,43,3257,68,2025-04-25 00:35:23
17765,54,2778,25,2025-01-17 17:00:05
17766,98,1675,29,2025-01-11 20:42:02
17767,46,3109,46,2025-11-19 02:37:49
17768,70,4008,44,2025-06-27 22:26:10
17769,34,1332,20,2025-02-26 12:58:48
17770,26,2685,63,2025-07-11 22:52:17
17771,9,932,84,2025-01-17 00:40:01
17772,26,749,13,2025-03-26 12:39:27
17773,46,3964,58,2025-03-26 16:10:17
17774,36,1028,60,2025-10-07 11:26:13
17775,58,4398,77,2025-09-20 07:51:00
17776,10,3544,79,2026-01-16 01:05:08
17777,49,1468,55,2025-01-09 16:43:18
17778,90,3774,45,2025-12-16 00:41:44
17779,4,3507,33,2025-04-17 07:04:17
17780,21,1971,66,2025-11-16 17:44:07
17781,96,1784,22,2025-06-04 05:28:53
17782,44,2943,62,2025-11-21 05:50:28
17783,86,4676,46,2025-05-19 09:29:02
17784,93,2917,55,2025-08-25 12:59:42
17785,62,4503,55,2025-04-21 17:19:39
17786,60,1508,45,2025-05-08 14:06:29
17787,30,1539,94,2025-10-08 19:59:44
17788,33,4828,64,2025-09-28 17:47:54
17789,37,3703,45,2025-05-01 09:00:56
17790,55,2276,59,2025-01-18 16:37:47
17791,99,4789,62,2025-03-17 10:33:30
17792,99,269,77,2025-08-20 04:21:22
17793,67,795,16,2025-04-04 04:41:07
17794,30,4717,82,2026-01-10 09:04:27
17795,30,488,50,2025-12-01 23:04:23
17796,88,2592,91,2025-01-11 03:05:25
17797,45,2774,92,2025-08-05 15:47:37
17798,58,3525,56,2025-06-26 12:02:53
17799,75,4682,64,2025-09-12 22:12:27
17800,14,542,71,2025-12-19 09:20:44
17801,1,4413,19,2025-12-16 11:55:43
17802,18,4501,34,2025-05-10 02:51:37
17803,5,1691,80,2025-05-27 09:14:13
17804,51,3847,30,2025-03-02 19:47:47
17805,10,4512,42,2025-04-19 06:22:27
17806,70,721,86,2025-02-06 05:27:45
17807,5,952,22,2025-06-10 00:12:38
17808,67,2319,8,2025-01-17 05:16:15
17809,57,4845,31,2025-12-10 09:01:01
17810,61,2625,10,2025-03-24 02:11:15
17811,36,2522,1,2025-12-06 10:20:26
17812,32,1488,73,2025-06-17 02:10:41
17813,44,78,15,2026-01-25 08:47:04
17814,10,2308,7,2025-03-27 01:10:46
17815,69,4348,74,2025-07-19 13:52:11
17816,87,2003,87,2025-02-23 04:30:06
17817,43,4636,79,2025-05-21 06:59:36
17818,95,2016,84,2025-10-30 18:13:06
17819,33,2989,79,2025-03-02 04:20:07
17820,33,952,80,2025-03-25 21:43:22
17821,61,62,49,2025-10-20 22:07:31
17822,71,3930,84,2025-02-05 10:22:52
17823,72,748,31,2025-01-05 07:27:16
17824,81,1224,96,2025-10-09 00:37:08
17825,66,1457,62,2025-02-12 00:54:51
17826,34,3596,53,2025-02-24 08:39:17
17827,2,4264,1,2025-06-10 19:40:17
17828,36,3943,61,2025-01-18 14:47:52
17829,6,4186,63,2025-12-17 05:33:50
17830,69,4863,25,2025-03-27 20:17:16
17831,48,3426,85,2025-05-30 08:28:24
17832,75,2799,70,2025-12-14 20:58:55
17833,54,700,40,2025-04-28 15:32:07
17834,10,3046,66,2025-11-12 06:18:32
17835,84,111,81,2025-09-20 14:23:16
17836,21,586,7,2025-07-14 10:38:22
17837,100,1655,46,2025-03-13 05:42:21
17838,45,4091,18,2025-07-31 04:18:33
17839,74,1349,10,2025-03-03 16:35:38
17840,14,1423,31,2025-04-15 18:51:28
17841,4,1706,80,2025-01-23 21:51:42
17842,30,837,24,2026-02-04 17:03:58
17843,15,4242,8,2025-06-12 21:32:52
17844,36,184,65,2025-06-26 01:16:05
17845,61,4057,76,2025-06-25 04:59:22
17846,14,2316,64,2025-03-18 17:28:11
17847,57,1244,49,2025-09-20 11:44:12
17848,72,4979,72,2025-06-06 22:15:11
17849,20,1239,14,2025-06-11 04:23:30
17850,61,880,26,2026-01-26 17:50:54
17851,68,2560,33,2026-01-23 07:30:41
17852,19,4270,69,2025-12-27 20:13:58
17853,29,981,48,2025-07-27 10:53:05
17854,82,2899,17,2025-02-17 18:57:40
17855,56,4077,68,2025-03-17 00:42:44
17856,25,2412,55,2025-12-04 08:48:22
17857,47,3090,23,2025-09-26 16:02:17
17858,73,605,63,2025-04-24 10:47:03
17859,76,1968,45,2025-01-31 17:50:14
17860,66,2219,50,2025-04-01 21:45:51
17861,69,2843,51,2025-07-31 06:56:34
17862,88,3892,89,2025-12-13 19:51:15
17863,66,3796,91,2025-06-10 22:31:38
17864,46,3397,60,2026-01-17 05:58:59
17865,5,879,43,2025-10-05 13:54:13
17866,21,2570,46,2025-07-17 17:08:58
17867,92,1237,17,2025-10-12 06:02:54
17868,66,3981,30,2025-01-04 17:54:51
17869,23,1380,33,2025-11-15 16:59:20
17870,71,2780,11,2025-01-04 04:08:34
17871,100,4183,22,2025-09-20 06:21:38
17872,19,4695,67,2025-09-20 17:11:03
17873,82,3317,83,2025-08-21 16:50:12
17874,92,4264,64,2025-09-07 11:42:57
17875,66,4908,97,2025-08-12 12:40:38
17876,72,3693,52,2025-11-03 03:16:13
17877,2,2352,50,2025-09-30 02:37:40
17878,70,2541,75,2025-05-27 10:56:45
17879,77,754,82,2026-01-30 14:58:01
17880,74,3247,39,2025-07-20 10:28:04
17881,58,3392,96,2025-09-23 01:14:02
17882,26,4162,87,2025-07-18 04:04:04
17883,18,3916,81,2025-09-16 13:44:58
17884,89,4254,81,2025-09-19 00:19:03
17885,77,3089,36,2025-10-13 11:36:46
17886,45,357,1,2025-08-03 14:14:03
17887,49,460,81,2025-01-15 16:51:48
17888,21,4721,7,2025-11-24 19:27:12
17889,56,2586,12,2025-05-31 16:56:28
17890,44,4845,33,2026-01-05 05:46:52
17891,9,928,0,2025-07-26 08:59:39
17892,64,4288,61,2025-02-06 14:26:10
17893,21,3187,16,2025-07-09 05:33:15
17894,81,4699,44,2025-10-21 08:02:47
17895,94,1189,73,2025-08-18 11:55:52
17896,33,4746,90,2025-12-03 16:17:08
17897,15,4797,91,2025-02-08 10:38:03
17898,98,1056,22,2025-12-12 04:41:16
17899,32,1634,76,2025-06-14 09:27:12
17900,72,2138,25,2025-08-26 21:05:12
17901,64,3763,10,2026-01-26 04:37:59
17902,49,3578,84,2025-04-19 10:38:57
17903,11,2608,64,2026-01-08 05:40:10
17904,52,931,91,2025-01-09 10:32:49
17905,92,951,24,2025-08-01 19:03:47
17906,15,807,60,2025-10-24 13:35:40
17907,24,3107,67,2025-07-14 18:04:35
17908,89,2719,47,2026-01-05 00:37:20
17909,34,146,47,2025-07-14 02:25:09
17910,48,4056,43,2025-01-08 13:01:29
17911,75,4698,59,2025-01-14 14:44:31
17912,42,1534,73,2025-10-23 11:45:06
17913,91,4354,71,2025-04-24 18:22:51
17914,85,1382,63,2025-08-04 07:43:22
17915,46,4205,76,2025-06-16 01:10:46
17916,51,4815,34,2025-04-14 11:59:13
17917,6,4509,55,2026-01-13 13:07:51
17918,30,4958,95,2025-12-26 05:04:17
17919,64,3722,32,2025-05-26 16:51:14
17920,42,4745,21,2026-01-08 05:49:41
17921,37,4555,35,2025-06-02 21:06:34
17922,81,4005,66,2025-05-20 05:46:08
17923,32,1092,71,2025-11-18 16:59:15
17924,50,1766,67,2025-07-02 20:00:58
17925,24,2305,99,2025-07-04 02:34:58
17926,48,96,2,2025-08-24 05:13:45
17927,58,172,86,2025-05-17 05:08:12
17928,92,809,36,2025-04-08 17:12:48
17929,23,1500,33,2025-03-07 19:05:20
17930,20,793,61,2025-12-27 02:22:17
17931,65,1499,5,2025-10-10 23:46:05
17932,17,1162,66,2025-10-23 23:09:38
17933,71,3015,0,2025-12-01 17:47:23
17934,52,3130,10,2025-06-26 20:40:08
17935,67,4729,69,2025-04-29 07:47:35
17936,60,262,55,2025-11-17 00:11:08
17937,82,1700,98,2025-12-20 16:56:54
17938,8,4431,31,2025-09-28 10:58:31
17939,18,970,0,2025-08-19 23:54:33
17940,33,282,25,2025-02-21 11:16:56
17941,21,41,95,2025-02-08 01:11:09
17942,17,1878,93,2025-05-01 13:39:58
17943,44,3276,17,2025-04-16 21:45:33
17944,42,2821,34,2025-03-13 06:23:52
17945,46,1264,29,2025-05-21 09:53:31
17946,31,2288,25,2025-01-27 23:11:54
17947,5,1557,63,2025-03-02 07:43:07
17948,18,3495,86,2025-04-28 04:21:40
17949,46,3696,74,2025-01-24 23:20:09
17950,96,3715,71,2025-10-07 12:21:18
17951,100,2424,98,2025-11-08 19:23:28
17952,84,3287,55,2025-03-21 23:51:06
17953,28,2724,41,2025-01-02 07:11:52
17954,65,1145,65,2025-06-11 04:38:10
17955,23,2153,100,2025-04-04 12:03:50
17956,7,4980,75,2025-08-11 23:36:05
17957,35,4503,69,2025-08-14 19:35:08
17958,33,4016,88,2026-01-02 02:04:14
17959,50,2067,43,2025-10-17 22:04:20
17960,55,4352,26,2025-01-21 12:35:29
17961,73,795,20,2025-06-01 01:14:52
17962,71,3568,51,2025-01-15 12:04:19
17963,47,489,70,2025-10-22 09:15:44
17964,18,1728,17,2025-05-25 13:19:57
17965,57,194,38,2025-04-22 14:44:36
17966,88,4459,0,2025-01-31 05:07:31
17967,29,4097,23,2025-03-06 22:58:04
17968,21,4124,31,2025-10-18 19:21:19
17969,31,2365,47,2026-02-05 09:40:14
17970,39,189,68,2025-03-02 06:25:48
17971,50,4981,59,2025-12-16 01:34:35
17972,60,2704,83,2026-01-20 02:36:59
17973,66,3411,47,2025-09-16 20:47:02
17974,12,695,85,2026-01-08 08:21:26
17975,90,4367,68,2025-05-26 08:05:45
17976,38,4072,0,2026-02-02 14:56:34
17977,21,3248,62,2025-07-20 02:54:37
17978,97,4287,42,2025-10-29 12:22:21
17979,33,2525,100,2025-09-25 21:13:00
17980,96,1990,29,2025-01-08 21:09:40
17981,93,4654,24,2025-12-31 16:35:43
17982,85,2868,99,2025-07-06 10:00:54
17983,15,1402,87,2026-01-17 11:04:18
17984,55,3770,10,2025-02-27 20:16:30
17985,59,1962,41,2025-12-30 23:04:15
17986,32,518,27,2025-08-06 17:53:50
17987,20,4946,52,2025-10-25 17:35:13
17988,78,4193,29,2025-09-13 16:05:01
17989,50,1324,71,2025-04-07 08:50:46
17990,33,1904,69,2025-03-22 03:04:13
17991,84,2730,44,2025-05-22 20:18:22
17992,64,536,4,2025-01-30 05:16:06
17993,59,2318,90,2025-09-19 15:53:23
17994,53,1245,86,2025-12-04 15:39:04
17995,24,4227,61,2025-05-14 12:48:07
17996,65,4882,9,2025-10-23 11:18:36
17997,61,1022,81,2025-11-01 05:50:26
17998,1,1511,46,2025-08-02 16:39:42
17999,2,2641,53,2025-07-24 16:27:13
18000,99,3749,10,2025-11-05 17:52:37
18001,97,331,91,2026-01-26 07:10:50
18002,41,2824,33,2025-05-12 21:58:12
18003,90,3104,57,2025-07-12 21:41:17
18004,12,3269,18,2025-10-21 18:59:33
18005,73,294,40,2025-08-23 02:48:52
18006,38,1307,71,2025-11-27 18:35:55
18007,30,704,78,2025-10-07 06:27:17
18008,71,3852,76,2025-07-07 20:18:57
18009,22,1183,50,2025-02-11 04:10:42
18010,92,1806,85,2025-11-22 23:57:30
18011,61,749,10,2025-12-15 10:10:56
18012,65,292,47,2025-08-28 09:12:35
18013,33,2607,59,2025-11-19 00:17:25
18014,9,991,57,2025-03-17 09:08:39
18015,46,4151,52,2025-03-18 11:38:52
18016,29,4509,100,2025-02-02 18:52:07
18017,80,965,90,2025-11-29 05:15:35
18018,15,1783,70,2025-09-30 02:23:51
18019,45,1974,40,2025-07-15 14:31:20
18020,3,1681,81,2025-11-17 06:31:20
18021,32,4381,23,2025-11-03 02:11:31
18022,13,2347,43,2025-12-09 03:16:38
18023,73,4250,58,2025-10-16 01:58:20
18024,80,308,79,2025-04-30 21:20:08
18025,83,1424,74,2025-03-24 04:24:29
18026,6,2062,2,2026-01-29 07:37:04
18027,65,4375,63,2025-08-23 11:43:52
18028,34,4413,30,2025-05-16 01:01:05
18029,7,2058,88,2025-06-15 05:52:25
18030,46,3288,68,2025-06-12 17:14:43
18031,64,25,92,2025-09-04 14:39:31
18032,33,221,26,2025-12-23 07:25:38
18033,95,1129,89,2025-10-21 17:56:10
18034,27,254,12,2025-07-29 06:50:01
18035,75,1033,29,2025-06-04 01:05:01
18036,47,4655,53,2025-11-03 03:48:58
18037,26,1843,77,2025-05-01 06:39:49
18038,38,3094,68,2025-07-22 12:25:29
18039,100,4984,59,2025-04-06 03:38:35
18040,41,3859,61,2026-01-25 00:36:17
18041,22,553,19,2025-01-07 23:24:18
18042,53,1820,86,2025-07-02 13:23:00
18043,93,2218,55,2025-01-08 01:55:29
18044,42,1055,29,2025-06-22 12:00:51
18045,55,2303,57,2025-09-16 02:25:18
18046,14,4423,95,2025-01-26 21:56:36
18047,70,4145,63,2025-07-23 13:05:32
18048,80,55,28,2025-02-01 00:23:44
18049,58,2543,82,2025-06-06 00:57:55
18050,21,3098,49,2025-08-23 08:55:08
18051,41,460,9,2025-01-30 14:11:48
18052,74,356,95,2025-07-02 12:43:21
18053,1,4599,35,2025-01-05 06:19:58
18054,5,3327,35,2025-10-25 18:16:35
18055,66,1745,16,2025-03-02 13:23:53
18056,39,242,62,2025-05-27 09:36:23
18057,6,4200,83,2025-11-28 03:22:19
18058,10,2145,8,2025-10-05 20:02:22
18059,17,304,72,2025-08-11 01:50:25
18060,84,1685,56,2025-09-26 11:31:36
18061,78,4699,98,2025-07-17 18:47:35
18062,3,4648,35,2025-04-25 05:42:50
18063,52,830,94,2025-06-11 04:40:38
18064,39,588,20,2025-09-30 08:09:37
18065,45,3051,86,2025-05-25 15:31:18
18066,86,419,36,2025-03-27 02:08:49
18067,13,4075,58,2025-08-26 00:09:39
18068,94,3024,32,2025-07-08 04:43:34
18069,94,1878,36,2025-07-06 03:25:26
18070,60,3660,5,2025-04-23 18:46:27
18071,31,2554,10,2025-04-13 06:36:16
18072,52,3828,2,2026-01-10 17:10:21
18073,1,572,3,2025-05-20 21:06:50
18074,35,983,63,2025-11-15 11:19:00
18075,38,1159,2,2025-11-05 11:03:52
18076,9,123,12,2025-05-28 00:10:26
18077,6,1086,28,2025-12-28 14:34:41
18078,46,571,17,2025-12-29 19:54:13
18079,82,4584,38,2025-12-24 22:32:33
18080,54,1692,7,2025-11-12 10:18:22
18081,72,4158,9,2025-01-21 10:33:15
18082,62,2376,58,2025-01-13 04:33:07
18083,44,4576,1,2025-01-01 05:09:51
18084,29,4539,43,2026-01-31 15:35:57
18085,55,1942,97,2026-01-07 13:39:56
18086,56,4416,90,2025-04-07 04:13:15
18087,51,1204,9,2025-08-21 18:35:15
18088,69,539,21,2025-08-17 20:30:50
18089,91,3010,40,2025-05-22 20:46:13
18090,98,3763,71,2025-04-12 13:57:25
18091,50,2571,78,2025-08-15 01:53:18
18092,80,387,81,2025-02-19 11:47:36
18093,32,3282,18,2025-07-14 03:00:33
18094,72,3115,13,2025-02-21 13:15:15
18095,62,3071,67,2025-07-19 09:55:40
18096,84,1016,14,2025-09-06 03:59:18
18097,94,2022,52,2025-12-24 16:25:16
18098,37,2384,79,2025-02-19 13:54:37
18099,3,3630,48,2025-02-06 13:04:00
18100,60,1881,99,2025-05-23 09:26:01
18101,83,2041,50,2025-09-04 02:49:52
18102,80,2788,100,2025-01-14 19:21:05
18103,62,1098,35,2025-08-29 15:14:17
18104,15,1344,81,2026-01-01 04:34:17
18105,38,320,95,2025-07-07 07:18:48
18106,97,706,37,2025-08-30 08:24:49
18107,66,229,47,2025-04-22 06:34:06
18108,58,3051,12,2025-02-05 09:03:12
18109,78,3234,19,2025-06-02 19:58:19
18110,25,4298,50,2025-02-13 16:14:52
18111,72,668,84,2025-04-19 17:06:53
18112,21,480,16,2025-07-27 15:50:44
18113,28,4347,68,2025-01-18 22:16:40
18114,69,4683,61,2025-04-06 20:02:41
18115,38,3424,93,2025-02-09 03:34:30
18116,90,2057,56,2025-04-22 02:33:39
18117,4,3848,53,2025-04-11 15:22:19
18118,6,673,97,2025-06-05 18:11:08
18119,82,3069,69,2025-01-15 00:44:29
18120,57,4398,52,2025-11-06 10:20:51
18121,93,3634,29,2025-01-26 06:36:14
18122,60,3288,66,2025-01-21 20:52:40
18123,68,2630,83,2025-07-21 16:42:13
18124,51,4364,100,2025-12-30 11:05:03
18125,80,2659,17,2025-09-13 22:16:23
18126,40,973,10,2025-10-01 11:06:53
18127,94,1611,98,2025-04-01 22:55:00
18128,29,4052,49,2025-05-16 22:12:40
18129,23,406,50,2025-07-14 22:55:44
18130,86,3808,29,2025-11-20 19:51:47
18131,83,511,86,2026-01-17 15:52:32
18132,20,1804,2,2026-01-08 00:18:46
18133,53,2413,42,2025-05-17 08:52:10
18134,6,3563,54,2025-04-09 00:23:47
18135,65,1733,93,2025-10-27 21:19:19
18136,83,2396,48,2025-08-10 21:14:10
18137,53,4501,36,2025-07-13 19:00:24
18138,92,4482,36,2025-09-28 17:32:41
18139,81,887,62,2025-01-07 05:13:33
18140,43,2033,78,2025-03-08 18:28:04
18141,99,2349,70,2025-11-22 04:25:30
18142,62,729,13,2025-12-30 01:46:08
18143,82,4711,69,2025-09-05 19:59:47
18144,51,1890,65,2025-10-27 06:26:25
18145,26,4304,10,2025-01-14 10:59:10
18146,78,4094,50,2025-02-13 12:03:17
18147,77,749,71,2025-01-06 13:21:29
18148,38,1954,65,2025-02-27 08:05:30
18149,19,3364,30,2026-01-24 08:23:45
18150,95,2966,2,2025-04-04 18:27:17
18151,76,4144,32,2025-12-22 15:13:13
18152,27,2227,57,2025-10-03 12:59:48
18153,36,3606,2,2025-07-19 21:55:18
18154,90,4406,99,2025-06-16 15:44:08
18155,34,761,27,2025-01-25 13:37:23
18156,18,1518,60,2025-04-11 17:38:46
18157,8,991,57,2025-02-25 05:18:05
18158,57,2093,96,2025-03-10 21:03:43
18159,36,1573,42,2025-03-17 20:01:14
18160,49,1890,97,2026-01-27 10:11:08
18161,56,3049,37,2025-02-13 16:59:30
18162,100,2116,22,2025-03-02 06:40:21
18163,30,778,21,2025-02-08 07:36:43
18164,1,3525,62,2025-07-12 17:59:00
18165,33,2653,94,2025-06-09 13:43:41
18166,49,662,94,2025-08-31 04:45:15
18167,83,1279,41,2025-06-01 12:48:47
18168,37,1821,88,2025-11-28 22:50:24
18169,97,4920,61,2025-05-26 13:35:57
18170,2,985,93,2025-05-07 09:49:41
18171,33,4886,67,2026-01-11 19:28:39
18172,82,4591,58,2025-12-18 17:55:56
18173,69,874,95,2025-06-15 10:30:42
18174,27,4013,31,2025-08-28 11:33:15
18175,49,2785,56,2025-07-23 05:11:18
18176,6,4087,40,2025-10-20 06:34:21
18177,72,4887,83,2026-01-24 14:05:36
18178,75,1840,47,2025-02-18 13:58:37
18179,85,2051,52,2025-11-14 20:32:45
18180,36,3551,74,2025-03-31 02:05:50
18181,36,4472,47,2025-05-16 12:55:29
18182,64,4745,33,2025-08-22 05:59:28
18183,98,206,31,2025-11-18 19:34:42
18184,25,1603,94,2025-08-23 09:45:37
18185,75,1620,45,2025-12-23 15:39:29
18186,62,2591,72,2026-01-20 13:52:46
18187,8,1843,84,2025-03-19 21:04:35
18188,6,104,44,2026-01-31 03:55:18
18189,10,2181,14,2025-12-19 22:13:21
18190,68,1950,53,2025-02-07 16:43:29
18191,33,1587,39,2025-04-06 23:03:29
18192,68,1021,93,2025-06-10 12:23:51
18193,14,4389,53,2025-11-06 16:25:31
18194,91,4011,54,2025-09-21 21:11:00
18195,46,3490,96,2025-08-25 00:08:32
18196,12,3981,74,2025-12-02 23:46:33
18197,54,4179,51,2025-06-20 12:33:50
18198,53,3631,15,2026-01-02 13:41:22
18199,39,3920,42,2025-10-18 18:44:46
18200,96,2815,79,2025-12-05 05:45:53
18201,84,144,81,2025-04-05 14:21:00
18202,44,501,41,2025-07-15 02:56:04
18203,82,4006,67,2025-01-05 05:40:52
18204,27,4258,54,2025-06-07 11:32:32
18205,84,2631,55,2025-10-24 10:50:02
18206,6,3992,73,2025-06-18 18:03:43
18207,78,127,17,2025-07-13 15:51:10
18208,17,3082,62,2026-01-01 16:19:13
18209,73,1473,29,2025-06-29 17:59:36
18210,44,1934,28,2025-04-17 08:05:59
18211,16,4292,37,2025-10-21 12:20:40
18212,62,2003,23,2025-03-15 05:18:30
18213,42,3176,30,2025-03-08 20:56:20
18214,9,1135,6,2025-02-06 17:52:09
18215,83,3570,78,2025-10-26 23:44:23
18216,25,1886,72,2025-06-10 21:40:44
18217,14,3905,39,2025-11-05 12:16:25
18218,23,1989,86,2025-03-29 13:12:50
18219,10,3791,79,2025-11-21 01:00:14
18220,66,3635,15,2025-01-13 15:58:00
18221,35,3340,16,2025-08-15 17:33:40
18222,27,1298,13,2025-05-09 23:34:50
18223,65,3107,69,2026-01-29 17:13:37
18224,75,3925,32,2025-07-24 12:49:47
18225,34,732,84,2026-01-08 20:23:14
18226,45,2670,25,2025-09-05 23:52:16
18227,99,1020,90,2025-01-04 04:09:42
18228,64,1290,57,2025-05-10 10:39:08
18229,7,2584,1,2026-01-07 07:25:06
18230,36,770,98,2025-08-14 00:58:56
18231,56,3230,67,2025-03-11 08:43:51
18232,57,3934,59,2025-09-14 06:41:52
18233,52,1441,10,2025-08-05 11:39:53
18234,88,7,15,2025-05-07 03:16:08
18235,19,9,62,2025-02-12 06:00:39
18236,11,2641,59,2025-04-02 11:05:31
18237,62,3300,22,2025-03-19 00:24:45
18238,24,844,87,2025-11-22 23:52:08
18239,26,3301,53,2025-04-13 01:03:06
18240,14,632,43,2025-10-11 07:03:47
18241,7,3129,79,2025-12-08 11:44:44
18242,71,4174,1,2025-01-23 09:23:04
18243,69,579,62,2025-07-16 12:07:07
18244,58,1737,51,2025-09-06 18:39:15
18245,88,266,96,2025-10-16 04:22:41
18246,55,1366,35,2025-06-21 15:58:25
18247,32,140,15,2025-11-13 18:38:32
18248,9,4670,89,2025-11-09 05:16:29
18249,57,577,88,2025-08-05 17:32:40
18250,85,666,84,2026-02-03 21:53:53
18251,39,798,84,2025-12-12 14:28:27
18252,71,2419,2,2025-07-12 08:46:15
18253,72,3919,81,2025-01-30 09:08:36
18254,17,2911,12,2025-01-02 04:35:10
18255,45,1340,60,2025-06-12 01:12:52
18256,35,2713,89,2025-08-28 06:27:27
18257,89,1206,45,2025-09-09 04:00:41
18258,21,2168,88,2025-04-28 17:47:10
18259,60,1076,60,2025-12-16 06:41:18
18260,83,318,81,2025-08-20 09:19:18
18261,45,4878,80,2025-11-01 16:43:02
18262,66,1840,61,2025-07-03 10:56:41
18263,60,4674,97,2025-03-10 08:38:17
18264,83,2084,14,2025-05-04 19:10:04
18265,38,2061,33,2025-10-24 15:19:15
18266,20,1687,38,2025-06-22 16:12:00
18267,92,2563,57,2025-12-13 20:40:10
18268,24,3792,57,2025-04-03 03:53:11
18269,45,3059,77,2025-05-16 13:25:01
18270,69,3334,70,2025-08-26 00:11:48
18271,82,4300,14,2025-04-10 06:48:40
18272,32,1700,91,2026-01-08 15:18:40
18273,44,150,45,2025-08-22 15:33:30
18274,3,637,81,2026-01-19 00:22:59
18275,71,3566,33,2025-04-25 19:22:23
18276,69,3992,7,2025-03-12 16:10:12
18277,5,4298,86,2025-09-06 13:02:33
18278,73,3628,22,2025-09-11 17:18:57
18279,51,4654,38,2025-04-05 20:17:12
18280,33,652,56,2025-10-07 01:30:27
18281,40,833,82,2025-09-18 17:52:27
18282,52,4637,65,2025-01-27 10:25:58
18283,45,1129,95,2025-01-27 01:52:15
18284,23,325,89,2025-10-05 17:11:51
18285,100,1135,22,2025-05-29 07:50:38
18286,27,1443,12,2025-04-01 21:29:05
18287,88,2753,50,2025-10-28 23:10:01
18288,65,271,40,2025-11-30 08:57:46
18289,31,4483,15,2025-10-08 21:22:56
18290,91,2337,94,2025-11-17 02:58:03
18291,98,1794,37,2025-07-16 00:22:55
18292,59,695,93,2025-04-05 02:56:32
18293,72,4024,21,2025-04-25 16:02:56
18294,76,3641,2,2026-01-18 01:45:51
18295,66,3405,67,2025-09-29 20:26:09
18296,64,3979,80,2025-06-18 11:10:18
18297,52,3980,71,2026-01-08 01:32:20
18298,60,2970,33,2025-08-18 09:50:47
18299,53,4067,47,2025-03-23 19:40:09
18300,55,3815,1,2025-07-04 19:58:03
18301,15,2328,62,2025-10-12 18:51:22
18302,88,864,52,2025-02-24 08:14:59
18303,7,4000,21,2025-09-28 03:38:52
18304,93,4466,63,2025-04-17 20:43:27
18305,26,41,60,2025-04-01 02:05:14
18306,30,2589,97,2025-03-23 16:03:33
18307,22,2109,6,2025-08-08 23:58:30
18308,93,3535,44,2025-04-27 16:22:09
18309,65,820,26,2025-05-23 23:24:21
18310,37,820,7,2026-01-05 14:58:08
18311,74,3076,97,2025-08-09 15:00:25
18312,99,1930,44,2025-11-22 04:14:08
18313,8,4311,17,2025-05-27 13:25:09
18314,8,382,91,2025-11-13 04:38:08
18315,23,1180,89,2025-01-03 06:42:56
18316,39,1089,49,2025-09-02 00:28:24
18317,82,2304,86,2025-05-15 23:38:39
18318,24,1882,11,2025-08-25 07:10:38
18319,36,3218,30,2025-03-09 01:19:35
18320,21,4201,19,2026-01-12 03:20:34
18321,87,1007,81,2025-07-30 15:25:02
18322,11,4806,25,2025-08-03 14:14:37
18323,10,3783,100,2025-11-09 11:40:09
18324,2,4138,73,2025-06-16 23:10:14
18325,30,4791,94,2025-01-11 21:27:27
18326,92,2013,73,2025-09-16 17:54:04
18327,41,1250,20,2025-11-28 03:57:35
18328,84,246,71,2025-05-14 03:58:02
18329,6,3221,46,2025-02-23 12:32:07
18330,11,1357,7,2025-12-31 07:29:44
18331,48,1494,97,2025-02-07 03:55:59
18332,45,1552,81,2025-09-29 02:20:12
18333,8,730,80,2025-09-27 18:51:38
18334,60,681,65,2025-10-24 13:56:53
18335,38,740,87,2025-12-29 08:15:46
18336,11,4163,60,2025-01-04 20:09:51
18337,61,1284,86,2025-12-17 00:46:48
18338,52,153,68,2025-04-05 04:29:19
18339,36,2950,27,2025-02-12 21:19:38
18340,57,3609,13,2025-03-16 13:06:28
18341,86,1116,69,2025-03-09 19:54:41
18342,52,813,71,2025-01-13 13:41:20
18343,45,959,33,2025-04-28 18:30:28
18344,30,1520,44,2025-11-28 00:37:11
18345,98,460,54,2025-03-25 16:53:06
18346,47,1275,56,2025-12-17 01:42:08
18347,69,842,54,2026-02-01 15:22:28
18348,99,1473,9,2025-11-25 21:25:35
18349,98,474,50,2025-07-04 09:56:01
18350,91,1863,52,2026-01-01 05:28:20
18351,7,4531,21,2025-07-23 11:16:17
18352,56,3176,6,2025-12-01 07:37:12
18353,57,758,58,2025-03-22 20:59:15
18354,29,1044,98,2025-09-09 14:23:54
18355,21,1624,13,2025-09-07 15:16:10
18356,74,1031,93,2025-12-26 08:19:11
18357,76,3117,75,2025-07-13 11:43:48
18358,87,2406,24,2025-10-15 02:07:47
18359,96,3162,41,2025-02-09 16:42:24
18360,74,4144,46,2025-07-04 21:45:47
18361,65,1035,75,2025-11-01 18:12:34
18362,75,2504,49,2025-01-01 11:06:06
18363,7,1493,6,2025-10-24 11:56:15
18364,90,3967,16,2025-05-26 11:56:18
18365,59,4611,39,2025-07-19 05:58:43
18366,46,4287,92,2025-03-17 23:25:07
18367,100,3312,80,2025-03-16 18:32:41
18368,71,220,79,2025-07-28 03:27:29
18369,93,2849,61,2025-08-28 23:28:37
18370,82,2258,67,2025-12-19 05:02:09
18371,73,1734,90,2025-04-12 04:09:49
18372,57,3561,7,2025-02-13 06:23:02
18373,69,2604,28,2025-07-07 17:14:35
18374,13,3405,59,2025-09-11 04:52:30
18375,100,3260,98,2025-11-23 23:44:10
18376,44,1089,96,2025-05-22 23:23:51
18377,38,4497,44,2026-01-01 12:03:26
18378,88,4356,40,2025-06-26 06:23:11
18379,48,2390,42,2025-11-09 15:52:36
18380,45,7,58,2025-10-31 15:17:52
18381,75,1887,100,2025-09-01 14:57:52
18382,32,3731,17,2025-11-29 14:03:07
18383,59,4574,81,2025-11-07 14:54:49
18384,25,2977,38,2025-03-23 06:42:58
18385,57,762,71,2025-06-14 07:21:34
18386,90,3107,82,2025-09-09 13:02:04
18387,29,4789,92,2025-02-12 16:59:56
18388,79,3358,80,2026-01-04 14:18:18
18389,32,3461,55,2025-04-21 18:58:46
18390,75,3514,55,2025-12-03 00:22:35
18391,35,786,24,2025-10-12 21:34:36
18392,18,1844,20,2025-02-04 19:04:24
18393,26,3737,82,2026-01-19 03:21:45
18394,41,4275,36,2025-08-23 22:25:18
18395,21,2372,61,2025-03-13 07:47:46
18396,92,3089,62,2026-01-12 03:31:34
18397,77,3657,76,2025-01-21 07:10:33
18398,88,1646,2,2025-01-09 15:41:00
18399,86,340,17,2025-12-19 03:07:59
18400,57,2927,91,2025-01-26 12:58:15
18401,48,3944,26,2025-09-25 15:32:17
18402,6,1001,100,2025-05-01 16:59:55
18403,42,473,53,2025-05-27 22:40:41
18404,5,4889,29,2025-09-25 02:15:30
18405,19,4822,44,2025-04-08 21:47:01
18406,6,2537,91,2025-09-09 06:57:10
18407,73,3467,29,2025-07-27 18:27:32
18408,31,2188,36,2025-03-04 07:46:31
18409,99,246,19,2025-11-21 14:11:39
18410,62,871,46,2025-07-01 18:38:34
18411,32,4927,53,2025-11-08 12:01:39
18412,45,1437,53,2025-09-21 08:10:20
18413,91,4335,99,2025-05-08 00:07:45
18414,46,962,50,2025-11-02 10:24:39
18415,2,4323,80,2025-10-16 12:39:42
18416,100,1277,27,2025-03-06 17:34:53
18417,52,4277,72,2025-03-29 23:47:49
18418,36,2380,87,2025-09-27 05:06:58
18419,11,1621,26,2025-06-16 12:12:07
18420,44,4812,51,2025-09-25 23:19:40
18421,60,82,38,2025-10-31 17:25:56
18422,10,3582,43,2025-07-19 05:14:14
18423,75,2653,46,2025-02-12 08:13:08
18424,99,4969,44,2025-08-19 00:20:09
18425,4,1910,48,2025-09-01 23:31:39
18426,17,3031,29,2026-01-17 21:02:33
18427,29,262,77,2026-01-14 20:51:09
18428,74,3889,70,2025-06-03 16:52:19
18429,98,2493,69,2025-08-01 14:41:27
18430,80,3959,22,2025-11-07 07:18:50
18431,60,293,48,2025-08-17 20:25:49
18432,47,3322,68,2025-12-19 02:54:44
18433,22,1431,73,2025-06-03 13:55:26
18434,26,2965,6,2025-07-03 22:48:11
18435,11,3432,51,2025-06-17 14:20:30
18436,88,3182,90,2025-02-11 01:08:55
18437,60,1996,50,2025-01-02 17:02:20
18438,56,4725,21,2025-04-13 17:50:26
18439,64,2978,1,2025-04-03 05:52:55
18440,23,49,40,2025-08-20 01:57:06
18441,90,1123,1,2025-08-23 04:47:26
18442,17,587,24,2025-07-11 10:27:26
18443,40,1323,13,2025-05-30 18:54:38
18444,43,3017,98,2025-04-27 13:16:38
18445,27,4941,37,2025-02-26 17:43:31
18446,36,4587,49,2025-12-06 22:38:21
18447,24,1809,14,2025-05-16 07:46:37
18448,93,415,26,2025-12-11 02:49:09
18449,8,1047,29,2025-12-30 19:58:56
18450,9,4103,88,2025-11-08 17:58:58
18451,12,3860,45,2025-09-22 08:27:03
18452,61,3791,17,2025-12-16 10:51:31
18453,51,938,91,2025-05-01 14:12:37
18454,51,2212,47,2026-01-16 07:52:03
18455,33,4778,48,2025-04-05 06:55:39
18456,50,4024,15,2025-09-30 21:23:29
18457,83,430,65,2025-09-01 08:03:05
18458,31,2727,10,2025-03-21 09:53:51
18459,38,3448,17,2025-09-18 17:41:11
18460,80,1286,16,2025-02-05 01:35:04
18461,79,568,90,2025-04-15 21:09:50
18462,78,3505,2,2026-02-01 12:19:05
18463,75,1295,20,2025-03-23 15:13:04
18464,6,4916,14,2025-04-15 14:18:20
18465,79,2395,4,2025-09-14 10:59:11
18466,10,3317,65,2025-11-26 23:57:30
18467,6,4138,66,2025-02-21 21:02:02
18468,59,68,91,2025-10-12 19:11:28
18469,63,550,50,2025-11-26 01:34:40
18470,86,3170,61,2025-06-02 18:28:56
18471,81,818,45,2025-02-08 22:44:54
18472,46,1229,63,2025-11-28 09:30:50
18473,52,3925,68,2025-10-18 22:22:10
18474,30,1784,18,2025-11-29 19:26:33
18475,76,2033,27,2025-05-14 19:55:31
18476,27,1620,99,2025-09-21 07:46:53
18477,50,4328,5,2025-12-26 09:12:03
18478,85,1081,65,2025-03-28 22:19:09
18479,86,4618,97,2025-08-03 23:41:04
18480,64,3013,56,2025-06-15 04:43:09
18481,88,1101,41,2025-08-08 03:17:33
18482,42,579,79,2025-09-10 23:26:45
18483,39,2907,60,2025-10-25 04:56:28
18484,73,1013,23,2025-11-12 22:15:23
18485,51,3809,72,2025-01-21 19:08:50
18486,19,3559,87,2025-11-13 13:51:01
18487,31,4901,88,2025-11-25 18:53:43
18488,22,1926,64,2025-11-28 04:56:08
18489,68,2045,8,2025-01-07 09:53:12
18490,60,1608,38,2025-11-30 09:13:26
18491,94,3598,67,2025-02-04 11:17:58
18492,21,1281,13,2025-07-08 21:31:43
18493,8,3289,6,2025-04-10 14:39:42
18494,92,3880,63,2025-06-26 23:58:18
18495,62,4576,11,2025-12-25 03:31:56
18496,26,3077,50,2025-10-12 05:00:21
18497,59,4636,72,2025-10-06 23:19:14
18498,76,4691,48,2025-06-06 23:37:01
18499,56,2146,41,2025-07-23 09:57:57
18500,33,2466,61,2025-06-18 21:40:32
18501,58,2956,30,2025-01-07 12:02:41
18502,46,2694,96,2025-09-12 04:03:04
18503,3,2640,75,2025-05-17 21:31:33
18504,61,235,98,2025-06-04 05:49:27
18505,50,3189,20,2025-06-13 16:58:50
18506,92,3162,3,2025-05-08 21:41:37
18507,25,131,5,2025-04-17 02:59:43
18508,39,2945,50,2025-04-19 18:26:41
18509,3,886,87,2025-09-15 14:45:34
18510,22,4544,75,2025-01-30 02:01:27
18511,1,4153,89,2025-10-10 15:33:44
18512,33,468,75,2025-05-29 11:18:59
18513,13,1040,17,2025-10-15 02:15:23
18514,63,1906,15,2025-01-02 13:25:45
18515,96,2750,70,2026-01-12 06:07:43
18516,10,692,50,2025-08-06 18:19:18
18517,15,1538,4,2025-05-22 00:02:44
18518,2,4188,70,2025-06-17 18:11:38
18519,100,3017,96,2025-04-22 14:17:05
18520,8,4859,10,2025-07-02 05:24:42
18521,68,4127,25,2025-03-17 22:30:48
18522,45,1465,64,2025-02-14 02:56:31
18523,91,3778,58,2026-01-10 13:29:23
18524,77,3303,71,2025-10-17 10:00:19
18525,43,1054,86,2025-08-23 05:23:53
18526,17,2905,64,2025-04-25 23:04:56
18527,18,3821,66,2025-10-07 22:15:04
18528,98,4733,80,2025-11-05 13:48:18
18529,66,3624,71,2026-01-07 19:55:59
18530,18,826,79,2025-07-26 22:08:36
18531,39,4413,62,2025-12-02 20:40:12
18532,72,3112,82,2025-05-17 01:44:56
18533,96,1645,12,2025-01-03 16:48:26
18534,37,1414,46,2025-04-24 15:19:56
18535,19,3500,50,2025-02-15 21:25:59
18536,39,3204,5,2025-08-28 11:40:11
18537,26,502,39,2025-06-07 16:05:29
18538,90,424,31,2025-03-22 11:15:38
18539,12,453,89,2026-01-01 12:16:01
18540,30,8,84,2025-06-03 22:52:19
18541,84,4666,86,2025-11-09 00:35:03
18542,32,921,67,2025-04-15 00:40:14
18543,34,1121,90,2025-02-05 09:09:59
18544,19,1836,67,2025-07-11 06:32:59
18545,15,382,35,2025-09-04 01:59:23
18546,41,3480,78,2025-07-31 14:44:08
18547,81,2584,29,2025-09-03 05:33:32
18548,73,3689,33,2025-03-26 22:10:56
18549,3,3343,77,2025-07-31 05:23:44
18550,48,1920,39,2025-10-17 22:36:53
18551,49,3676,84,2025-05-08 01:14:54
18552,92,3796,48,2025-01-15 05:48:31
18553,82,2157,89,2025-09-30 11:40:52
18554,57,2338,21,2025-02-16 22:14:07
18555,93,2594,100,2025-01-23 19:11:50
18556,15,3119,95,2025-03-16 13:13:55
18557,86,3059,62,2025-12-21 22:43:43
18558,91,4195,77,2025-07-15 12:48:11
18559,92,3555,22,2025-02-13 12:16:42
18560,18,593,93,2025-02-19 22:03:49
18561,37,2283,86,2026-01-27 11:47:56
18562,68,4983,99,2025-07-05 11:17:27
18563,45,151,86,2026-01-24 13:20:33
18564,70,553,14,2025-12-04 03:46:56
18565,22,3204,19,2025-09-24 08:23:46
18566,79,1134,38,2025-05-02 16:18:50
18567,87,969,26,2026-01-12 01:38:26
18568,86,85,12,2025-12-08 10:44:50
18569,26,3646,99,2025-12-22 23:19:22
18570,11,3716,38,2025-04-16 05:24:44
18571,78,2791,7,2025-06-28 15:23:41
18572,18,3875,87,2025-11-04 23:19:58
18573,91,4747,43,2025-04-07 02:31:27
18574,31,4468,8,2025-12-13 19:02:19
18575,91,1793,79,2025-02-08 16:23:18
18576,6,740,65,2025-12-27 05:54:46
18577,44,3788,70,2025-04-15 04:14:12
18578,93,769,16,2025-05-09 16:34:31
18579,19,3350,3,2025-04-23 05:55:56
18580,86,528,67,2026-01-22 19:00:06
18581,34,4753,2,2025-09-21 02:12:35
18582,47,1406,56,2025-09-23 08:34:32
18583,7,889,14,2025-08-09 09:10:52
18584,34,1972,98,2025-09-22 21:44:15
18585,29,2456,96,2025-06-02 15:36:30
18586,85,3012,87,2025-02-04 01:20:08
18587,49,4926,36,2025-05-08 23:26:04
18588,34,1638,68,2025-01-07 15:51:03
18589,13,117,44,2025-10-26 09:03:38
18590,93,4165,86,2025-12-26 03:50:25
18591,50,1220,32,2026-01-04 14:26:49
18592,91,2125,5,2025-06-08 12:32:00
18593,41,1491,48,2025-05-03 21:07:44
18594,78,824,27,2025-05-07 13:55:03
18595,2,37,66,2025-01-08 11:03:15
18596,3,4398,89,2025-06-02 00:07:41
18597,38,702,25,2026-01-05 03:44:42
18598,77,4799,29,2025-12-19 17:04:45
18599,44,3856,12,2025-05-18 04:57:42
18600,19,1343,5,2025-08-06 09:18:51
18601,6,3934,98,2025-05-07 17:23:31
18602,35,4450,2,2025-09-27 18:47:18
18603,32,2717,51,2025-04-30 12:54:44
18604,36,2869,83,2025-08-14 14:34:49
18605,82,2486,84,2025-03-13 18:17:54
18606,95,1554,84,2025-03-03 16:04:31
18607,83,2791,7,2025-08-08 00:30:34
18608,88,4391,84,2025-04-29 05:30:14
18609,98,1704,71,2025-07-19 17:20:37
18610,92,4806,7,2025-10-05 20:59:16
18611,53,358,89,2025-07-06 01:55:52
18612,46,1028,8,2025-04-13 21:42:09
18613,57,4751,8,2025-08-31 17:55:28
18614,47,3222,0,2025-02-21 13:02:25
18615,80,684,19,2025-07-06 18:05:56
18616,56,3242,79,2025-08-20 08:48:20
18617,17,755,65,2025-01-31 13:47:43
18618,45,308,1,2025-07-24 07:30:49
18619,52,4409,0,2025-06-24 16:38:06
18620,40,479,79,2025-07-30 04:28:30
18621,54,1871,13,2025-08-27 06:56:50
18622,94,2615,82,2025-11-08 08:58:00
18623,3,2931,20,2025-09-15 06:17:36
18624,47,4906,81,2025-08-02 22:50:22
18625,92,838,23,2025-06-04 18:44:15
18626,41,4623,5,2025-11-24 23:22:39
18627,38,1377,6,2025-02-13 16:31:18
18628,73,1436,50,2025-10-01 16:24:38
18629,50,4808,69,2026-02-04 12:39:04
18630,53,4703,23,2025-01-12 23:25:08
18631,66,2116,85,2025-04-24 09:16:46
18632,45,4186,84,2026-01-08 12:41:13
18633,2,4033,49,2025-04-06 12:05:25
18634,62,625,7,2025-04-03 21:51:08
18635,66,4960,34,2025-01-27 06:50:48
18636,20,2114,30,2025-02-05 19:22:22
18637,80,437,38,2025-05-11 11:03:30
18638,99,1489,87,2025-12-14 12:07:22
18639,37,3340,19,2025-12-02 12:21:28
18640,74,1320,46,2026-02-05 18:52:32
18641,21,584,96,2025-07-12 09:31:55
18642,1,1078,27,2025-08-25 01:52:50
18643,44,2854,20,2025-03-15 01:15:22
18644,94,1327,74,2026-01-31 07:59:01
18645,67,1742,31,2026-01-01 02:52:25
18646,57,91,11,2025-05-14 13:54:13
18647,42,3340,49,2025-05-24 07:36:10
18648,92,4605,43,2026-01-25 19:19:52
18649,15,1349,72,2025-09-09 19:56:03
18650,7,1630,38,2025-07-12 07:36:17
18651,55,3987,44,2025-09-10 15:32:23
18652,97,1401,81,2025-01-15 23:01:13
18653,90,3042,89,2025-03-19 16:26:58
18654,11,145,45,2025-08-03 11:54:20
18655,93,2870,32,2025-09-05 13:46:49
18656,52,444,85,2025-07-09 13:10:54
18657,60,3788,17,2025-05-28 16:55:16
18658,46,1480,10,2025-02-18 18:10:59
18659,69,3302,60,2025-12-10 02:37:16
18660,13,974,63,2025-07-13 18:04:59
18661,96,1655,0,2025-02-17 19:33:45
18662,62,4728,14,2025-06-18 00:42:26
18663,1,3774,90,2025-07-03 00:03:33
18664,25,1666,48,2025-09-24 00:10:49
18665,80,2834,59,2025-12-06 01:43:19
18666,24,4262,43,2025-05-19 05:52:15
18667,73,1472,94,2026-01-20 11:23:04
18668,51,2475,85,2025-08-24 13:51:12
18669,47,1998,16,2026-01-16 04:46:41
18670,82,2676,48,2026-01-06 20:53:26
18671,53,2898,59,2025-12-10 20:58:56
18672,11,4586,18,2025-02-03 12:02:57
18673,41,4794,5,2025-09-06 11:44:40
18674,33,992,72,2025-04-21 22:49:31
18675,11,3547,14,2025-09-27 13:40:08
18676,27,1657,38,2025-03-10 07:22:53
18677,35,1148,73,2025-03-01 07:00:13
18678,12,496,48,2025-08-03 22:39:43
18679,99,4530,98,2025-09-18 02:27:20
18680,11,2694,54,2025-11-03 22:27:27
18681,91,1357,10,2025-01-20 04:21:47
18682,20,1318,18,2025-03-27 15:47:04
18683,74,2344,27,2025-05-27 18:38:08
18684,36,1158,90,2025-11-12 03:48:45
18685,33,4891,65,2025-03-17 04:32:30
18686,97,1840,14,2025-04-17 01:03:59
18687,59,362,88,2026-01-20 04:52:44
18688,18,4700,2,2026-01-10 22:56:02
18689,1,4778,87,2025-06-24 04:48:22
18690,78,1687,9,2025-08-11 02:36:15
18691,72,3746,43,2025-11-11 12:56:45
18692,31,587,68,2025-06-17 17:47:44
18693,65,1102,21,2025-12-25 20:46:25
18694,20,4491,12,2026-01-18 15:56:38
18695,93,1059,15,2025-11-23 13:52:05
18696,94,577,49,2026-01-29 23:10:14
18697,49,1753,87,2025-04-03 22:15:37
18698,30,991,10,2025-12-10 20:43:55
18699,59,4458,5,2025-12-02 01:42:43
18700,94,3066,7,2025-04-15 00:52:17
18701,10,2650,97,2025-10-17 23:28:42
18702,7,3228,65,2025-04-15 01:15:59
18703,92,2574,55,2025-12-21 03:00:22
18704,58,2668,97,2026-02-05 13:25:30
18705,95,4310,99,2025-09-18 00:31:57
18706,29,2833,88,2025-10-28 13:01:56
18707,46,701,82,2025-03-09 12:01:05
18708,27,3624,50,2025-03-27 23:19:36
18709,43,2960,19,2025-01-31 23:56:00
18710,92,509,83,2025-05-09 02:06:32
18711,44,3572,41,2025-11-03 19:30:32
18712,8,4078,57,2026-01-29 15:09:41
18713,6,757,42,2025-07-09 16:33:27
18714,34,1610,34,2026-01-12 22:50:01
18715,1,3564,27,2025-06-03 09:13:59
18716,95,1356,42,2025-03-19 05:12:06
18717,40,2650,37,2025-04-17 18:31:12
18718,66,3103,86,2025-06-26 22:05:02
18719,52,4555,42,2025-01-16 16:16:01
18720,80,2067,87,2025-05-07 03:42:41
18721,79,3225,77,2025-01-18 03:22:38
18722,74,1306,82,2026-01-06 11:09:06
18723,45,2039,85,2025-06-24 21:13:19
18724,19,925,98,2025-02-27 23:08:47
18725,1,1178,73,2025-05-19 22:24:58
18726,25,1854,7,2025-10-22 23:35:43
18727,98,281,18,2025-11-13 03:54:26
18728,79,4424,54,2025-11-26 18:17:42
18729,72,3011,90,2025-11-24 15:57:54
18730,49,1130,41,2025-10-10 06:19:56
18731,6,4945,56,2025-03-04 15:37:40
18732,75,2934,44,2025-08-26 14:23:56
18733,33,3916,48,2025-11-26 05:46:30
18734,5,4641,72,2025-11-22 15:48:56
18735,37,1730,56,2025-05-21 05:32:26
18736,29,939,36,2026-01-25 12:09:13
18737,37,1560,93,2025-05-21 11:05:23
18738,89,1442,4,2025-08-04 21:27:43
18739,79,4373,65,2025-11-26 06:49:16
18740,51,4276,37,2025-03-06 09:37:09
18741,4,53,25,2025-12-30 23:45:06
18742,8,669,71,2025-06-30 09:21:16
18743,86,1668,38,2025-02-06 20:59:02
18744,84,2782,67,2025-12-17 00:34:35
18745,27,783,69,2026-02-02 07:31:48
18746,84,2691,83,2025-09-29 20:40:01
18747,54,4160,9,2025-01-22 15:10:12
18748,76,2082,69,2025-01-15 18:31:12
18749,57,3224,2,2025-04-01 04:38:36
18750,96,3947,44,2025-09-26 05:42:45
18751,53,4824,86,2025-11-23 15:46:04
18752,20,3912,83,2025-11-22 23:27:17
18753,87,680,99,2025-07-29 11:31:29
18754,46,1852,9,2025-07-25 07:46:14
18755,98,4225,9,2025-08-16 12:04:53
18756,97,1352,76,2025-01-05 21:14:09
18757,85,3334,89,2025-01-19 12:18:14
18758,28,4284,72,2025-01-21 05:29:49
18759,31,1536,17,2025-12-10 19:33:32
18760,30,2489,13,2026-01-07 21:29:37
18761,59,3119,77,2025-08-11 13:20:06
18762,37,2926,60,2025-05-25 07:04:43
18763,20,3283,0,2025-06-06 13:05:32
18764,17,2780,13,2025-06-19 16:21:50
18765,35,906,74,2025-07-06 06:51:05
18766,1,432,27,2025-08-20 18:19:44
18767,19,1221,45,2025-07-22 06:58:28
18768,72,733,53,2025-05-30 07:09:11
18769,29,350,1,2025-07-13 20:32:32
18770,100,372,29,2025-11-15 09:41:30
18771,11,4368,72,2025-03-26 08:16:19
18772,62,2467,5,2026-01-06 09:52:49
18773,99,3683,16,2025-01-16 15:22:30
18774,10,2897,31,2025-10-13 19:45:28
18775,52,208,43,2025-08-03 10:00:02
18776,55,1213,9,2025-12-23 12:55:41
18777,72,344,44,2025-02-14 03:59:14
18778,2,605,81,2025-01-02 00:25:34
18779,8,1321,4,2025-07-27 07:13:26
18780,55,4689,91,2025-09-16 00:59:27
18781,94,316,18,2025-04-23 23:55:02
18782,98,2384,37,2025-07-08 08:37:07
18783,21,2605,73,2025-11-27 22:54:04
18784,75,1333,72,2025-01-21 00:16:45
18785,23,241,9,2025-06-19 21:09:19
18786,36,2884,91,2026-01-04 21:56:28
18787,5,1986,100,2025-06-06 09:40:45
18788,15,2887,32,2026-01-11 21:30:22
18789,69,1433,5,2026-01-06 18:17:46
18790,68,2256,75,2025-01-28 09:34:47
18791,84,856,54,2026-01-22 10:10:54
18792,51,4760,18,2025-02-10 23:21:45
18793,77,4092,28,2025-03-23 05:48:16
18794,1,487,72,2025-10-24 14:25:46
18795,85,3322,14,2025-07-25 18:37:01
18796,4,985,9,2025-08-10 11:22:07
18797,82,2525,5,2025-05-29 02:45:53
18798,28,3788,40,2025-02-06 07:00:01
18799,31,486,33,2025-04-23 03:04:45
18800,77,4257,52,2025-04-08 04:34:08
18801,24,1618,68,2025-09-22 00:09:01
18802,39,2562,27,2025-02-27 08:15:04
18803,95,2363,12,2025-07-07 21:59:13
18804,6,2163,51,2025-03-29 23:42:09
18805,7,2385,76,2025-08-01 18:51:53
18806,39,4251,85,2025-04-14 03:35:14
18807,92,2001,57,2025-02-28 12:59:18
18808,36,1209,53,2025-10-28 16:11:02
18809,16,3104,82,2025-01-24 05:35:01
18810,6,3373,90,2025-07-23 01:07:11
18811,35,3042,22,2025-02-20 15:40:06
18812,21,4277,36,2025-11-02 06:00:02
18813,99,3485,76,2025-08-07 12:38:44
18814,69,3401,98,2025-03-26 04:01:36
18815,60,3877,43,2025-06-07 20:39:40
18816,61,1194,68,2025-04-04 12:46:17
18817,87,2762,64,2025-11-14 04:56:54
18818,70,1573,97,2025-07-07 23:10:37
18819,41,2524,84,2025-10-21 09:50:07
18820,67,1749,46,2025-03-12 20:57:32
18821,25,3084,66,2025-06-05 07:11:10
18822,17,3933,31,2025-10-02 08:10:34
18823,12,1208,17,2025-11-18 05:05:12
18824,91,2883,71,2025-03-04 12:45:39
18825,85,1068,58,2025-01-13 08:45:20
18826,65,2843,79,2025-11-20 04:15:41
18827,12,2758,53,2025-04-23 06:37:19
18828,7,3064,35,2026-01-15 03:06:35
18829,12,173,38,2025-07-24 23:16:51
18830,35,2578,95,2026-01-09 21:42:28
18831,41,469,48,2025-07-06 05:55:20
18832,8,2635,85,2025-09-27 06:42:50
18833,13,3655,77,2025-07-18 03:41:55
18834,71,1531,97,2025-02-01 00:36:37
18835,77,1682,18,2025-03-18 23:31:03
18836,68,3054,54,2025-06-05 18:20:50
18837,63,3419,67,2025-06-30 06:44:03
18838,47,182,17,2025-05-21 03:10:26
18839,89,4357,55,2025-01-30 05:40:39
18840,6,2634,11,2025-07-04 22:14:09
18841,17,2895,52,2025-09-07 01:58:39
18842,100,4570,86,2026-01-03 17:34:15
18843,62,4807,9,2025-11-15 08:17:31
18844,32,2920,39,2025-08-23 20:56:57
18845,38,4359,97,2025-09-20 13:23:42
18846,10,4687,92,2025-07-11 06:42:37
18847,71,689,40,2025-06-10 10:10:00
18848,53,773,75,2025-07-29 00:37:41
18849,2,4457,19,2025-08-31 05:53:02
18850,65,57,60,2025-10-14 12:45:12
18851,94,2513,89,2025-07-25 22:02:41
18852,10,3491,5,2025-05-07 15:44:26
18853,34,2752,55,2025-08-17 17:24:12
18854,45,2300,6,2025-02-19 05:10:36
18855,23,570,4,2026-02-01 23:40:41
18856,73,4651,69,2025-05-31 14:07:21
18857,90,3681,95,2026-01-19 09:59:58
18858,16,3180,0,2025-08-26 09:00:14
18859,68,1356,99,2025-05-21 22:41:28
18860,44,3380,48,2025-10-30 13:06:59
18861,3,1741,10,2025-06-30 19:27:01
18862,93,4430,58,2025-06-06 22:48:34
18863,45,4242,78,2025-05-28 00:28:08
18864,91,1704,97,2025-04-26 01:48:36
18865,46,317,26,2025-06-07 21:03:00
18866,42,479,6,2025-08-17 09:26:09
18867,52,2075,19,2025-12-07 17:30:22
18868,44,623,45,2026-02-05 02:10:17
18869,42,2483,14,2025-08-25 07:30:32
18870,44,3783,5,2025-10-26 07:19:59
18871,57,1251,70,2025-06-22 17:43:23
18872,7,4796,1,2025-11-02 02:41:39
18873,77,4153,55,2025-09-16 10:07:05
18874,19,4251,81,2025-10-10 15:39:11
18875,36,2006,55,2025-05-18 18:22:39
18876,45,3562,52,2025-02-05 15:40:55
18877,59,1024,83,2025-07-08 02:34:36
18878,79,2114,72,2025-04-24 17:25:45
18879,53,2992,21,2025-06-04 18:24:17
18880,37,34,88,2025-03-16 02:52:20
18881,56,944,48,2025-12-16 01:04:48
18882,97,2021,33,2025-06-24 12:28:58
18883,31,750,81,2025-03-14 22:47:45
18884,42,1394,3,2025-03-20 02:54:30
18885,76,62,12,2025-08-21 17:38:14
18886,86,4078,91,2025-03-24 01:08:11
18887,66,3567,76,2025-12-04 09:29:04
18888,94,1491,69,2025-09-20 11:57:53
18889,37,1949,21,2025-04-11 15:17:00
18890,28,414,51,2025-07-04 20:40:15
18891,12,1743,17,2025-08-04 18:50:36
18892,100,2884,44,2025-07-02 12:17:30
18893,25,1898,8,2025-12-22 14:10:02
18894,70,1204,4,2025-01-07 18:05:01
18895,93,2523,19,2025-01-18 05:10:45
18896,51,2119,83,2026-01-15 10:30:57
18897,86,2980,76,2025-07-15 22:27:26
18898,7,1829,9,2025-09-11 07:54:10
18899,12,4094,63,2025-10-29 04:20:29
18900,66,1374,35,2025-06-30 04:56:36
18901,37,1646,66,2025-12-15 06:45:04
18902,1,2084,23,2025-11-25 05:56:02
18903,69,419,92,2026-01-27 06:43:17
18904,67,286,31,2025-06-07 12:12:52
18905,48,2569,38,2025-01-19 08:26:16
18906,47,4194,22,2025-10-11 17:02:16
18907,35,3359,66,2025-05-05 06:42:20
18908,28,1042,41,2025-08-11 14:28:56
18909,67,3859,93,2026-01-12 00:30:14
18910,79,4042,65,2025-07-03 22:24:47
18911,53,1166,20,2025-04-10 00:51:01
18912,80,2789,34,2025-05-15 11:24:17
18913,95,984,10,2025-07-05 15:53:02
18914,66,1010,86,2025-11-06 09:41:29
18915,35,4416,47,2025-09-19 08:27:40
18916,96,4132,81,2025-04-27 17:19:36
18917,29,4086,3,2025-12-02 21:08:18
18918,35,1137,95,2025-03-22 11:29:32
18919,78,1906,68,2025-12-01 01:33:32
18920,71,65,3,2025-07-12 00:59:41
18921,29,3958,55,2025-01-06 17:07:57
18922,44,2575,95,2025-01-10 23:17:18
18923,68,1482,3,2025-03-03 19:04:37
18924,88,906,93,2025-01-18 10:47:24
18925,18,3697,54,2025-05-21 03:58:49
18926,56,4831,82,2025-08-29 01:12:59
18927,2,1738,85,2025-02-12 03:52:01
18928,41,832,68,2025-04-12 23:46:33
18929,81,2939,58,2025-02-28 20:52:13
18930,95,4678,91,2025-03-20 05:58:31
18931,83,80,34,2025-01-31 15:13:13
18932,31,1274,21,2025-01-03 06:58:27
18933,95,1904,94,2025-10-25 16:16:27
18934,72,2360,83,2025-01-07 22:35:05
18935,80,4134,38,2025-05-16 02:50:49
18936,95,3631,12,2025-01-19 04:43:15
18937,80,3955,51,2026-01-05 10:21:45
18938,36,3379,1,2025-01-29 22:19:59
18939,87,1204,93,2025-11-21 17:47:22
18940,28,1787,70,2025-07-27 12:26:52
18941,4,1911,19,2025-08-21 13:56:52
18942,36,2871,73,2025-07-20 11:55:38
18943,68,2351,42,2025-09-10 19:55:09
18944,86,2931,75,2025-06-19 09:35:16
18945,16,1104,91,2026-01-24 17:13:49
18946,69,871,66,2025-05-19 09:20:36
18947,2,2303,86,2025-09-10 20:52:07
18948,18,3737,1,2025-04-05 02:15:26
18949,40,4269,98,2025-06-28 12:29:05
18950,40,3800,61,2025-06-11 19:58:36
18951,80,3200,4,2025-05-31 07:25:44
18952,93,4285,38,2025-09-12 07:32:02
18953,69,1889,80,2025-08-17 00:38:05
18954,21,690,68,2025-03-30 13:52:55
18955,36,3416,32,2025-01-06 20:48:09
18956,57,4459,0,2025-06-20 15:25:51
18957,62,2292,56,2025-05-30 00:57:04
18958,41,4359,73,2025-12-26 22:04:52
18959,69,2424,86,2025-11-17 16:34:11
18960,79,1654,50,2025-03-16 12:36:07
18961,60,771,64,2025-11-12 02:19:22
18962,82,3449,3,2025-07-24 05:22:01
18963,5,223,57,2026-01-15 14:20:48
18964,99,1462,86,2025-04-18 18:34:40
18965,31,4698,55,2025-01-30 21:12:53
18966,71,724,27,2025-08-03 19:32:00
18967,2,3103,84,2025-01-25 09:22:57
18968,14,4802,89,2025-11-26 01:55:25
18969,23,2217,84,2025-11-02 08:39:49
18970,57,4376,93,2026-01-01 00:09:32
18971,57,3211,98,2025-03-26 01:46:52
18972,72,1,40,2025-11-28 22:00:47
18973,90,1871,5,2025-12-03 13:31:13
18974,7,1571,20,2025-08-16 13:07:57
18975,52,2794,24,2025-05-30 06:16:14
18976,83,645,13,2026-01-01 09:54:07
18977,34,4511,54,2025-09-21 05:33:47
18978,64,3329,11,2025-09-02 19:09:27
18979,13,467,49,2025-01-25 00:52:55
18980,87,2691,95,2026-01-09 13:01:08
18981,14,1666,92,2025-07-03 16:43:22
18982,21,2417,76,2025-04-11 01:57:14
18983,75,1845,98,2025-10-01 10:49:22
18984,32,314,30,2025-11-18 16:43:15
18985,3,3573,68,2025-07-06 01:54:24
18986,90,4766,2,2025-01-02 15:04:26
18987,88,1149,87,2025-04-14 00:42:48
18988,91,4770,25,2025-11-24 04:15:54
18989,21,3208,29,2025-02-09 13:54:57
18990,43,980,61,2025-02-25 00:11:15
18991,65,1568,37,2025-03-28 20:17:21
18992,96,1501,72,2025-12-02 02:12:30
18993,15,1781,42,2025-04-06 09:25:14
18994,21,556,39,2025-01-31 15:27:20
18995,73,4723,92,2025-08-15 07:55:41
18996,45,2674,49,2025-09-22 05:39:38
18997,81,4474,81,2025-10-29 19:21:53
18998,30,182,29,2026-01-19 06:08:59
18999,16,2567,85,2025-01-31 23:13:28
19000,18,3232,4,2025-06-14 18:14:33
19001,55,3330,56,2025-06-21 07:15:45
19002,2,627,9,2025-07-19 23:02:20
19003,14,1177,21,2025-09-07 11:54:39
19004,58,1524,38,2025-11-17 13:38:05
19005,61,2762,8,2025-10-20 12:56:23
19006,46,1565,74,2026-02-05 13:32:33
19007,37,2533,92,2025-07-03 12:28:09
19008,61,4101,86,2025-06-22 19:01:46
19009,50,4751,78,2025-04-11 14:57:09
19010,57,4152,21,2025-01-23 20:52:11
19011,81,547,78,2025-04-22 01:02:20
19012,2,2510,49,2025-05-15 03:18:41
19013,11,2925,2,2025-08-24 17:14:04
19014,27,1579,90,2025-07-18 07:22:04
19015,8,4080,63,2025-12-26 15:35:15
19016,72,1943,9,2025-10-09 01:22:42
19017,19,3920,71,2025-11-29 15:55:50
19018,58,3407,88,2025-06-03 23:26:52
19019,73,1793,33,2025-11-07 08:11:21
19020,3,1269,47,2025-05-02 12:14:48
19021,89,2257,56,2025-10-02 18:47:48
19022,41,3460,100,2025-03-07 02:53:09
19023,79,2631,83,2025-03-05 04:05:05
19024,3,3055,22,2025-08-18 03:34:42
19025,79,568,49,2025-07-15 18:54:56
19026,9,1834,91,2026-01-14 22:30:07
19027,26,2940,3,2025-11-23 18:08:40
19028,51,4669,10,2025-06-28 05:07:25
19029,4,2597,3,2025-11-10 22:56:15
19030,87,289,20,2025-12-25 11:27:05
19031,9,1576,90,2026-01-28 06:36:07
19032,85,3009,24,2025-12-28 14:59:34
19033,89,3875,21,2025-11-12 13:11:07
19034,63,1876,26,2025-03-04 20:05:02
19035,62,1294,42,2025-05-15 15:02:11
19036,17,1805,2,2025-12-16 16:37:56
19037,39,1725,53,2025-05-14 19:58:23
19038,49,2940,44,2025-02-21 15:13:49
19039,85,2060,74,2026-01-20 04:34:37
19040,85,3608,8,2025-05-29 09:36:17
19041,64,72,70,2025-07-21 23:28:53
19042,65,3276,59,2025-05-03 13:24:54
19043,32,1086,21,2025-10-19 21:11:52
19044,3,2536,77,2025-08-26 06:31:11
19045,97,1753,61,2025-12-23 06:42:35
19046,95,4390,88,2025-12-24 20:09:42
19047,16,4461,87,2026-01-11 10:22:12
19048,18,4094,39,2025-04-02 12:01:05
19049,53,235,28,2025-11-26 02:30:28
19050,94,3531,14,2025-10-17 13:20:06
19051,96,3804,92,2025-11-11 21:01:07
19052,53,2982,74,2025-01-30 20:20:29
19053,7,2170,71,2025-04-13 13:37:28
19054,20,1647,53,2025-12-09 10:07:48
19055,46,3307,86,2025-08-18 21:39:24
19056,72,2358,35,2025-05-10 01:51:48
19057,96,4205,93,2025-06-12 21:28:57
19058,43,1678,36,2025-08-12 13:09:55
19059,50,2269,58,2025-12-05 23:20:16
19060,83,2801,77,2025-09-30 03:44:36
19061,49,3281,74,2025-08-05 07:20:54
19062,97,1953,30,2026-01-03 17:33:45
19063,42,4562,26,2025-09-10 20:04:48
19064,76,2458,68,2025-05-17 06:53:20
19065,31,1699,23,2025-11-10 03:03:30
19066,92,216,54,2025-07-21 02:40:00
19067,38,759,70,2025-05-17 05:21:51
19068,32,3999,64,2025-05-02 06:24:28
19069,74,23,5,2025-03-01 17:34:54
19070,79,2507,71,2025-02-09 09:33:34
19071,71,4433,95,2025-12-07 08:23:27
19072,51,4900,71,2025-05-07 01:39:14
19073,49,1881,84,2025-11-19 19:58:11
19074,52,3570,10,2025-08-17 18:26:00
19075,1,4601,7,2025-06-11 10:32:01
19076,48,3410,20,2025-02-15 19:04:33
19077,35,4628,96,2025-08-17 20:57:37
19078,69,341,35,2025-11-04 18:26:56
19079,53,1540,42,2025-06-28 07:32:51
19080,43,2919,75,2025-12-22 13:01:09
19081,1,4540,58,2025-10-04 23:10:27
19082,13,3275,82,2025-11-25 20:34:24
19083,19,3084,54,2025-12-02 19:36:17
19084,51,3069,92,2025-12-30 13:57:45
19085,4,1484,77,2025-11-03 18:39:13
19086,24,2308,74,2025-12-14 17:37:43
19087,69,3098,13,2025-06-22 00:34:23
19088,8,3129,40,2025-01-15 01:26:40
19089,100,4870,86,2025-05-01 06:13:24
19090,92,3447,29,2025-11-23 10:08:50
19091,84,3373,98,2025-10-13 01:15:47
19092,17,4525,83,2025-05-25 21:11:56
19093,26,399,33,2025-02-20 00:48:20
19094,4,4006,17,2025-01-11 01:06:23
19095,39,4678,56,2025-12-22 03:57:46
19096,40,3340,24,2026-01-25 22:14:34
19097,59,941,11,2025-10-31 00:53:57
19098,9,1368,87,2025-07-14 08:59:17
19099,49,3823,52,2025-02-01 06:58:53
19100,93,650,16,2025-10-30 21:01:25
19101,1,4721,93,2026-01-19 01:54:35
19102,53,705,20,2025-05-21 20:06:37
19103,34,3576,32,2025-12-31 03:13:00
19104,64,1305,17,2025-01-20 01:45:29
19105,30,964,80,2025-05-31 22:57:29
19106,62,2912,63,2025-04-04 11:36:19
19107,47,2459,5,2025-09-03 02:34:49
19108,9,157,10,2025-07-18 22:32:21
19109,91,3156,47,2025-03-02 15:40:43
19110,27,2421,27,2025-07-12 10:10:30
19111,38,2346,28,2025-04-07 07:19:54
19112,62,1235,5,2025-06-14 02:15:55
19113,98,2528,40,2025-02-23 06:33:01
19114,100,3540,7,2025-05-22 01:24:51
19115,62,3761,33,2025-03-02 14:10:10
19116,58,953,72,2025-09-02 22:19:59
19117,83,3859,83,2025-06-01 16:35:55
19118,41,33,99,2025-01-30 15:13:45
19119,25,2324,33,2025-07-11 23:08:48
19120,18,2756,86,2025-10-04 11:23:22
19121,89,442,61,2025-09-29 11:21:50
19122,63,2895,74,2025-02-04 07:20:54
19123,98,4364,5,2025-06-30 15:15:38
19124,83,4548,13,2026-01-13 09:26:40
19125,30,3806,34,2025-11-09 21:59:14
19126,80,2019,16,2025-05-29 03:19:37
19127,44,3601,88,2025-08-10 04:33:10
19128,18,1474,5,2025-06-22 19:08:55
19129,43,2444,85,2025-06-07 13:41:54
19130,22,1996,8,2026-01-17 11:51:24
19131,15,2825,1,2025-10-29 23:21:03
19132,5,1349,56,2025-09-14 11:33:00
19133,97,2086,83,2025-03-24 18:02:57
19134,11,2195,38,2025-10-11 10:22:38
19135,98,640,9,2025-04-26 19:03:33
19136,46,4060,30,2025-10-13 21:55:28
19137,12,1216,56,2025-11-06 06:04:27
19138,70,1259,49,2025-08-11 21:14:47
19139,78,310,7,2025-06-25 20:21:08
19140,41,3285,32,2025-08-15 13:19:37
19141,29,444,23,2025-04-16 00:53:30
19142,49,4830,61,2025-10-30 14:40:07
19143,75,302,62,2025-01-04 17:13:35
19144,10,854,64,2025-05-02 09:58:28
19145,46,4523,8,2026-02-01 03:57:44
19146,2,1501,23,2025-04-28 16:17:22
19147,36,1818,9,2025-04-02 09:00:56
19148,36,3460,24,2025-06-09 12:21:09
19149,20,73,20,2025-10-18 15:58:57
19150,72,1313,64,2025-03-02 07:40:08
19151,46,1935,18,2025-03-23 11:24:49
19152,18,2180,24,2025-02-05 06:35:35
19153,34,577,41,2025-06-18 09:49:07
19154,36,3424,6,2025-01-22 02:42:05
19155,56,2664,14,2025-10-19 05:26:05
19156,53,4979,51,2025-11-04 04:23:17
19157,31,1155,7,2025-08-18 23:54:41
19158,12,2110,71,2025-05-24 20:57:48
19159,61,4521,84,2025-05-16 02:25:24
19160,87,3450,71,2025-12-08 23:11:15
19161,82,4923,32,2025-03-26 03:55:21
19162,19,873,97,2025-06-11 20:25:37
19163,76,1481,1,2026-01-04 06:39:07
19164,88,4123,58,2025-06-20 08:50:48
19165,86,4353,82,2025-06-25 04:32:36
19166,20,224,75,2025-06-02 09:24:49
19167,22,4328,27,2025-03-19 15:25:27
19168,46,4795,20,2025-05-08 22:51:08
19169,33,1611,90,2025-03-15 09:32:10
19170,64,2277,96,2025-06-14 15:02:04
19171,68,1735,72,2025-08-23 08:06:46
19172,60,4405,0,2025-10-31 07:37:03
19173,81,1148,59,2025-12-14 12:49:26
19174,42,4579,32,2025-07-05 02:01:56
19175,85,747,9,2025-07-01 18:30:49
19176,74,2326,93,2025-11-30 08:26:42
19177,56,4306,33,2025-01-19 18:38:01
19178,71,4902,28,2025-10-21 14:11:09
19179,18,1623,14,2026-01-14 05:02:55
19180,59,2165,36,2025-03-30 04:25:56
19181,78,814,32,2025-06-08 09:53:52
19182,40,3331,23,2025-05-31 14:57:40
19183,10,3113,73,2025-01-19 07:01:46
19184,77,1357,82,2025-02-11 14:23:50
19185,39,2003,18,2026-01-15 23:02:27
19186,53,393,85,2025-12-07 01:21:37
19187,77,988,53,2025-12-28 08:32:07
19188,85,1264,58,2025-06-27 15:01:23
19189,75,3560,35,2025-07-18 14:03:25
19190,82,2220,26,2025-04-13 17:14:31
19191,63,2842,12,2025-10-22 20:20:12
19192,1,4433,59,2025-02-08 19:30:56
19193,22,2479,24,2025-01-18 16:31:05
19194,65,922,32,2025-02-08 19:48:53
19195,25,1715,4,2025-10-14 02:28:57
19196,16,1078,16,2025-01-17 22:41:08
19197,22,4008,5,2025-10-21 18:03:31
19198,82,118,67,2025-07-08 03:36:31
19199,34,1317,25,2025-02-12 04:38:22
19200,44,4758,38,2025-10-13 06:28:23
19201,97,1767,74,2025-11-14 11:57:56
19202,33,4533,5,2025-02-23 06:54:28
19203,74,1837,90,2025-01-18 15:12:55
19204,98,4752,20,2025-06-23 00:42:34
19205,18,401,53,2025-05-22 03:44:49
19206,26,3545,13,2025-09-13 14:44:55
19207,72,75,70,2025-06-10 05:48:19
19208,47,2714,67,2025-08-19 06:30:21
19209,75,583,35,2025-01-24 18:28:11
19210,69,1020,16,2025-11-16 12:03:29
19211,52,2500,14,2025-08-28 20:50:40
19212,21,2380,52,2025-10-12 13:50:08
19213,30,4290,61,2025-06-07 14:55:43
19214,77,745,43,2025-10-08 07:28:46
19215,41,1655,86,2025-12-25 18:57:19
19216,28,126,6,2025-11-28 18:44:03
19217,81,20,17,2025-09-04 06:03:00
19218,78,3851,19,2025-08-05 20:42:24
19219,67,2654,35,2026-01-23 19:27:18
19220,46,636,87,2025-02-07 19:55:10
19221,79,433,75,2025-11-08 16:29:10
19222,13,3126,14,2025-05-12 23:59:22
19223,18,3658,12,2025-01-30 03:56:50
19224,46,1978,8,2025-02-01 04:02:59
19225,13,2618,0,2025-09-09 21:34:24
19226,73,2331,34,2025-01-31 12:33:51
19227,57,2546,73,2025-07-04 18:13:27
19228,46,741,23,2025-03-16 10:45:26
19229,56,1221,30,2025-01-11 01:11:33
19230,86,4737,95,2025-12-19 11:52:07
19231,22,1798,42,2025-07-30 16:59:56
19232,87,2790,94,2025-02-28 10:28:06
19233,76,2130,85,2025-03-08 09:10:38
19234,66,3327,2,2025-04-15 02:42:47
19235,94,4516,75,2025-02-09 01:37:42
19236,44,2374,78,2025-06-09 00:14:37
19237,100,4725,46,2025-09-22 03:14:31
19238,79,4014,60,2025-10-09 10:20:39
19239,28,3134,41,2025-05-10 09:06:23
19240,81,2175,41,2025-08-16 08:51:55
19241,95,3065,85,2025-11-11 22:30:55
19242,58,1483,93,2025-03-23 02:36:46
19243,83,4577,50,2025-03-22 11:35:24
19244,69,3953,75,2025-03-03 05:07:53
19245,87,1022,13,2025-06-27 09:24:39
19246,72,2462,37,2025-07-10 07:36:22
19247,96,2835,93,2025-09-01 23:32:19
19248,15,2287,36,2025-11-24 10:38:01
19249,60,1524,1,2025-11-29 00:16:00
19250,4,1553,23,2025-10-22 21:38:31
19251,68,318,25,2025-12-22 14:04:38
19252,1,2529,3,2025-06-16 01:38:07
19253,21,1795,31,2025-04-07 08:25:29
19254,79,3738,71,2025-10-13 13:13:10
19255,16,3897,48,2025-02-24 07:42:58
19256,51,1907,99,2025-09-13 01:47:57
19257,98,1078,87,2026-01-17 14:28:00
19258,53,4338,74,2025-03-21 19:25:05
19259,61,2041,13,2025-07-26 19:51:47
19260,5,4668,98,2025-04-19 05:22:42
19261,99,4791,19,2025-02-20 05:21:56
19262,39,353,41,2026-01-17 04:50:13
19263,80,3100,67,2025-08-23 06:05:28
19264,84,3478,21,2025-11-26 10:22:12
19265,76,2184,60,2025-09-10 04:08:33
19266,59,3684,38,2025-03-18 18:22:05
19267,36,1598,53,2025-08-30 16:04:20
19268,8,908,82,2025-02-14 21:36:04
19269,86,4693,93,2026-02-02 12:54:45
19270,58,238,27,2025-07-16 23:35:32
19271,26,1744,49,2025-09-28 07:40:36
19272,98,3679,16,2025-05-08 20:38:18
19273,22,2307,54,2025-03-12 23:02:15
19274,63,928,94,2025-09-15 06:55:40
19275,95,3949,37,2026-01-01 18:16:27
19276,59,3341,100,2025-04-10 13:50:21
19277,38,3942,39,2025-02-12 19:53:37
19278,57,2075,47,2025-08-28 02:17:56
19279,85,4310,46,2025-11-16 11:23:13
19280,22,1811,85,2025-10-29 02:41:41
19281,27,741,27,2025-03-29 17:40:55
19282,85,4690,24,2025-09-16 10:01:47
19283,84,1558,85,2025-07-14 18:26:24
19284,96,1761,46,2025-01-10 11:09:05
19285,58,1625,77,2025-04-23 05:46:42
19286,1,2782,2,2025-09-03 08:19:37
19287,37,3677,96,2025-08-26 04:14:35
19288,72,4239,67,2025-05-07 14:11:13
19289,42,3561,4,2025-07-31 14:48:52
19290,8,2137,95,2025-03-09 14:36:34
19291,45,4299,70,2025-12-04 03:06:36
19292,15,269,40,2025-03-02 21:08:59
19293,76,920,88,2025-07-13 18:01:07
19294,66,4275,23,2025-08-15 08:39:50
19295,58,3535,74,2025-02-03 03:35:57
19296,45,4819,97,2025-01-14 01:22:10
19297,58,4438,29,2025-06-11 17:37:53
19298,79,373,65,2025-09-20 16:08:25
19299,55,396,46,2025-02-27 17:26:41
19300,59,2393,64,2025-08-04 10:29:17
19301,63,436,46,2025-04-24 08:10:07
19302,81,4837,27,2025-06-21 09:50:19
19303,36,781,28,2025-06-19 15:40:26
19304,59,3157,11,2025-02-23 22:16:31
19305,94,75,0,2025-07-17 11:10:36
19306,25,774,32,2025-06-14 16:24:15
19307,52,4786,5,2025-01-04 18:09:19
19308,60,1341,48,2025-10-03 22:28:03
19309,38,682,12,2025-10-03 11:54:07
19310,92,2434,60,2025-05-27 08:29:33
19311,67,3246,74,2025-10-28 02:13:39
19312,54,3581,91,2025-01-26 00:48:05
19313,22,4200,80,2026-01-02 15:37:31
19314,19,1166,91,2026-01-23 18:15:48
19315,53,2356,48,2025-01-13 07:56:34
19316,3,2122,73,2026-01-16 21:26:40
19317,24,4134,48,2025-12-06 04:22:02
19318,4,2873,83,2025-08-29 08:42:16
19319,89,2761,47,2026-01-12 20:02:03
19320,71,2435,3,2025-07-01 15:46:37
19321,82,2124,41,2025-04-09 03:29:04
19322,59,2827,33,2025-11-18 04:23:24
19323,40,138,6,2025-05-09 03:54:45
19324,67,823,55,2025-03-21 16:22:36
19325,1,1449,18,2026-01-17 09:04:06
19326,86,1317,56,2025-04-05 23:06:07
19327,58,4168,6,2025-08-28 09:59:54
19328,14,1214,99,2025-04-23 17:39:54
19329,10,705,46,2025-01-26 23:01:37
19330,4,127,7,2026-01-07 23:56:53
19331,13,1571,72,2025-10-09 09:21:43
19332,36,2416,95,2025-01-13 03:18:03
19333,91,1396,76,2025-06-29 23:32:15
19334,1,4647,89,2025-04-08 19:24:14
19335,78,2589,31,2025-07-01 21:54:19
19336,72,1000,51,2025-01-19 12:49:23
19337,59,4288,58,2025-09-01 23:22:35
19338,90,1828,85,2025-07-24 03:08:43
19339,57,2915,10,2025-10-16 05:20:21
19340,75,476,29,2025-05-16 21:31:43
19341,39,1308,75,2025-08-09 02:20:51
19342,22,4517,88,2025-12-12 07:39:10
19343,76,2424,23,2025-12-27 11:34:30
19344,12,3800,72,2025-05-28 11:38:20
19345,31,4387,13,2025-07-08 00:12:28
19346,15,3742,86,2025-11-17 16:23:45
19347,86,4758,70,2025-01-26 10:22:06
19348,1,1737,29,2025-11-19 09:43:02
19349,9,888,44,2025-05-25 20:39:57
19350,76,3049,20,2025-04-02 02:17:28
19351,68,4549,22,2025-04-14 05:47:50
19352,74,2424,27,2025-03-30 16:53:52
19353,91,1085,65,2025-01-30 15:56:06
19354,53,2714,41,2025-12-30 08:45:22
19355,53,2500,8,2025-05-14 17:17:01
19356,7,3977,82,2025-10-18 07:48:36
19357,81,849,55,2025-11-04 06:15:22
19358,6,4165,9,2025-11-15 03:38:44
19359,61,1061,39,2025-05-28 14:03:18
19360,59,3647,76,2026-01-25 05:21:36
19361,84,1022,22,2025-06-24 20:48:05
19362,57,3804,12,2025-07-24 17:29:17
19363,34,1502,27,2025-03-17 01:42:43
19364,8,1960,13,2025-02-18 23:02:58
19365,87,1260,94,2025-08-17 20:47:20
19366,78,3706,41,2025-08-30 07:39:31
19367,32,2801,57,2025-02-20 23:33:49
19368,13,3563,31,2025-09-19 10:48:05
19369,89,4960,87,2025-05-31 14:30:54
19370,11,2787,1,2025-05-18 10:51:14
19371,24,4879,43,2025-11-20 12:58:20
19372,20,4612,20,2025-12-07 13:31:11
19373,25,2992,97,2025-02-23 02:55:27
19374,15,806,2,2025-06-11 13:11:50
19375,55,2692,98,2025-04-11 10:57:37
19376,83,2614,58,2025-04-12 03:50:13
19377,7,3073,65,2025-04-22 11:19:59
19378,54,2254,18,2025-09-16 06:27:01
19379,16,4206,91,2025-10-23 00:04:10
19380,34,3578,48,2025-12-28 00:47:38
19381,33,2930,67,2025-04-25 11:51:55
19382,43,83,9,2026-01-07 11:46:19
19383,100,2528,10,2025-03-17 12:08:28
19384,81,2279,39,2025-03-08 04:04:22
19385,80,4593,22,2025-10-07 04:13:48
19386,5,565,50,2025-10-27 08:12:29
19387,25,2806,34,2026-01-29 03:34:04
19388,92,2688,11,2025-02-25 07:52:19
19389,51,3563,88,2025-11-24 20:33:30
19390,81,3140,54,2025-08-24 02:36:44
19391,98,894,43,2025-02-22 12:43:24
19392,41,4971,31,2025-01-03 12:16:01
19393,51,1271,68,2025-12-08 21:02:33
19394,48,3323,43,2026-01-05 11:38:22
19395,39,1193,30,2026-01-05 17:20:34
19396,64,1356,39,2025-12-27 02:56:23
19397,43,4515,15,2025-08-06 08:37:47
19398,34,1977,74,2025-01-19 13:27:36
19399,96,2485,85,2025-12-12 08:57:03
19400,65,383,16,2025-02-14 03:55:33
19401,43,312,10,2025-05-08 14:07:12
19402,34,4158,80,2025-06-01 13:40:48
19403,23,1093,39,2025-12-06 08:54:22
19404,92,4814,84,2025-12-30 04:05:23
19405,4,3407,27,2025-03-24 21:08:21
19406,83,2565,42,2025-04-05 12:08:06
19407,10,1146,66,2025-04-04 20:28:30
19408,12,2800,23,2025-02-18 06:37:39
19409,13,3337,54,2025-10-23 21:55:48
19410,97,2507,28,2025-05-06 20:02:07
19411,75,589,17,2025-01-16 09:56:30
19412,51,2412,63,2025-02-08 13:24:14
19413,56,1924,35,2025-08-01 00:37:35
19414,18,3520,94,2025-11-04 12:24:40
19415,91,4196,17,2025-03-16 10:32:52
19416,65,3699,24,2025-08-29 15:36:41
19417,51,395,40,2025-01-29 01:57:11
19418,86,770,87,2025-02-06 20:15:33
19419,50,2079,25,2026-01-11 21:31:58
19420,14,2796,61,2025-03-27 14:00:39
19421,11,429,25,2025-08-17 21:35:09
19422,43,1670,63,2025-09-09 10:56:31
19423,24,749,3,2025-05-08 07:32:56
19424,53,4654,47,2025-05-07 19:48:41
19425,71,1865,74,2025-07-04 05:35:46
19426,27,2176,14,2025-07-18 06:07:54
19427,24,1368,63,2025-09-19 13:42:45
19428,1,3625,16,2025-10-15 11:41:25
19429,45,4562,74,2025-11-22 16:21:35
19430,12,4852,79,2026-02-05 07:05:01
19431,31,597,56,2026-01-01 23:37:11
19432,1,3999,54,2025-01-01 14:58:04
19433,24,2536,45,2025-03-12 02:15:05
19434,65,1690,44,2025-10-05 22:11:31
19435,18,730,61,2025-02-03 22:02:43
19436,32,3141,62,2025-07-04 06:52:48
19437,54,3441,77,2025-12-04 14:47:58
19438,61,3899,18,2025-05-19 08:55:44
19439,30,4130,11,2025-10-25 05:04:40
19440,83,457,73,2025-11-21 14:57:51
19441,58,4182,35,2025-04-29 04:29:46
19442,9,3257,59,2025-08-08 01:39:07
19443,57,4468,43,2025-03-14 10:33:46
19444,19,4324,26,2025-03-30 16:06:02
19445,21,150,51,2025-11-23 17:32:13
19446,83,2724,25,2025-07-23 13:16:53
19447,32,397,16,2025-02-04 06:50:03
19448,37,1314,36,2026-01-19 16:08:51
19449,55,1082,87,2026-01-24 04:19:45
19450,38,4812,43,2025-04-09 22:29:02
19451,86,3659,47,2025-06-03 15:30:39
19452,28,4212,94,2025-11-13 23:37:48
19453,60,3460,49,2025-11-07 09:01:23
19454,94,4257,47,2025-01-23 08:51:35
19455,51,1379,32,2025-07-17 22:20:39
19456,21,4641,67,2025-03-29 19:18:19
19457,48,1928,16,2025-08-18 10:28:28
19458,48,2123,92,2025-11-09 07:36:52
19459,48,4183,87,2025-02-24 14:55:19
19460,1,998,98,2025-08-05 11:12:21
19461,57,3941,32,2025-02-20 09:36:44
19462,21,65,54,2025-10-18 07:31:26
19463,34,1479,97,2025-10-19 17:10:44
19464,42,4521,21,2025-02-27 19:18:37
19465,25,3044,62,2025-06-16 05:40:44
19466,87,1328,38,2025-04-13 15:31:47
19467,45,1157,80,2025-02-02 13:44:01
19468,19,1884,76,2025-03-28 03:54:57
19469,68,3315,100,2025-02-14 16:34:15
19470,49,2294,81,2025-03-24 12:54:28
19471,81,910,41,2025-02-01 03:44:45
19472,8,4605,93,2025-12-30 18:51:24
19473,93,1798,72,2025-03-05 07:21:44
19474,81,4267,81,2025-12-06 10:53:29
19475,16,2001,22,2025-01-09 15:22:09
19476,66,4281,0,2025-05-28 05:10:20
19477,50,645,50,2025-12-21 05:17:45
19478,9,4260,9,2025-10-01 04:02:46
19479,50,2689,4,2025-04-08 08:33:08
19480,82,1326,90,2025-05-27 08:04:29
19481,4,3413,25,2025-11-15 14:27:15
19482,39,1168,15,2025-04-16 06:49:31
19483,6,4441,70,2025-02-12 05:50:08
19484,49,3100,25,2025-07-18 21:06:41
19485,52,2206,46,2025-07-20 20:29:40
19486,30,884,46,2025-07-29 05:06:56
19487,43,4498,50,2025-01-07 01:12:18
19488,59,3836,59,2025-05-29 06:52:32
19489,57,3144,12,2025-05-30 23:45:02
19490,68,2522,11,2026-01-13 18:46:14
19491,56,2236,59,2025-06-24 08:21:45
19492,32,736,83,2025-09-16 10:11:30
19493,74,3436,66,2025-02-17 08:54:04
19494,92,473,81,2025-08-10 04:56:07
19495,51,2848,25,2025-09-23 09:16:28
19496,51,2728,55,2025-03-15 16:58:15
19497,70,1562,31,2025-01-13 13:36:24
19498,75,2149,64,2025-07-27 12:30:22
19499,21,1390,65,2025-06-05 06:12:53
19500,55,2125,12,2025-12-19 15:09:42
19501,15,934,51,2025-04-19 23:38:01
19502,75,3651,45,2025-01-26 20:38:37
19503,91,978,43,2025-09-02 04:09:00
19504,31,2435,59,2025-04-07 07:03:35
19505,41,4943,81,2025-12-22 13:10:46
19506,21,3130,46,2026-01-02 13:30:02
19507,84,1964,18,2025-05-11 15:42:58
19508,39,1247,31,2025-10-30 19:30:18
19509,53,2594,20,2025-11-06 17:27:11
19510,92,3126,79,2025-06-17 07:22:29
19511,80,439,56,2025-08-10 15:47:51
19512,40,2952,72,2025-07-25 17:27:59
19513,99,2938,93,2025-03-11 16:07:40
19514,39,4151,71,2025-05-28 07:56:40
19515,81,403,39,2026-01-24 17:39:56
19516,85,964,30,2025-06-01 08:31:25
19517,73,4809,11,2025-12-14 16:05:57
19518,36,2785,17,2025-08-27 05:11:16
19519,52,4263,5,2025-07-13 14:31:07
19520,85,2135,62,2025-12-31 10:58:28
19521,16,2490,12,2025-09-21 14:00:48
19522,94,270,34,2025-07-03 02:08:50
19523,31,976,46,2025-05-27 11:10:38
19524,78,4917,43,2025-01-01 05:21:16
19525,43,1220,43,2025-09-01 10:11:22
19526,38,3662,0,2025-06-20 21:13:15
19527,100,1128,30,2025-08-05 22:42:45
19528,94,4147,20,2025-05-11 06:04:10
19529,58,2895,92,2025-09-12 18:36:42
19530,69,396,26,2025-09-13 10:14:17
19531,80,827,31,2025-04-19 22:58:41
19532,76,1787,0,2025-01-06 18:53:35
19533,32,3735,66,2025-02-19 12:17:02
19534,5,4157,35,2025-08-04 14:29:12
19535,83,3539,66,2025-01-20 00:38:50
19536,12,1597,68,2025-03-02 09:20:11
19537,23,607,83,2025-02-05 15:44:27
19538,57,3516,92,2025-08-02 14:45:27
19539,37,4891,67,2025-05-02 23:49:30
19540,52,2050,43,2025-05-27 11:14:03
19541,97,3542,48,2025-12-28 07:49:45
19542,100,2312,85,2025-09-30 21:58:22
19543,52,806,75,2025-12-25 00:59:56
19544,45,912,61,2025-05-01 05:45:16
19545,63,470,29,2025-04-28 21:11:55
19546,62,2064,23,2025-11-13 12:22:44
19547,18,639,48,2026-01-07 14:32:44
19548,81,4780,85,2025-04-14 14:41:33
19549,90,752,11,2025-08-03 03:05:33
19550,37,3329,75,2026-01-19 08:37:12
19551,20,3985,50,2025-09-01 22:05:19
19552,96,4311,46,2025-09-05 20:46:44
19553,19,1521,88,2025-02-11 18:54:57
19554,66,4878,8,2025-05-01 13:15:05
19555,50,445,57,2025-03-11 14:23:28
19556,40,3784,12,2025-08-04 12:24:41
19557,61,625,62,2025-12-12 21:51:52
19558,75,3802,24,2025-10-03 15:52:15
19559,98,4809,44,2025-06-01 06:13:42
19560,53,3360,23,2026-01-18 12:04:25
19561,88,4369,92,2025-05-31 07:25:47
19562,45,290,71,2025-11-04 09:48:02
19563,9,3605,77,2026-01-02 10:39:09
19564,25,3607,49,2025-04-16 11:53:25
19565,70,2468,7,2025-11-21 04:15:53
19566,61,3520,39,2025-04-17 12:11:50
19567,83,2076,65,2025-02-21 23:44:07
19568,76,685,73,2025-12-07 07:31:34
19569,23,426,97,2025-03-31 12:15:11
19570,43,4213,19,2025-12-29 03:42:35
19571,95,1950,51,2025-05-20 21:31:09
19572,65,2963,54,2025-07-06 10:42:19
19573,53,1211,23,2025-12-19 21:29:23
19574,48,4360,65,2025-05-13 16:09:24
19575,51,2390,75,2025-09-07 16:59:03
19576,38,2957,8,2026-01-13 09:36:40
19577,92,4034,75,2025-07-28 09:00:10
19578,95,3970,62,2025-01-14 23:40:09
19579,91,864,0,2025-11-25 11:26:58
19580,58,810,36,2025-10-01 00:09:17
19581,51,4135,18,2025-10-25 09:45:57
19582,67,449,1,2025-03-03 11:44:29
19583,36,3187,47,2026-01-29 16:48:53
19584,21,1754,85,2025-10-06 02:50:55
19585,14,3674,86,2025-02-17 02:25:25
19586,61,1151,35,2025-10-21 10:43:11
19587,8,4933,48,2025-01-03 07:14:50
19588,88,1663,7,2025-05-10 15:38:30
19589,40,181,43,2025-06-14 05:12:41
19590,98,4361,45,2025-03-16 01:14:26
19591,74,4833,2,2025-08-31 22:21:45
19592,26,2302,2,2025-06-05 03:20:56
19593,19,1254,89,2025-03-09 02:15:04
19594,31,435,66,2025-01-13 09:44:21
19595,16,2012,76,2025-10-03 19:41:26
19596,14,1582,92,2025-05-24 11:34:30
19597,72,4459,77,2025-02-01 13:04:33
19598,98,2321,14,2025-06-02 03:58:40
19599,92,491,22,2025-03-28 23:06:58
19600,61,4792,66,2025-04-15 07:25:36
19601,94,750,57,2025-08-17 18:02:30
19602,61,1864,40,2025-11-08 01:50:01
19603,53,281,35,2025-04-21 23:52:45
19604,39,2375,53,2025-11-08 14:22:05
19605,51,4584,75,2025-01-25 15:10:49
19606,80,3879,30,2025-01-02 10:24:52
19607,21,3399,95,2025-12-05 14:49:16
19608,45,4446,71,2025-01-08 17:30:41
19609,8,4528,16,2025-04-09 12:57:40
19610,71,1230,74,2025-07-01 05:40:38
19611,64,1226,0,2026-01-17 06:56:23
19612,43,3762,7,2025-08-23 04:22:31
19613,14,2421,95,2025-03-10 01:36:21
19614,80,2413,10,2025-09-01 16:30:25
19615,58,3047,62,2025-10-23 06:36:14
19616,40,1168,7,2025-05-25 04:20:53
19617,89,1396,77,2025-07-17 08:52:02
19618,35,2454,49,2025-06-01 23:11:22
19619,49,303,81,2025-11-04 04:18:03
19620,90,476,97,2025-06-23 05:30:52
19621,22,4303,7,2025-11-23 04:33:03
19622,1,2965,70,2025-05-19 15:43:52
19623,32,3340,19,2025-11-19 14:43:04
19624,85,169,73,2025-06-07 10:25:48
19625,52,3987,93,2025-07-18 12:41:49
19626,67,3026,43,2025-03-01 00:27:53
19627,69,1981,17,2025-04-02 06:05:04
19628,3,1831,56,2025-02-18 11:33:12
19629,47,447,39,2025-05-23 10:07:14
19630,82,4629,70,2025-10-19 22:10:09
19631,43,1993,13,2025-11-29 12:31:59
19632,8,2505,62,2025-06-09 16:17:17
19633,25,1279,58,2025-10-14 11:28:56
19634,33,2479,7,2025-01-04 08:47:40
19635,9,127,82,2025-12-01 02:00:28
19636,30,3492,5,2025-06-30 15:14:29
19637,31,2725,28,2026-01-30 03:23:00
19638,2,2157,2,2025-11-22 08:45:32
19639,1,459,90,2025-05-23 12:43:51
19640,48,449,50,2025-09-05 20:50:19
19641,81,4154,49,2025-03-19 16:19:25
19642,7,3702,25,2025-07-25 19:38:02
19643,72,572,43,2025-04-26 06:03:32
19644,92,2651,60,2025-05-22 23:33:41
19645,36,3020,57,2025-01-29 15:59:50
19646,17,1444,68,2025-09-05 00:01:20
19647,47,4195,100,2025-10-25 12:28:10
19648,96,3135,16,2025-03-04 10:07:39
19649,42,446,56,2025-05-17 00:01:28
19650,72,700,2,2025-04-05 18:00:42
19651,16,3701,63,2025-11-18 03:58:53
19652,18,2672,97,2026-01-06 12:41:24
19653,94,1814,11,2026-01-05 18:35:11
19654,61,1471,17,2025-01-11 14:17:08
19655,7,1393,80,2025-09-03 04:43:48
19656,13,3596,61,2025-07-23 04:19:22
19657,10,609,0,2025-12-11 06:02:11
19658,19,913,75,2025-03-08 23:31:08
19659,1,3764,25,2025-04-07 13:42:28
19660,41,4994,61,2025-11-06 19:49:34
19661,76,1884,25,2025-04-27 12:53:05
19662,51,1221,81,2025-04-18 05:03:11
19663,22,3977,12,2025-02-06 17:28:22
19664,31,3072,20,2025-02-27 17:36:35
19665,97,4527,86,2025-07-08 06:34:01
19666,78,4201,36,2025-01-16 13:12:57
19667,100,2935,66,2025-12-11 07:02:43
19668,7,3917,67,2025-05-20 02:41:57
19669,46,2209,19,2025-10-12 20:57:17
19670,50,815,92,2025-10-30 23:58:15
19671,13,2238,98,2025-04-17 03:38:41
19672,91,869,89,2026-01-17 10:44:09
19673,23,3084,3,2025-07-18 04:24:56
19674,9,2930,9,2025-03-18 06:43:05
19675,87,549,55,2025-08-09 10:54:53
19676,95,2853,51,2025-10-10 07:10:05
19677,37,3283,44,2025-07-27 00:31:43
19678,54,4092,53,2025-12-29 08:50:27
19679,86,637,56,2025-11-09 00:15:27
19680,58,4880,49,2025-11-16 22:50:07
19681,40,2921,1,2026-01-05 04:09:39
19682,81,2510,81,2025-10-30 02:44:16
19683,47,2604,37,2025-03-24 01:15:43
19684,30,365,55,2025-09-16 16:40:34
19685,97,4068,58,2025-07-02 13:21:48
19686,25,2727,16,2025-03-02 16:20:10
19687,36,4724,2,2025-10-19 07:01:56
19688,95,1785,5,2025-05-02 02:05:59
19689,38,3839,46,2025-10-21 10:54:35
19690,71,3971,17,2025-08-01 08:55:48
19691,18,2913,86,2025-05-24 03:15:25
19692,84,3245,55,2025-02-02 20:19:11
19693,11,4060,86,2025-07-12 11:42:44
19694,3,2703,24,2025-02-23 08:55:48
19695,25,4414,48,2025-03-18 17:37:14
19696,93,103,22,2025-07-28 22:08:11
19697,54,4252,20,2025-04-05 19:00:43
19698,13,3341,4,2026-01-10 19:36:55
19699,66,332,79,2025-05-11 13:03:50
19700,3,3,56,2025-04-21 07:00:25
19701,53,3360,14,2025-06-14 03:20:09
19702,28,1865,42,2025-05-15 01:40:36
19703,31,184,11,2026-01-25 09:28:14
19704,38,748,56,2025-05-23 12:28:29
19705,45,962,7,2025-02-01 20:33:16
19706,85,606,35,2025-10-09 21:40:22
19707,96,3949,34,2025-05-29 00:05:51
19708,21,2900,17,2025-04-13 09:26:36
19709,82,795,25,2025-02-11 07:24:11
19710,4,4704,21,2025-02-28 14:00:00
19711,69,2489,35,2025-08-02 16:24:09
19712,95,4899,89,2025-01-02 09:07:28
19713,57,2576,27,2025-02-22 21:26:09
19714,53,3482,76,2025-11-30 09:52:49
19715,63,4595,20,2026-01-12 09:10:16
19716,8,3220,10,2025-12-16 05:47:54
19717,5,1760,8,2025-02-04 20:49:43
19718,31,438,70,2025-12-22 21:02:56
19719,33,1013,95,2025-02-10 17:12:14
19720,95,693,5,2025-01-23 15:48:51
19721,37,1571,26,2025-05-28 15:51:14
19722,39,4471,36,2025-05-18 20:48:51
19723,43,2678,28,2026-01-04 10:44:15
19724,67,414,39,2025-07-22 14:48:36
19725,22,1149,7,2025-08-30 19:49:17
19726,89,1673,50,2025-04-07 13:27:49
19727,62,2281,3,2026-01-06 23:34:07
19728,5,2536,8,2025-02-14 07:20:02
19729,53,1265,78,2025-10-31 17:13:20
19730,95,2845,93,2025-02-01 15:59:23
19731,72,861,1,2025-12-26 12:35:46
19732,48,2168,85,2025-04-07 08:16:57
19733,54,3119,71,2025-01-17 00:43:02
19734,19,3258,58,2026-01-16 14:30:19
19735,62,4642,81,2025-08-04 05:33:25
19736,54,252,3,2025-09-01 00:15:54
19737,18,3722,73,2025-08-29 06:50:47
19738,39,3658,31,2025-12-25 18:12:36
19739,78,741,72,2025-09-09 08:59:49
19740,88,1179,79,2025-04-21 00:03:44
19741,52,989,60,2026-02-04 09:58:00
19742,80,1747,48,2025-07-29 07:53:03
19743,28,2803,91,2025-11-25 00:37:58
19744,27,4224,77,2025-10-26 16:16:06
19745,55,2635,24,2025-06-23 06:10:16
19746,32,4858,62,2025-09-05 02:47:55
19747,51,4447,66,2025-02-04 10:53:52
19748,93,811,56,2025-07-08 01:09:32
19749,67,4536,16,2025-08-17 18:41:45
19750,76,4941,41,2025-05-14 09:17:11
19751,76,1243,63,2025-02-27 13:29:26
19752,2,4543,20,2026-01-12 02:09:34
19753,80,3424,31,2025-08-23 22:57:50
19754,18,4834,90,2025-08-05 08:50:02
19755,13,2411,18,2025-03-02 13:35:11
19756,52,2934,77,2025-06-18 06:17:30
19757,82,2031,77,2025-10-20 11:33:36
19758,2,1946,70,2026-01-13 11:37:49
19759,45,4585,66,2025-08-22 21:14:20
19760,56,4664,41,2025-07-24 04:35:18
19761,9,3479,7,2025-12-01 08:01:11
19762,55,1709,8,2025-02-16 06:56:35
19763,80,1977,20,2026-02-04 20:31:01
19764,28,3823,43,2025-05-26 13:44:06
19765,97,2241,31,2025-06-03 12:36:40
19766,26,783,100,2025-10-05 14:29:58
19767,20,646,59,2025-06-27 04:04:03
19768,15,3616,82,2025-01-29 20:41:43
19769,51,3948,34,2025-12-12 04:11:04
19770,70,3459,85,2025-08-27 22:58:18
19771,8,2971,26,2025-12-01 14:55:04
19772,7,2949,45,2025-12-06 15:50:22
19773,79,3285,21,2026-01-10 15:44:02
19774,80,4482,29,2025-02-15 22:24:56
19775,61,2810,62,2025-01-06 21:39:33
19776,25,3409,1,2025-02-21 14:11:47
19777,90,1880,67,2025-07-18 11:20:11
19778,3,4597,3,2025-12-05 12:16:04
19779,84,1076,35,2025-05-09 14:51:16
19780,76,2577,81,2025-10-17 15:13:46
19781,52,1295,22,2025-01-02 02:18:34
19782,56,3188,70,2025-03-21 02:50:18
19783,81,123,12,2026-01-17 12:16:30
19784,48,1087,28,2025-11-15 10:49:40
19785,37,2154,20,2025-11-13 18:32:20
19786,17,3304,10,2025-12-15 02:20:55
19787,3,304,43,2025-03-30 06:30:36
19788,49,38,4,2025-08-29 22:38:37
19789,90,4195,85,2025-08-18 17:06:06
19790,57,627,52,2025-02-05 13:38:27
19791,52,3559,78,2025-08-29 01:34:34
19792,79,4829,96,2025-05-22 08:32:25
19793,23,2353,78,2025-06-07 13:21:42
19794,13,2273,84,2025-04-19 07:02:46
19795,22,3390,51,2025-11-09 10:44:17
19796,48,3352,69,2025-03-25 14:43:53
19797,92,3524,100,2025-03-01 02:17:28
19798,58,2128,0,2025-05-25 01:06:11
19799,79,2877,32,2026-01-23 08:25:29
19800,1,3961,52,2025-06-25 05:06:21
19801,31,2074,32,2025-11-18 08:16:30
19802,4,1844,16,2025-03-11 09:05:16
19803,99,4076,52,2025-10-10 19:53:48
19804,14,1143,18,2025-10-06 02:20:16
19805,39,2014,71,2025-06-13 06:58:58
19806,23,2544,11,2025-01-03 09:51:49
19807,98,3348,39,2025-12-14 21:57:50
19808,28,2341,10,2026-01-06 16:21:41
19809,34,801,8,2025-10-22 02:54:32
19810,20,2943,34,2025-09-16 10:44:33
19811,91,2512,31,2025-04-23 00:33:12
19812,93,551,83,2025-05-27 12:14:06
19813,45,4031,88,2025-10-30 04:38:55
19814,64,4276,43,2025-09-25 07:57:23
19815,12,1268,12,2025-02-03 23:24:02
19816,32,618,56,2025-08-07 09:27:14
19817,96,90,94,2025-09-22 04:46:50
19818,74,2723,5,2025-05-22 23:40:01
19819,41,186,62,2025-09-06 08:28:27
19820,56,2865,54,2025-09-30 07:55:58
19821,70,1698,89,2026-01-22 06:01:51
19822,41,1269,9,2025-10-15 05:56:57
19823,10,4612,97,2025-02-25 03:01:47
19824,18,4040,49,2025-08-18 05:18:29
19825,25,4148,48,2025-10-06 10:04:43
19826,36,666,76,2025-04-21 17:42:29
19827,2,3605,16,2025-01-04 23:18:50
19828,80,4248,95,2025-05-20 20:29:47
19829,100,2841,85,2025-07-11 21:36:04
19830,30,2464,34,2025-05-26 05:04:58
19831,19,1157,97,2025-06-30 07:27:58
19832,30,904,76,2025-04-08 00:46:53
19833,7,1352,49,2025-06-02 05:41:26
19834,91,4932,98,2025-12-29 07:17:14
19835,25,1954,41,2026-02-01 07:10:14
19836,21,3965,16,2025-08-06 05:21:29
19837,55,2630,2,2026-01-27 15:06:03
19838,43,3639,86,2025-05-09 16:00:16
19839,24,1251,40,2025-04-10 21:06:42
19840,90,4700,95,2025-07-29 00:23:09
19841,40,4685,26,2025-03-02 01:55:09
19842,63,4469,68,2025-09-08 01:38:13
19843,8,4602,34,2025-09-02 22:40:13
19844,77,4624,85,2025-02-03 01:23:49
19845,80,3191,12,2025-05-26 11:09:53
19846,5,3746,77,2025-04-12 02:49:51
19847,37,4293,67,2025-07-04 13:56:20
19848,70,3003,27,2026-01-31 00:50:29
19849,90,2830,95,2025-03-23 18:43:12
19850,38,1304,17,2025-10-17 17:45:56
19851,15,1772,52,2025-12-21 21:09:48
19852,97,1371,91,2025-10-24 13:38:52
19853,100,433,93,2025-08-26 06:50:33
19854,53,1833,40,2025-06-26 20:31:38
19855,54,2436,95,2025-08-29 19:07:33
19856,46,4576,68,2026-01-22 07:27:39
19857,22,4966,65,2025-04-06 14:03:09
19858,87,4632,92,2025-02-22 00:47:48
19859,39,555,89,2026-01-13 05:21:40
19860,73,4910,65,2025-08-26 06:39:43
19861,64,2694,41,2025-06-07 03:47:40
19862,99,2389,13,2025-01-11 23:51:18
19863,65,1700,32,2025-09-26 19:28:37
19864,98,4104,60,2025-02-18 13:10:32
19865,20,3976,69,2025-12-08 12:58:15
19866,92,1188,27,2026-01-24 05:26:08
19867,90,1201,57,2025-09-28 21:19:52
19868,1,1098,66,2025-08-18 07:54:53
19869,97,2647,21,2025-04-11 05:17:40
19870,53,3984,34,2025-12-25 15:18:13
19871,50,264,17,2025-10-17 02:34:48
19872,80,4238,86,2025-06-05 13:18:06
19873,55,1167,81,2025-01-18 08:45:17
19874,74,1594,30,2025-11-01 11:01:21
19875,9,4474,60,2025-07-11 22:39:13
19876,71,884,60,2025-06-07 20:52:21
19877,29,4079,58,2025-01-24 16:36:50
19878,74,1311,22,2025-01-14 10:45:45
19879,91,3701,46,2026-01-21 03:47:17
19880,95,653,52,2025-05-27 19:29:49
19881,48,197,35,2025-12-05 08:30:35
19882,28,3856,82,2025-12-14 11:08:18
19883,95,307,43,2025-03-06 02:46:04
19884,81,1066,50,2026-01-23 02:58:39
19885,93,2621,100,2025-08-22 02:56:01
19886,42,1209,21,2025-06-10 23:59:26
19887,38,890,79,2025-04-11 23:32:43
19888,66,3521,72,2025-04-13 23:11:50
19889,67,4826,83,2025-02-12 10:43:05
19890,83,293,76,2025-11-05 11:33:48
19891,57,195,20,2025-12-31 16:19:09
19892,68,3385,84,2025-01-24 00:30:48
19893,20,1056,57,2025-01-04 04:03:17
19894,85,1115,45,2025-07-13 10:56:42
19895,51,4976,79,2025-10-29 07:33:55
19896,34,834,56,2025-05-06 13:46:11
19897,79,1157,92,2025-12-02 01:32:09
19898,67,4180,51,2025-01-11 02:52:03
19899,11,2431,18,2025-03-04 18:29:01
19900,12,3003,69,2025-04-21 02:26:00
19901,17,1772,31,2025-10-04 07:11:24
19902,67,2515,49,2025-08-30 07:51:57
19903,48,2862,70,2025-07-02 19:51:38
19904,94,1108,47,2025-04-04 00:19:00
19905,1,2068,91,2025-09-28 03:23:43
19906,62,2819,12,2025-12-12 09:23:50
19907,63,4056,33,2025-04-14 11:36:52
19908,28,4396,89,2025-08-14 17:33:38
19909,40,783,42,2025-02-14 09:02:08
19910,59,1086,26,2025-08-31 00:27:15
19911,66,2091,32,2025-03-14 17:28:08
19912,53,4109,30,2026-01-09 17:28:52
19913,42,3607,3,2025-12-29 20:17:12
19914,72,546,10,2025-08-03 19:44:56
19915,95,4108,14,2025-01-09 06:38:00
19916,82,4208,85,2026-01-24 00:05:32
19917,59,3144,17,2025-02-01 04:21:01
19918,82,165,16,2025-05-26 11:57:22
19919,44,3919,43,2025-04-30 20:53:15
19920,31,561,35,2025-10-04 03:06:14
19921,56,3500,42,2026-01-12 15:06:36
19922,95,3403,39,2025-03-31 02:24:11
19923,91,1674,80,2025-05-11 06:08:16
19924,79,770,71,2025-08-15 07:01:13
19925,82,4751,14,2025-08-12 21:36:37
19926,81,2328,21,2025-11-07 06:19:34
19927,79,1983,87,2025-05-25 16:51:52
19928,73,1291,58,2025-08-12 14:03:19
19929,22,826,73,2025-02-14 18:10:48
19930,28,3489,51,2025-02-04 17:25:48
19931,2,1263,48,2025-06-19 17:30:59
19932,83,1488,28,2025-08-11 04:28:07
19933,95,1389,61,2025-07-14 12:57:56
19934,86,4932,3,2025-07-21 12:51:05
19935,17,1149,40,2025-05-14 22:31:48
19936,27,2847,58,2025-09-21 11:11:31
19937,95,3616,4,2025-12-20 03:40:51
19938,44,3592,87,2025-02-09 10:09:18
19939,44,1782,17,2025-11-17 18:52:43
19940,81,3053,84,2025-06-29 16:01:20
19941,57,603,45,2025-08-11 01:09:22
19942,82,848,75,2025-04-05 20:16:09
19943,77,1350,20,2025-10-18 23:48:28
19944,28,2039,59,2025-08-27 00:39:13
19945,94,3429,47,2025-09-28 10:04:16
19946,18,2324,85,2025-02-15 02:57:33
19947,9,1793,98,2025-10-16 05:29:59
19948,22,4020,64,2025-06-12 01:17:22
19949,67,364,5,2025-06-11 20:39:47
19950,92,2182,69,2025-07-10 22:16:50
19951,93,2793,12,2025-06-01 08:14:44
19952,40,3708,70,2025-08-18 01:52:17
19953,63,736,47,2025-08-24 08:26:16
19954,6,1444,36,2025-08-09 12:31:43
19955,89,3250,57,2025-07-22 16:37:33
19956,17,2534,21,2025-02-05 00:30:01
19957,66,3169,29,2025-01-26 09:58:17
19958,24,399,62,2025-07-29 12:11:28
19959,68,4140,24,2025-05-31 04:14:47
19960,33,4407,74,2025-08-01 18:08:55
19961,46,2716,0,2025-11-03 10:45:14
19962,53,3037,100,2025-11-16 16:15:18
19963,40,542,97,2025-12-15 00:59:14
19964,31,2163,39,2025-09-30 00:19:46
19965,78,4849,16,2025-05-29 14:25:12
19966,4,1993,78,2025-01-01 17:19:20
19967,8,1377,1,2025-01-14 01:47:07
19968,89,1272,86,2025-03-30 17:46:09
19969,22,2312,75,2025-03-10 17:15:44
19970,51,1521,88,2025-07-08 09:12:52
19971,15,1139,23,2025-12-21 21:51:51
19972,35,4219,78,2025-05-26 16:03:26
19973,56,2141,52,2025-10-13 10:35:10
19974,23,4512,92,2025-04-18 08:47:07
19975,91,502,24,2026-01-08 01:25:29
19976,67,4891,69,2025-10-20 03:22:02
19977,53,848,56,2025-02-05 09:16:52
19978,88,3525,92,2025-10-31 07:46:35
19979,12,3513,54,2025-09-04 01:55:57
19980,38,2175,8,2025-07-21 01:46:32
19981,12,3757,50,2025-06-18 20:42:59
19982,99,4878,52,2025-05-13 06:38:14
19983,82,54,43,2025-03-20 17:37:08
19984,59,4673,49,2025-08-29 21:57:03
19985,74,2017,25,2025-08-14 15:42:13
19986,50,1706,77,2025-03-06 19:42:06
19987,25,1135,6,2025-03-08 06:35:49
19988,9,1660,49,2025-12-13 00:10:46
19989,88,4066,74,2025-12-18 11:13:04
19990,3,1399,57,2025-06-06 19:17:00
19991,36,4290,67,2025-07-30 06:01:04
19992,83,130,57,2025-12-02 05:42:30
19993,54,4355,63,2026-01-17 14:18:55
19994,18,1585,44,2025-11-02 00:55:16
19995,61,2745,70,2025-03-02 11:32:44
19996,90,4393,36,2025-04-29 08:29:09
19997,89,1781,13,2026-01-17 22:46:19
19998,6,2524,0,2026-01-05 13:46:01
19999,43,4668,39,2025-05-04 15:08:25
20000,79,1307,96,2025-05-27 11:32:05
