lesson_id,course_id,lesson_title,content,created_at
1,183,Lesson 1,Lesson content,2024-07-31T16:07:08
2,96,Lesson 2,Lesson content,2024-01-05T02:35:38
3,36,Lesson 3,Lesson content,2024-09-18T06:58:04
4,114,Lesson 4,Lesson content,2024-01-04T07:00:12
5,37,Lesson 5,Lesson content,2024-11-18T23:54:28
6,14,Lesson 6,Lesson content,2024-01-27T09:21:29
7,155,Lesson 7,Lesson content,2024-01-05T15:29:18
8,123,Lesson 8,Lesson content,2024-06-08T17:06:58
9,83,Lesson 9,Lesson content,2024-02-07T22:37:06
10,159,Lesson 10,Lesson content,2024-07-22T23:49:04
11,73,Lesson 11,Lesson content,2024-02-10T08:29:09
12,102,Lesson 12,Lesson content,2024-09-23T05:19:08
13,81,Lesson 13,Lesson content,2024-06-22T04:28:57
14,83,Lesson 14,Lesson content,2024-05-16T12:22:13
15,44,Lesson 15,Lesson content,2024-03-26T05:06:30
16,68,Lesson 16,Lesson content,2024-10-08T15:49:33
17,48,Lesson 17,Lesson content,2024-04-20T00:31:10
18,57,Lesson 18,Lesson content,2024-04-07T19:50:30
19,75,Lesson 19,Lesson content,2024-03-15T23:37:54
20,22,Lesson 20,Lesson content,2024-01-14T05:17:32
21,132,Lesson 21,Lesson content,2024-01-10T04:54:15
22,200,Lesson 22,Lesson content,2024-08-28T13:12:02
23,46,Lesson 23,Lesson content,2024-02-05T16:57:17
24,187,Lesson 24,Lesson content,2024-01-23T02:10:40
25,162,Lesson 25,Lesson content,2024-12-30T11:30:17
26,11,Lesson 26,Lesson content,2024-08-18T17:46:22
27,31,Lesson 27,Lesson content,2024-09-12T00:00:25
28,139,Lesson 28,Lesson content,2024-12-13T04:22:33
29,120,Lesson 29,Lesson content,2024-11-20T11:02:36
30,56,Lesson 30,Lesson content,2024-03-25T04:57:10
31,38,Lesson 31,Lesson content,2024-08-20T18:40:22
32,21,Lesson 32,Lesson content,2024-09-04T19:21:48
33,110,Lesson 33,Lesson content,2024-02-17T07:09:58
34,94,Lesson 34,Lesson content,2024-10-01T23:44:17
35,138,Lesson 35,Lesson content,2024-02-16T14:16:03
36,154,Lesson 36,Lesson content,2024-02-03T13:10:45
37,136,Lesson 37,Lesson content,2024-11-28T14:36:25
38,8,Lesson 38,Lesson content,2024-08-22T20:04:48
39,188,Lesson 39,Lesson content,2024-02-20T10:49:24
40,72,Lesson 40,Lesson content,2024-05-26T00:11:11
41,119,Lesson 41,Lesson content,2024-09-11T22:02:28
42,34,Lesson 42,Lesson content,2024-10-23T15:40:13
43,144,Lesson 43,Lesson content,2024-12-15T11:38:59
44,105,Lesson 44,Lesson content,2024-09-08T14:55:12
45,141,Lesson 45,Lesson content,2024-08-07T20:08:37
46,87,Lesson 46,Lesson content,2024-11-07T22:22:01
47,150,Lesson 47,Lesson content,2024-03-12T18:10:05
48,155,Lesson 48,Lesson content,2024-12-13T23:20:25
49,64,Lesson 49,Lesson content,2024-02-13T01:09:03
50,2,Lesson 50,Lesson content,2024-09-27T03:57:42
51,109,Lesson 51,Lesson content,2024-03-12T13:27:20
52,26,Lesson 52,Lesson content,2024-04-08T09:15:36
53,83,Lesson 53,Lesson content,2024-04-24T09:34:42
54,107,Lesson 54,Lesson content,2024-06-30T08:20:29
55,69,Lesson 55,Lesson content,2024-09-13T12:05:58
56,97,Lesson 56,Lesson content,2024-12-29T13:50:57
57,30,Lesson 57,Lesson content,2024-01-30T09:42:26
58,8,Lesson 58,Lesson content,2024-09-05T01:51:57
59,38,Lesson 59,Lesson content,2024-06-25T02:24:07
60,189,Lesson 60,Lesson content,2024-12-24T08:08:39
61,81,Lesson 61,Lesson content,2024-04-17T08:04:53
62,108,Lesson 62,Lesson content,2024-10-25T18:56:48
63,65,Lesson 63,Lesson content,2024-06-14T19:46:25
64,67,Lesson 64,Lesson content,2024-09-25T19:58:18
65,174,Lesson 65,Lesson content,2024-12-16T20:13:08
66,90,Lesson 66,Lesson content,2024-09-16T06:17:20
67,95,Lesson 67,Lesson content,2024-10-25T23:48:23
68,72,Lesson 68,Lesson content,2024-10-26T02:02:06
69,43,Lesson 69,Lesson content,2024-05-05T14:20:41
70,187,Lesson 70,Lesson content,2024-04-09T22:33:03
71,46,Lesson 71,Lesson content,2024-03-03T21:37:58
72,200,Lesson 72,Lesson content,2024-10-30T04:56:35
73,125,Lesson 73,Lesson content,2024-01-29T17:42:09
74,163,Lesson 74,Lesson content,2024-04-17T16:30:23
75,39,Lesson 75,Lesson content,2024-10-28T19:09:08
76,51,Lesson 76,Lesson content,2024-01-25T05:29:33
77,4,Lesson 77,Lesson content,2024-05-28T15:56:43
78,121,Lesson 78,Lesson content,2024-05-30T21:55:31
79,80,Lesson 79,Lesson content,2024-05-09T04:34:00
80,77,Lesson 80,Lesson content,2024-01-24T07:47:13
81,179,Lesson 81,Lesson content,2024-04-10T06:57:29
82,133,Lesson 82,Lesson content,2024-11-11T15:51:11
83,55,Lesson 83,Lesson content,2024-04-12T18:51:18
84,20,Lesson 84,Lesson content,2024-03-10T02:25:22
85,152,Lesson 85,Lesson content,2024-06-20T02:27:18
86,164,Lesson 86,Lesson content,2024-01-27T22:50:26
87,34,Lesson 87,Lesson content,2024-07-09T23:10:45
88,122,Lesson 88,Lesson content,2024-12-26T15:03:05
89,109,Lesson 89,Lesson content,2024-03-18T22:22:18
90,126,Lesson 90,Lesson content,2024-08-25T00:25:33
91,54,Lesson 91,Lesson content,2024-06-01T11:37:05
92,162,Lesson 92,Lesson content,2024-03-10T07:12:05
93,145,Lesson 93,Lesson content,2024-09-07T16:20:21
94,133,Lesson 94,Lesson content,2024-07-10T02:18:23
95,89,Lesson 95,Lesson content,2024-02-12T02:38:42
96,146,Lesson 96,Lesson content,2024-02-25T20:59:23
97,183,Lesson 97,Lesson content,2024-07-28T23:03:24
98,53,Lesson 98,Lesson content,2024-10-25T12:52:17
99,50,Lesson 99,Lesson content,2024-06-16T11:34:28
100,72,Lesson 100,Lesson content,2024-03-25T19:30:34
101,173,Lesson 101,Lesson content,2024-08-26T10:34:50
102,141,Lesson 102,Lesson content,2024-09-06T20:20:46
103,16,Lesson 103,Lesson content,2024-02-11T06:19:08
104,13,Lesson 104,Lesson content,2024-12-20T10:08:04
105,20,Lesson 105,Lesson content,2024-06-20T11:50:23
106,66,Lesson 106,Lesson content,2024-10-04T20:00:51
107,47,Lesson 107,Lesson content,2024-04-10T14:01:12
108,147,Lesson 108,Lesson content,2024-02-10T02:42:20
109,173,Lesson 109,Lesson content,2024-01-14T12:55:37
110,165,Lesson 110,Lesson content,2024-01-29T07:39:32
111,122,Lesson 111,Lesson content,2024-01-28T08:17:25
112,54,Lesson 112,Lesson content,2024-08-09T21:19:02
113,6,Lesson 113,Lesson content,2024-10-09T13:12:44
114,14,Lesson 114,Lesson content,2024-04-07T07:43:38
115,132,Lesson 115,Lesson content,2024-10-28T20:22:31
116,86,Lesson 116,Lesson content,2024-06-22T03:55:19
117,183,Lesson 117,Lesson content,2024-01-08T06:54:01
118,162,Lesson 118,Lesson content,2024-12-14T04:06:04
119,27,Lesson 119,Lesson content,2024-07-12T06:54:47
120,7,Lesson 120,Lesson content,2024-02-27T19:25:20
121,131,Lesson 121,Lesson content,2024-09-10T13:08:45
122,175,Lesson 122,Lesson content,2024-09-05T16:21:26
123,2,Lesson 123,Lesson content,2024-01-01T08:05:13
124,80,Lesson 124,Lesson content,2024-12-28T07:11:59
125,153,Lesson 125,Lesson content,2024-01-15T16:39:13
126,60,Lesson 126,Lesson content,2024-09-15T02:34:31
127,24,Lesson 127,Lesson content,2024-05-31T15:34:22
128,15,Lesson 128,Lesson content,2024-04-13T11:22:04
129,95,Lesson 129,Lesson content,2024-02-28T21:05:02
130,142,Lesson 130,Lesson content,2024-09-28T20:59:14
131,182,Lesson 131,Lesson content,2024-05-08T02:14:47
132,134,Lesson 132,Lesson content,2024-12-17T07:38:47
133,81,Lesson 133,Lesson content,2024-05-31T23:27:48
134,18,Lesson 134,Lesson content,2024-08-11T04:02:07
135,20,Lesson 135,Lesson content,2024-01-02T10:31:17
136,115,Lesson 136,Lesson content,2024-07-19T03:43:03
137,190,Lesson 137,Lesson content,2024-10-01T19:21:45
138,40,Lesson 138,Lesson content,2024-10-26T10:09:12
139,39,Lesson 139,Lesson content,2024-07-09T13:27:50
140,180,Lesson 140,Lesson content,2024-07-04T16:34:56
141,32,Lesson 141,Lesson content,2024-06-18T08:21:07
142,124,Lesson 142,Lesson content,2024-06-05T20:44:22
143,108,Lesson 143,Lesson content,2024-11-23T19:06:29
144,27,Lesson 144,Lesson content,2024-10-09T15:17:02
145,110,Lesson 145,Lesson content,2024-10-30T06:51:38
146,180,Lesson 146,Lesson content,2024-11-11T10:57:28
147,97,Lesson 147,Lesson content,2024-11-01T00:17:17
148,191,Lesson 148,Lesson content,2024-01-28T05:22:35
149,74,Lesson 149,Lesson content,2024-07-28T18:21:52
150,191,Lesson 150,Lesson content,2024-03-28T17:02:42
151,17,Lesson 151,Lesson content,2024-01-02T06:49:36
152,49,Lesson 152,Lesson content,2024-05-29T07:05:24
153,81,Lesson 153,Lesson content,2024-09-24T16:22:51
154,116,Lesson 154,Lesson content,2024-11-13T16:05:42
155,23,Lesson 155,Lesson content,2024-10-29T20:32:28
156,98,Lesson 156,Lesson content,2024-07-06T05:11:02
157,72,Lesson 157,Lesson content,2024-02-17T01:41:59
158,141,Lesson 158,Lesson content,2024-08-08T07:05:46
159,151,Lesson 159,Lesson content,2024-07-26T21:23:44
160,57,Lesson 160,Lesson content,2024-12-29T03:13:29
161,190,Lesson 161,Lesson content,2024-05-19T09:21:40
162,182,Lesson 162,Lesson content,2024-05-09T11:53:00
163,148,Lesson 163,Lesson content,2024-09-21T19:10:10
164,86,Lesson 164,Lesson content,2024-04-27T14:33:44
165,180,Lesson 165,Lesson content,2024-06-04T14:00:02
166,23,Lesson 166,Lesson content,2024-01-22T10:27:05
167,105,Lesson 167,Lesson content,2024-09-02T13:12:25
168,163,Lesson 168,Lesson content,2024-09-08T07:10:14
169,67,Lesson 169,Lesson content,2024-02-05T05:04:38
170,34,Lesson 170,Lesson content,2024-05-21T21:21:31
171,33,Lesson 171,Lesson content,2024-07-26T15:04:41
172,46,Lesson 172,Lesson content,2024-11-27T09:43:28
173,81,Lesson 173,Lesson content,2024-05-12T01:36:53
174,173,Lesson 174,Lesson content,2024-02-01T05:54:41
175,147,Lesson 175,Lesson content,2024-11-22T16:22:50
176,87,Lesson 176,Lesson content,2024-06-27T12:08:57
177,15,Lesson 177,Lesson content,2024-10-22T07:56:11
178,123,Lesson 178,Lesson content,2024-10-24T16:22:23
179,121,Lesson 179,Lesson content,2024-04-22T14:36:38
180,78,Lesson 180,Lesson content,2024-09-08T13:51:51
181,66,Lesson 181,Lesson content,2024-03-19T21:13:12
182,39,Lesson 182,Lesson content,2024-03-09T14:12:06
183,18,Lesson 183,Lesson content,2024-08-03T08:05:09
184,198,Lesson 184,Lesson content,2024-01-16T06:35:35
185,187,Lesson 185,Lesson content,2024-05-29T04:39:53
186,160,Lesson 186,Lesson content,2024-09-13T14:29:17
187,21,Lesson 187,Lesson content,2024-03-15T04:16:42
188,168,Lesson 188,Lesson content,2024-04-26T01:40:24
189,27,Lesson 189,Lesson content,2024-09-27T06:05:34
190,2,Lesson 190,Lesson content,2024-05-31T12:02:22
191,97,Lesson 191,Lesson content,2024-12-14T03:37:09
192,39,Lesson 192,Lesson content,2024-02-11T11:09:00
193,56,Lesson 193,Lesson content,2024-09-01T21:46:37
194,107,Lesson 194,Lesson content,2024-09-24T12:28:41
195,127,Lesson 195,Lesson content,2024-05-19T12:33:22
196,13,Lesson 196,Lesson content,2024-07-07T22:32:30
197,126,Lesson 197,Lesson content,2024-02-02T22:58:32
198,184,Lesson 198,Lesson content,2024-12-09T18:47:38
199,194,Lesson 199,Lesson content,2024-09-02T18:02:31
200,56,Lesson 200,Lesson content,2024-06-19T02:18:15
201,28,Lesson 201,Lesson content,2024-10-12T13:43:05
202,64,Lesson 202,Lesson content,2024-03-14T13:56:13
203,71,Lesson 203,Lesson content,2024-02-24T08:21:46
204,192,Lesson 204,Lesson content,2024-01-14T20:43:55
205,184,Lesson 205,Lesson content,2024-03-15T23:45:16
206,169,Lesson 206,Lesson content,2024-01-10T20:24:54
207,119,Lesson 207,Lesson content,2024-10-06T12:27:14
208,100,Lesson 208,Lesson content,2024-08-18T06:39:07
209,41,Lesson 209,Lesson content,2024-04-02T14:50:33
210,4,Lesson 210,Lesson content,2024-07-08T23:58:40
211,185,Lesson 211,Lesson content,2024-05-30T23:34:33
212,158,Lesson 212,Lesson content,2024-01-25T11:08:01
213,88,Lesson 213,Lesson content,2024-11-03T20:51:52
214,84,Lesson 214,Lesson content,2024-07-28T22:18:36
215,46,Lesson 215,Lesson content,2024-09-06T20:59:37
216,184,Lesson 216,Lesson content,2024-04-29T12:15:34
217,159,Lesson 217,Lesson content,2024-07-13T01:23:37
218,88,Lesson 218,Lesson content,2024-07-26T08:40:54
219,7,Lesson 219,Lesson content,2024-11-19T23:46:34
220,77,Lesson 220,Lesson content,2024-11-11T06:19:12
221,182,Lesson 221,Lesson content,2024-06-23T11:50:50
222,136,Lesson 222,Lesson content,2024-01-07T09:01:46
223,183,Lesson 223,Lesson content,2024-01-15T09:15:46
224,197,Lesson 224,Lesson content,2024-05-11T18:21:59
225,172,Lesson 225,Lesson content,2024-01-22T18:27:55
226,141,Lesson 226,Lesson content,2024-05-11T03:45:55
227,93,Lesson 227,Lesson content,2024-11-01T22:37:41
228,20,Lesson 228,Lesson content,2024-10-07T00:19:07
229,78,Lesson 229,Lesson content,2024-01-17T15:03:37
230,160,Lesson 230,Lesson content,2024-06-06T11:36:25
231,188,Lesson 231,Lesson content,2024-02-15T21:35:01
232,178,Lesson 232,Lesson content,2024-03-23T04:59:00
233,27,Lesson 233,Lesson content,2024-11-09T10:45:06
234,120,Lesson 234,Lesson content,2024-09-10T22:19:23
235,25,Lesson 235,Lesson content,2024-09-16T03:50:23
236,52,Lesson 236,Lesson content,2024-07-22T03:49:42
237,196,Lesson 237,Lesson content,2024-06-27T00:19:17
238,21,Lesson 238,Lesson content,2024-09-20T08:08:36
239,18,Lesson 239,Lesson content,2024-12-03T22:51:07
240,39,Lesson 240,Lesson content,2024-12-05T12:39:03
241,15,Lesson 241,Lesson content,2024-07-27T09:06:52
242,53,Lesson 242,Lesson content,2024-02-27T20:20:54
243,38,Lesson 243,Lesson content,2024-10-14T19:06:02
244,176,Lesson 244,Lesson content,2024-08-12T23:53:36
245,52,Lesson 245,Lesson content,2024-03-31T11:35:01
246,72,Lesson 246,Lesson content,2024-12-25T03:54:29
247,28,Lesson 247,Lesson content,2024-01-28T23:24:02
248,144,Lesson 248,Lesson content,2024-01-15T07:43:29
249,118,Lesson 249,Lesson content,2024-10-12T14:58:53
250,144,Lesson 250,Lesson content,2024-02-24T23:43:07
251,35,Lesson 251,Lesson content,2024-07-08T20:49:44
252,145,Lesson 252,Lesson content,2024-09-10T22:09:05
253,99,Lesson 253,Lesson content,2024-01-08T09:40:48
254,52,Lesson 254,Lesson content,2024-07-02T00:05:07
255,140,Lesson 255,Lesson content,2024-12-18T07:31:11
256,83,Lesson 256,Lesson content,2024-12-22T12:33:28
257,48,Lesson 257,Lesson content,2024-08-28T03:38:44
258,22,Lesson 258,Lesson content,2024-01-18T18:54:09
259,123,Lesson 259,Lesson content,2024-04-04T05:57:55
260,127,Lesson 260,Lesson content,2024-09-29T08:33:36
261,177,Lesson 261,Lesson content,2024-09-08T23:07:39
262,52,Lesson 262,Lesson content,2024-02-20T16:41:59
263,79,Lesson 263,Lesson content,2024-01-06T13:53:36
264,129,Lesson 264,Lesson content,2024-03-07T21:28:37
265,66,Lesson 265,Lesson content,2024-09-02T16:49:55
266,64,Lesson 266,Lesson content,2024-01-20T09:38:32
267,8,Lesson 267,Lesson content,2024-12-17T08:03:51
268,25,Lesson 268,Lesson content,2024-04-29T08:35:29
269,194,Lesson 269,Lesson content,2024-11-14T17:50:38
270,198,Lesson 270,Lesson content,2024-11-04T05:47:35
271,94,Lesson 271,Lesson content,2024-02-07T18:49:45
272,179,Lesson 272,Lesson content,2024-06-26T03:56:54
273,181,Lesson 273,Lesson content,2024-08-25T09:02:17
274,15,Lesson 274,Lesson content,2024-03-07T06:56:25
275,178,Lesson 275,Lesson content,2024-11-20T10:02:47
276,199,Lesson 276,Lesson content,2024-08-17T12:54:55
277,122,Lesson 277,Lesson content,2024-01-25T20:07:41
278,75,Lesson 278,Lesson content,2024-11-13T14:27:00
279,104,Lesson 279,Lesson content,2024-11-13T11:22:34
280,38,Lesson 280,Lesson content,2024-02-11T07:04:43
281,168,Lesson 281,Lesson content,2024-02-14T08:13:54
282,194,Lesson 282,Lesson content,2024-07-12T01:42:47
283,115,Lesson 283,Lesson content,2024-08-19T01:35:28
284,39,Lesson 284,Lesson content,2024-11-06T08:51:10
285,108,Lesson 285,Lesson content,2024-08-27T02:04:25
286,17,Lesson 286,Lesson content,2024-03-26T15:53:05
287,135,Lesson 287,Lesson content,2024-01-25T12:13:43
288,118,Lesson 288,Lesson content,2024-11-08T10:03:01
289,39,Lesson 289,Lesson content,2024-03-19T16:45:08
290,196,Lesson 290,Lesson content,2024-06-14T12:34:43
291,35,Lesson 291,Lesson content,2024-05-11T00:15:56
292,51,Lesson 292,Lesson content,2024-11-11T03:55:27
293,47,Lesson 293,Lesson content,2024-11-20T15:06:53
294,36,Lesson 294,Lesson content,2024-10-13T13:59:28
295,64,Lesson 295,Lesson content,2024-09-20T11:07:34
296,95,Lesson 296,Lesson content,2024-06-05T02:59:30
297,105,Lesson 297,Lesson content,2024-05-05T22:05:19
298,13,Lesson 298,Lesson content,2024-02-16T21:57:37
299,146,Lesson 299,Lesson content,2024-09-22T16:09:57
300,149,Lesson 300,Lesson content,2024-08-11T16:24:05
301,112,Lesson 301,Lesson content,2024-07-31T00:00:54
302,65,Lesson 302,Lesson content,2024-02-23T08:00:10
303,8,Lesson 303,Lesson content,2024-05-04T21:26:05
304,48,Lesson 304,Lesson content,2024-11-20T20:03:55
305,85,Lesson 305,Lesson content,2024-11-04T00:14:36
306,43,Lesson 306,Lesson content,2024-03-23T19:27:53
307,181,Lesson 307,Lesson content,2024-10-23T19:07:12
308,85,Lesson 308,Lesson content,2024-01-18T16:53:50
309,155,Lesson 309,Lesson content,2024-08-18T07:57:18
310,19,Lesson 310,Lesson content,2024-03-08T08:38:57
311,23,Lesson 311,Lesson content,2024-05-10T07:07:17
312,115,Lesson 312,Lesson content,2024-01-25T13:16:14
313,50,Lesson 313,Lesson content,2024-02-16T21:25:46
314,179,Lesson 314,Lesson content,2024-04-16T08:52:16
315,43,Lesson 315,Lesson content,2024-02-24T20:25:20
316,99,Lesson 316,Lesson content,2024-10-21T04:52:42
317,104,Lesson 317,Lesson content,2024-06-10T05:31:07
318,116,Lesson 318,Lesson content,2024-03-06T06:20:50
319,51,Lesson 319,Lesson content,2024-09-27T09:56:49
320,106,Lesson 320,Lesson content,2024-05-23T15:58:21
321,112,Lesson 321,Lesson content,2024-08-02T22:08:02
322,197,Lesson 322,Lesson content,2024-03-05T01:58:06
323,169,Lesson 323,Lesson content,2024-06-19T08:37:07
324,72,Lesson 324,Lesson content,2024-04-04T14:55:56
325,139,Lesson 325,Lesson content,2024-12-25T11:55:16
326,80,Lesson 326,Lesson content,2024-08-14T00:30:03
327,180,Lesson 327,Lesson content,2024-01-16T19:20:28
328,151,Lesson 328,Lesson content,2024-02-21T19:06:24
329,49,Lesson 329,Lesson content,2024-02-08T19:46:04
330,166,Lesson 330,Lesson content,2024-11-03T05:08:30
331,47,Lesson 331,Lesson content,2024-11-25T02:01:48
332,72,Lesson 332,Lesson content,2024-09-02T12:28:51
333,7,Lesson 333,Lesson content,2024-08-25T20:22:06
334,66,Lesson 334,Lesson content,2024-05-26T01:47:43
335,77,Lesson 335,Lesson content,2024-10-29T00:19:54
336,62,Lesson 336,Lesson content,2024-03-02T06:22:14
337,157,Lesson 337,Lesson content,2024-01-07T01:41:06
338,38,Lesson 338,Lesson content,2024-12-07T14:43:02
339,125,Lesson 339,Lesson content,2024-07-08T02:51:57
340,84,Lesson 340,Lesson content,2024-02-01T08:23:21
341,161,Lesson 341,Lesson content,2024-01-03T11:10:56
342,29,Lesson 342,Lesson content,2024-01-03T19:19:57
343,114,Lesson 343,Lesson content,2024-03-10T16:14:56
344,79,Lesson 344,Lesson content,2024-12-25T16:13:19
345,23,Lesson 345,Lesson content,2024-02-04T14:51:23
346,106,Lesson 346,Lesson content,2024-10-01T11:18:21
347,131,Lesson 347,Lesson content,2024-09-10T02:48:15
348,101,Lesson 348,Lesson content,2024-08-18T13:58:10
349,173,Lesson 349,Lesson content,2024-12-10T10:38:53
350,8,Lesson 350,Lesson content,2024-04-20T04:34:10
351,86,Lesson 351,Lesson content,2024-06-10T15:28:20
352,117,Lesson 352,Lesson content,2024-09-26T07:55:16
353,29,Lesson 353,Lesson content,2024-11-09T13:37:24
354,2,Lesson 354,Lesson content,2024-11-03T16:13:07
355,113,Lesson 355,Lesson content,2024-10-27T00:48:22
356,178,Lesson 356,Lesson content,2024-07-03T20:45:28
357,65,Lesson 357,Lesson content,2024-09-25T21:14:50
358,108,Lesson 358,Lesson content,2024-02-19T06:43:23
359,20,Lesson 359,Lesson content,2024-03-21T01:33:09
360,180,Lesson 360,Lesson content,2024-02-25T13:40:31
361,37,Lesson 361,Lesson content,2024-09-05T11:36:28
362,72,Lesson 362,Lesson content,2024-04-15T05:26:04
363,27,Lesson 363,Lesson content,2024-07-22T03:31:22
364,175,Lesson 364,Lesson content,2024-06-23T22:12:38
365,123,Lesson 365,Lesson content,2024-06-09T00:24:37
366,134,Lesson 366,Lesson content,2024-04-02T22:00:23
367,188,Lesson 367,Lesson content,2024-12-30T07:37:44
368,45,Lesson 368,Lesson content,2024-03-08T18:54:50
369,172,Lesson 369,Lesson content,2024-08-25T02:37:35
370,83,Lesson 370,Lesson content,2024-09-25T14:51:53
371,146,Lesson 371,Lesson content,2024-01-15T14:39:18
372,120,Lesson 372,Lesson content,2024-08-19T13:39:27
373,65,Lesson 373,Lesson content,2024-03-10T21:43:33
374,25,Lesson 374,Lesson content,2024-10-05T12:46:36
375,27,Lesson 375,Lesson content,2024-07-13T03:17:25
376,135,Lesson 376,Lesson content,2024-08-25T16:43:03
377,172,Lesson 377,Lesson content,2024-02-04T04:25:01
378,106,Lesson 378,Lesson content,2024-08-31T13:50:59
379,157,Lesson 379,Lesson content,2024-11-16T23:23:07
380,44,Lesson 380,Lesson content,2024-10-30T22:12:09
381,107,Lesson 381,Lesson content,2024-04-26T23:23:07
382,36,Lesson 382,Lesson content,2024-05-15T02:13:48
383,147,Lesson 383,Lesson content,2024-06-11T15:22:02
384,6,Lesson 384,Lesson content,2024-01-02T18:35:45
385,153,Lesson 385,Lesson content,2024-08-04T14:14:15
386,159,Lesson 386,Lesson content,2024-04-01T12:18:53
387,9,Lesson 387,Lesson content,2024-03-15T12:39:51
388,165,Lesson 388,Lesson content,2024-02-15T15:15:08
389,155,Lesson 389,Lesson content,2024-07-24T21:48:46
390,13,Lesson 390,Lesson content,2024-02-07T03:50:17
391,41,Lesson 391,Lesson content,2024-08-28T08:45:40
392,128,Lesson 392,Lesson content,2024-05-20T13:09:52
393,66,Lesson 393,Lesson content,2024-12-01T01:14:10
394,85,Lesson 394,Lesson content,2024-10-22T14:13:45
395,24,Lesson 395,Lesson content,2024-07-28T14:34:52
396,44,Lesson 396,Lesson content,2024-07-16T02:37:21
397,106,Lesson 397,Lesson content,2024-03-26T03:48:06
398,98,Lesson 398,Lesson content,2024-06-29T06:48:24
399,60,Lesson 399,Lesson content,2024-10-26T04:00:28
400,9,Lesson 400,Lesson content,2024-08-31T07:04:11
401,130,Lesson 401,Lesson content,2024-09-13T01:22:28
402,56,Lesson 402,Lesson content,2024-03-21T19:42:49
403,158,Lesson 403,Lesson content,2024-04-17T08:28:57
404,22,Lesson 404,Lesson content,2024-01-21T14:38:20
405,81,Lesson 405,Lesson content,2024-03-16T05:35:30
406,100,Lesson 406,Lesson content,2024-02-13T18:14:43
407,13,Lesson 407,Lesson content,2024-11-05T08:58:15
408,71,Lesson 408,Lesson content,2024-02-27T22:48:25
409,16,Lesson 409,Lesson content,2024-09-23T02:56:04
410,45,Lesson 410,Lesson content,2024-11-23T16:36:55
411,65,Lesson 411,Lesson content,2024-12-19T23:39:00
412,139,Lesson 412,Lesson content,2024-07-03T05:50:53
413,70,Lesson 413,Lesson content,2024-07-12T05:10:27
414,148,Lesson 414,Lesson content,2024-03-09T11:27:25
415,99,Lesson 415,Lesson content,2024-03-03T01:04:02
416,191,Lesson 416,Lesson content,2024-09-17T06:10:55
417,101,Lesson 417,Lesson content,2024-12-24T07:56:09
418,105,Lesson 418,Lesson content,2024-01-17T17:51:59
419,140,Lesson 419,Lesson content,2024-01-21T23:34:25
420,190,Lesson 420,Lesson content,2024-09-07T10:32:19
421,94,Lesson 421,Lesson content,2024-05-21T10:31:31
422,42,Lesson 422,Lesson content,2024-04-20T16:59:38
423,83,Lesson 423,Lesson content,2024-03-22T09:31:05
424,197,Lesson 424,Lesson content,2024-06-17T19:26:00
425,186,Lesson 425,Lesson content,2024-04-07T15:02:52
426,133,Lesson 426,Lesson content,2024-05-09T19:51:06
427,105,Lesson 427,Lesson content,2024-08-27T13:10:22
428,155,Lesson 428,Lesson content,2024-11-08T16:34:34
429,28,Lesson 429,Lesson content,2024-12-11T16:08:35
430,26,Lesson 430,Lesson content,2024-10-21T12:52:30
431,116,Lesson 431,Lesson content,2024-06-24T23:38:31
432,49,Lesson 432,Lesson content,2024-01-17T19:44:53
433,149,Lesson 433,Lesson content,2024-02-10T13:16:30
434,1,Lesson 434,Lesson content,2024-10-14T13:11:08
435,92,Lesson 435,Lesson content,2024-01-21T08:55:50
436,58,Lesson 436,Lesson content,2024-12-25T04:19:57
437,79,Lesson 437,Lesson content,2024-07-27T16:33:51
438,183,Lesson 438,Lesson content,2024-03-09T07:23:28
439,81,Lesson 439,Lesson content,2024-03-02T09:05:30
440,26,Lesson 440,Lesson content,2024-11-01T01:18:58
441,153,Lesson 441,Lesson content,2024-01-12T06:54:27
442,77,Lesson 442,Lesson content,2024-07-07T09:05:59
443,161,Lesson 443,Lesson content,2024-07-18T23:15:01
444,72,Lesson 444,Lesson content,2024-02-15T01:48:18
445,69,Lesson 445,Lesson content,2024-01-28T12:27:30
446,6,Lesson 446,Lesson content,2024-12-13T14:44:33
447,23,Lesson 447,Lesson content,2024-04-01T09:09:12
448,158,Lesson 448,Lesson content,2024-10-07T03:57:50
449,54,Lesson 449,Lesson content,2024-06-21T18:01:52
450,87,Lesson 450,Lesson content,2024-08-18T04:25:35
451,11,Lesson 451,Lesson content,2024-08-13T03:46:17
452,159,Lesson 452,Lesson content,2024-05-06T14:16:55
453,134,Lesson 453,Lesson content,2024-06-11T17:58:50
454,11,Lesson 454,Lesson content,2024-03-18T04:29:50
455,77,Lesson 455,Lesson content,2024-10-17T03:21:11
456,12,Lesson 456,Lesson content,2024-09-19T20:43:22
457,194,Lesson 457,Lesson content,2024-12-14T21:26:27
458,53,Lesson 458,Lesson content,2024-05-06T11:36:13
459,99,Lesson 459,Lesson content,2024-03-30T08:20:41
460,36,Lesson 460,Lesson content,2024-10-29T12:34:33
461,145,Lesson 461,Lesson content,2024-02-12T18:30:45
462,28,Lesson 462,Lesson content,2024-05-06T15:46:21
463,150,Lesson 463,Lesson content,2024-03-29T11:04:57
464,102,Lesson 464,Lesson content,2024-02-08T02:01:26
465,7,Lesson 465,Lesson content,2024-04-02T02:06:11
466,15,Lesson 466,Lesson content,2024-10-13T12:18:30
467,139,Lesson 467,Lesson content,2024-06-09T05:40:06
468,24,Lesson 468,Lesson content,2024-12-03T19:55:40
469,195,Lesson 469,Lesson content,2024-03-18T15:43:24
470,30,Lesson 470,Lesson content,2024-05-25T20:12:55
471,198,Lesson 471,Lesson content,2024-12-12T04:07:31
472,66,Lesson 472,Lesson content,2024-03-26T16:43:33
473,61,Lesson 473,Lesson content,2024-01-29T13:20:47
474,78,Lesson 474,Lesson content,2024-07-01T21:56:50
475,41,Lesson 475,Lesson content,2024-08-15T05:27:18
476,82,Lesson 476,Lesson content,2024-07-07T03:00:25
477,51,Lesson 477,Lesson content,2024-01-22T02:28:46
478,172,Lesson 478,Lesson content,2024-12-11T19:57:27
479,95,Lesson 479,Lesson content,2024-06-18T06:33:24
480,13,Lesson 480,Lesson content,2024-02-26T06:57:02
481,90,Lesson 481,Lesson content,2024-03-24T22:48:19
482,140,Lesson 482,Lesson content,2024-12-26T08:32:05
483,82,Lesson 483,Lesson content,2024-08-24T16:19:56
484,9,Lesson 484,Lesson content,2024-06-25T16:49:20
485,48,Lesson 485,Lesson content,2024-03-10T03:38:47
486,49,Lesson 486,Lesson content,2024-05-30T10:10:48
487,53,Lesson 487,Lesson content,2024-05-25T01:07:59
488,184,Lesson 488,Lesson content,2024-02-22T23:22:59
489,40,Lesson 489,Lesson content,2024-06-26T18:26:52
490,107,Lesson 490,Lesson content,2024-10-06T13:13:12
491,24,Lesson 491,Lesson content,2024-03-16T09:39:18
492,200,Lesson 492,Lesson content,2024-09-02T10:51:49
493,108,Lesson 493,Lesson content,2024-05-19T06:18:09
494,33,Lesson 494,Lesson content,2024-04-14T17:44:06
495,23,Lesson 495,Lesson content,2024-03-19T12:44:31
496,77,Lesson 496,Lesson content,2024-05-10T10:44:03
497,54,Lesson 497,Lesson content,2024-02-19T09:41:58
498,53,Lesson 498,Lesson content,2024-01-13T11:08:35
499,49,Lesson 499,Lesson content,2024-09-25T19:52:11
500,78,Lesson 500,Lesson content,2024-08-08T20:20:59
501,80,Lesson 501,Lesson content,2024-01-24T03:59:39
502,177,Lesson 502,Lesson content,2024-04-18T23:25:13
503,102,Lesson 503,Lesson content,2024-02-23T00:17:10
504,122,Lesson 504,Lesson content,2024-02-13T03:36:48
505,188,Lesson 505,Lesson content,2024-11-26T17:57:57
506,103,Lesson 506,Lesson content,2024-06-29T19:05:38
507,90,Lesson 507,Lesson content,2024-06-27T02:15:55
508,90,Lesson 508,Lesson content,2024-06-11T10:07:43
509,193,Lesson 509,Lesson content,2024-03-07T11:42:42
510,160,Lesson 510,Lesson content,2024-10-22T06:52:42
511,121,Lesson 511,Lesson content,2024-05-13T10:21:37
512,149,Lesson 512,Lesson content,2024-03-26T09:11:01
513,146,Lesson 513,Lesson content,2024-12-10T05:55:49
514,60,Lesson 514,Lesson content,2024-04-24T15:06:16
515,122,Lesson 515,Lesson content,2024-08-22T10:17:42
516,141,Lesson 516,Lesson content,2024-03-01T21:22:16
517,152,Lesson 517,Lesson content,2024-11-02T15:06:39
518,30,Lesson 518,Lesson content,2024-11-04T13:53:10
519,130,Lesson 519,Lesson content,2024-09-04T18:35:01
520,83,Lesson 520,Lesson content,2024-08-25T11:51:17
521,111,Lesson 521,Lesson content,2024-12-17T16:35:58
522,108,Lesson 522,Lesson content,2024-03-06T23:54:48
523,111,Lesson 523,Lesson content,2024-08-12T12:28:56
524,25,Lesson 524,Lesson content,2024-08-02T16:03:21
525,50,Lesson 525,Lesson content,2024-11-28T01:12:54
526,14,Lesson 526,Lesson content,2024-03-30T04:58:50
527,134,Lesson 527,Lesson content,2024-02-03T13:59:57
528,76,Lesson 528,Lesson content,2024-06-08T21:17:10
529,84,Lesson 529,Lesson content,2024-11-28T19:34:27
530,87,Lesson 530,Lesson content,2024-07-21T15:14:15
531,158,Lesson 531,Lesson content,2024-07-08T23:47:57
532,30,Lesson 532,Lesson content,2024-11-30T20:16:39
533,166,Lesson 533,Lesson content,2024-03-25T01:23:28
534,58,Lesson 534,Lesson content,2024-08-17T17:56:00
535,94,Lesson 535,Lesson content,2024-07-02T21:14:14
536,41,Lesson 536,Lesson content,2024-11-21T01:18:11
537,94,Lesson 537,Lesson content,2024-06-28T17:15:46
538,57,Lesson 538,Lesson content,2024-04-18T10:03:40
539,164,Lesson 539,Lesson content,2024-01-06T15:11:08
540,64,Lesson 540,Lesson content,2024-10-10T12:15:31
541,98,Lesson 541,Lesson content,2024-06-15T06:16:40
542,16,Lesson 542,Lesson content,2024-10-12T21:41:03
543,88,Lesson 543,Lesson content,2024-12-04T21:12:26
544,78,Lesson 544,Lesson content,2024-04-05T18:59:00
545,90,Lesson 545,Lesson content,2024-04-06T05:57:23
546,72,Lesson 546,Lesson content,2024-05-07T02:37:09
547,14,Lesson 547,Lesson content,2024-06-17T15:29:29
548,31,Lesson 548,Lesson content,2024-08-13T01:01:27
549,66,Lesson 549,Lesson content,2024-03-27T08:58:47
550,112,Lesson 550,Lesson content,2024-12-12T08:23:21
551,68,Lesson 551,Lesson content,2024-12-26T04:44:13
552,193,Lesson 552,Lesson content,2024-08-17T19:42:40
553,55,Lesson 553,Lesson content,2024-02-27T20:29:53
554,123,Lesson 554,Lesson content,2024-12-20T20:48:40
555,168,Lesson 555,Lesson content,2024-08-10T19:16:43
556,153,Lesson 556,Lesson content,2024-12-14T20:18:48
557,25,Lesson 557,Lesson content,2024-01-02T23:19:35
558,131,Lesson 558,Lesson content,2024-06-11T05:54:57
559,69,Lesson 559,Lesson content,2024-01-18T04:11:57
560,102,Lesson 560,Lesson content,2024-01-16T13:22:26
561,118,Lesson 561,Lesson content,2024-07-01T18:48:01
562,26,Lesson 562,Lesson content,2024-10-11T20:29:40
563,40,Lesson 563,Lesson content,2024-10-25T11:55:50
564,38,Lesson 564,Lesson content,2024-07-14T19:38:12
565,166,Lesson 565,Lesson content,2024-01-14T01:21:58
566,196,Lesson 566,Lesson content,2024-06-14T07:47:22
567,7,Lesson 567,Lesson content,2024-07-25T06:24:47
568,158,Lesson 568,Lesson content,2024-06-02T03:19:48
569,120,Lesson 569,Lesson content,2024-07-05T03:06:50
570,147,Lesson 570,Lesson content,2024-11-10T11:06:17
571,35,Lesson 571,Lesson content,2024-11-05T22:03:44
572,161,Lesson 572,Lesson content,2024-09-27T13:16:52
573,161,Lesson 573,Lesson content,2024-11-14T22:59:23
574,78,Lesson 574,Lesson content,2024-02-08T01:25:07
575,38,Lesson 575,Lesson content,2024-06-24T17:03:33
576,138,Lesson 576,Lesson content,2024-07-11T08:23:28
577,185,Lesson 577,Lesson content,2024-04-03T09:43:46
578,28,Lesson 578,Lesson content,2024-02-02T06:28:08
579,100,Lesson 579,Lesson content,2024-08-04T21:28:32
580,38,Lesson 580,Lesson content,2024-10-19T11:12:07
581,144,Lesson 581,Lesson content,2024-01-05T19:47:26
582,124,Lesson 582,Lesson content,2024-09-26T04:43:04
583,149,Lesson 583,Lesson content,2024-10-11T04:44:33
584,92,Lesson 584,Lesson content,2024-06-06T21:57:18
585,97,Lesson 585,Lesson content,2024-03-25T15:58:03
586,6,Lesson 586,Lesson content,2024-02-21T12:57:55
587,169,Lesson 587,Lesson content,2024-05-19T04:34:59
588,127,Lesson 588,Lesson content,2024-04-24T20:57:59
589,15,Lesson 589,Lesson content,2024-04-02T20:13:22
590,108,Lesson 590,Lesson content,2024-09-08T12:26:38
591,131,Lesson 591,Lesson content,2024-02-05T05:39:37
592,43,Lesson 592,Lesson content,2024-01-07T04:28:47
593,47,Lesson 593,Lesson content,2024-07-05T07:54:04
594,99,Lesson 594,Lesson content,2024-09-16T19:51:49
595,14,Lesson 595,Lesson content,2024-04-28T09:16:59
596,194,Lesson 596,Lesson content,2024-03-03T20:06:42
597,157,Lesson 597,Lesson content,2024-09-30T03:16:22
598,132,Lesson 598,Lesson content,2024-06-27T08:49:34
599,154,Lesson 599,Lesson content,2024-11-29T04:24:49
600,115,Lesson 600,Lesson content,2024-08-09T12:20:03
601,140,Lesson 601,Lesson content,2024-10-17T05:13:00
602,2,Lesson 602,Lesson content,2024-08-14T16:06:23
603,145,Lesson 603,Lesson content,2024-01-10T11:33:00
604,35,Lesson 604,Lesson content,2024-06-25T15:25:24
605,10,Lesson 605,Lesson content,2024-06-29T02:33:44
606,112,Lesson 606,Lesson content,2024-10-26T18:01:25
607,171,Lesson 607,Lesson content,2024-02-23T20:04:06
608,21,Lesson 608,Lesson content,2024-12-05T12:07:32
609,15,Lesson 609,Lesson content,2024-09-30T01:41:31
610,163,Lesson 610,Lesson content,2024-06-06T10:13:57
611,112,Lesson 611,Lesson content,2024-03-12T19:49:09
612,126,Lesson 612,Lesson content,2024-11-02T18:01:00
613,85,Lesson 613,Lesson content,2024-12-04T11:27:05
614,85,Lesson 614,Lesson content,2024-05-23T20:34:08
615,188,Lesson 615,Lesson content,2024-08-31T10:18:05
616,172,Lesson 616,Lesson content,2024-06-29T07:33:01
617,5,Lesson 617,Lesson content,2024-09-30T08:50:33
618,117,Lesson 618,Lesson content,2024-09-02T23:44:14
619,146,Lesson 619,Lesson content,2024-01-01T12:42:36
620,149,Lesson 620,Lesson content,2024-11-30T03:20:51
621,72,Lesson 621,Lesson content,2024-08-31T14:54:23
622,74,Lesson 622,Lesson content,2024-01-28T10:57:31
623,51,Lesson 623,Lesson content,2024-05-29T11:20:05
624,169,Lesson 624,Lesson content,2024-12-12T23:24:45
625,24,Lesson 625,Lesson content,2024-09-25T06:15:45
626,152,Lesson 626,Lesson content,2024-05-09T06:54:36
627,38,Lesson 627,Lesson content,2024-07-25T04:32:10
628,44,Lesson 628,Lesson content,2024-01-13T16:55:05
629,185,Lesson 629,Lesson content,2024-04-25T04:25:08
630,187,Lesson 630,Lesson content,2024-06-14T09:41:48
631,162,Lesson 631,Lesson content,2024-10-19T09:25:29
632,75,Lesson 632,Lesson content,2024-04-14T18:37:09
633,95,Lesson 633,Lesson content,2024-09-28T02:20:38
634,23,Lesson 634,Lesson content,2024-08-25T20:55:31
635,124,Lesson 635,Lesson content,2024-07-29T15:51:41
636,86,Lesson 636,Lesson content,2024-08-11T09:31:34
637,43,Lesson 637,Lesson content,2024-11-04T13:04:43
638,40,Lesson 638,Lesson content,2024-03-21T10:44:40
639,47,Lesson 639,Lesson content,2024-11-01T21:49:12
640,169,Lesson 640,Lesson content,2024-09-22T21:32:31
641,175,Lesson 641,Lesson content,2024-02-01T10:35:34
642,20,Lesson 642,Lesson content,2024-08-28T23:03:42
643,109,Lesson 643,Lesson content,2024-12-08T02:05:29
644,193,Lesson 644,Lesson content,2024-05-10T08:54:04
645,68,Lesson 645,Lesson content,2024-10-12T17:47:15
646,24,Lesson 646,Lesson content,2024-12-28T01:08:13
647,36,Lesson 647,Lesson content,2024-01-22T06:52:54
648,45,Lesson 648,Lesson content,2024-07-18T21:41:30
649,130,Lesson 649,Lesson content,2024-12-19T09:51:11
650,28,Lesson 650,Lesson content,2024-09-19T00:13:17
651,154,Lesson 651,Lesson content,2024-05-21T08:38:15
652,23,Lesson 652,Lesson content,2024-12-10T20:33:14
653,164,Lesson 653,Lesson content,2024-01-21T00:35:53
654,91,Lesson 654,Lesson content,2024-02-13T02:16:59
655,134,Lesson 655,Lesson content,2024-05-28T17:23:57
656,163,Lesson 656,Lesson content,2024-05-21T23:33:13
657,103,Lesson 657,Lesson content,2024-06-29T17:24:11
658,38,Lesson 658,Lesson content,2024-08-28T10:44:31
659,163,Lesson 659,Lesson content,2024-01-16T20:58:35
660,94,Lesson 660,Lesson content,2024-05-21T23:22:12
661,53,Lesson 661,Lesson content,2024-05-22T07:24:11
662,38,Lesson 662,Lesson content,2024-03-09T01:36:38
663,187,Lesson 663,Lesson content,2024-09-08T17:24:25
664,43,Lesson 664,Lesson content,2024-08-05T00:18:16
665,103,Lesson 665,Lesson content,2024-09-30T17:53:55
666,114,Lesson 666,Lesson content,2024-01-27T00:32:25
667,4,Lesson 667,Lesson content,2024-08-05T18:38:43
668,5,Lesson 668,Lesson content,2024-10-02T11:30:04
669,68,Lesson 669,Lesson content,2024-10-27T10:14:46
670,123,Lesson 670,Lesson content,2024-03-20T12:03:34
671,173,Lesson 671,Lesson content,2024-02-23T18:02:08
672,80,Lesson 672,Lesson content,2024-05-10T01:46:15
673,153,Lesson 673,Lesson content,2024-04-02T16:13:04
674,11,Lesson 674,Lesson content,2024-07-28T13:45:06
675,157,Lesson 675,Lesson content,2024-02-14T02:26:03
676,162,Lesson 676,Lesson content,2024-09-09T01:28:34
677,142,Lesson 677,Lesson content,2024-07-04T19:52:56
678,120,Lesson 678,Lesson content,2024-10-13T08:52:49
679,152,Lesson 679,Lesson content,2024-12-30T17:29:35
680,187,Lesson 680,Lesson content,2024-10-19T03:43:52
681,167,Lesson 681,Lesson content,2024-08-13T07:06:16
682,26,Lesson 682,Lesson content,2024-12-04T07:31:58
683,171,Lesson 683,Lesson content,2024-09-29T22:58:38
684,36,Lesson 684,Lesson content,2024-03-22T11:25:17
685,167,Lesson 685,Lesson content,2024-10-19T12:05:08
686,189,Lesson 686,Lesson content,2024-10-16T08:03:32
687,144,Lesson 687,Lesson content,2024-10-22T11:58:14
688,122,Lesson 688,Lesson content,2024-03-28T13:13:38
689,59,Lesson 689,Lesson content,2024-05-04T10:56:21
690,96,Lesson 690,Lesson content,2024-05-16T23:30:39
691,6,Lesson 691,Lesson content,2024-12-14T17:20:33
692,98,Lesson 692,Lesson content,2024-04-13T19:57:20
693,56,Lesson 693,Lesson content,2024-07-14T13:34:30
694,136,Lesson 694,Lesson content,2024-09-21T04:10:21
695,94,Lesson 695,Lesson content,2024-06-13T05:59:06
696,27,Lesson 696,Lesson content,2024-04-17T15:10:54
697,199,Lesson 697,Lesson content,2024-01-22T03:36:14
698,155,Lesson 698,Lesson content,2024-01-25T14:38:36
699,120,Lesson 699,Lesson content,2024-05-24T18:52:34
700,174,Lesson 700,Lesson content,2024-05-14T01:44:41
701,169,Lesson 701,Lesson content,2024-06-24T16:46:22
702,25,Lesson 702,Lesson content,2024-07-07T19:57:47
703,86,Lesson 703,Lesson content,2024-07-13T17:51:13
704,146,Lesson 704,Lesson content,2024-07-23T13:02:15
705,12,Lesson 705,Lesson content,2024-11-18T04:03:28
706,87,Lesson 706,Lesson content,2024-02-17T15:44:05
707,179,Lesson 707,Lesson content,2024-07-01T14:14:40
708,109,Lesson 708,Lesson content,2024-10-02T16:03:04
709,167,Lesson 709,Lesson content,2024-07-25T13:42:32
710,89,Lesson 710,Lesson content,2024-09-20T10:17:29
711,10,Lesson 711,Lesson content,2024-11-16T13:05:24
712,74,Lesson 712,Lesson content,2024-07-25T22:34:22
713,77,Lesson 713,Lesson content,2024-12-15T07:29:34
714,54,Lesson 714,Lesson content,2024-04-23T12:06:04
715,157,Lesson 715,Lesson content,2024-06-24T12:44:37
716,102,Lesson 716,Lesson content,2024-08-29T03:41:07
717,169,Lesson 717,Lesson content,2024-05-22T23:22:04
718,137,Lesson 718,Lesson content,2024-11-06T15:38:39
719,191,Lesson 719,Lesson content,2024-09-18T11:40:16
720,165,Lesson 720,Lesson content,2024-09-26T05:18:26
721,142,Lesson 721,Lesson content,2024-11-10T02:31:26
722,101,Lesson 722,Lesson content,2024-12-08T23:22:16
723,73,Lesson 723,Lesson content,2024-01-26T11:41:36
724,72,Lesson 724,Lesson content,2024-03-14T03:34:57
725,167,Lesson 725,Lesson content,2024-12-12T09:08:25
726,168,Lesson 726,Lesson content,2024-12-09T07:16:52
727,54,Lesson 727,Lesson content,2024-06-26T19:41:46
728,3,Lesson 728,Lesson content,2024-02-03T21:46:35
729,183,Lesson 729,Lesson content,2024-02-01T03:14:32
730,111,Lesson 730,Lesson content,2024-05-31T17:25:29
731,161,Lesson 731,Lesson content,2024-12-14T17:27:43
732,96,Lesson 732,Lesson content,2024-03-10T10:38:49
733,71,Lesson 733,Lesson content,2024-04-21T23:49:41
734,19,Lesson 734,Lesson content,2024-01-30T21:12:03
735,34,Lesson 735,Lesson content,2024-02-12T11:21:17
736,50,Lesson 736,Lesson content,2024-03-04T23:43:56
737,175,Lesson 737,Lesson content,2024-04-17T03:58:21
738,46,Lesson 738,Lesson content,2024-02-13T12:08:41
739,184,Lesson 739,Lesson content,2024-09-27T17:16:34
740,185,Lesson 740,Lesson content,2024-02-27T11:01:53
741,83,Lesson 741,Lesson content,2024-07-11T18:07:08
742,51,Lesson 742,Lesson content,2024-02-28T10:44:37
743,54,Lesson 743,Lesson content,2024-12-05T19:31:37
744,90,Lesson 744,Lesson content,2024-03-20T07:48:19
745,81,Lesson 745,Lesson content,2024-07-21T05:09:37
746,118,Lesson 746,Lesson content,2024-08-31T14:38:16
747,156,Lesson 747,Lesson content,2024-01-09T19:29:19
748,19,Lesson 748,Lesson content,2024-04-23T20:32:14
749,27,Lesson 749,Lesson content,2024-06-10T18:24:10
750,176,Lesson 750,Lesson content,2024-09-22T00:27:37
751,147,Lesson 751,Lesson content,2024-07-29T06:32:22
752,179,Lesson 752,Lesson content,2024-12-27T20:16:24
753,7,Lesson 753,Lesson content,2024-02-21T06:35:03
754,157,Lesson 754,Lesson content,2024-07-03T01:06:50
755,171,Lesson 755,Lesson content,2024-05-14T15:28:49
756,69,Lesson 756,Lesson content,2024-06-12T03:53:42
757,94,Lesson 757,Lesson content,2024-06-21T09:04:31
758,113,Lesson 758,Lesson content,2024-10-13T11:56:54
759,107,Lesson 759,Lesson content,2024-09-07T08:53:40
760,120,Lesson 760,Lesson content,2024-01-09T08:13:46
761,186,Lesson 761,Lesson content,2024-04-23T05:08:00
762,136,Lesson 762,Lesson content,2024-03-14T10:10:23
763,170,Lesson 763,Lesson content,2024-01-25T10:43:55
764,42,Lesson 764,Lesson content,2024-01-09T13:23:46
765,13,Lesson 765,Lesson content,2024-12-04T13:42:22
766,154,Lesson 766,Lesson content,2024-11-07T11:04:48
767,18,Lesson 767,Lesson content,2024-03-31T05:27:16
768,42,Lesson 768,Lesson content,2024-11-20T06:16:29
769,51,Lesson 769,Lesson content,2024-07-20T19:12:50
770,113,Lesson 770,Lesson content,2024-09-07T08:46:43
771,144,Lesson 771,Lesson content,2024-05-10T10:36:14
772,101,Lesson 772,Lesson content,2024-06-08T21:14:42
773,3,Lesson 773,Lesson content,2024-08-12T17:55:04
774,79,Lesson 774,Lesson content,2024-05-13T03:03:26
775,98,Lesson 775,Lesson content,2024-09-11T16:07:51
776,173,Lesson 776,Lesson content,2024-09-07T21:38:01
777,150,Lesson 777,Lesson content,2024-11-01T13:44:04
778,23,Lesson 778,Lesson content,2024-05-06T17:23:46
779,59,Lesson 779,Lesson content,2024-07-07T19:13:53
780,190,Lesson 780,Lesson content,2024-08-18T10:29:25
781,113,Lesson 781,Lesson content,2024-09-15T14:13:17
782,68,Lesson 782,Lesson content,2024-09-27T15:14:21
783,54,Lesson 783,Lesson content,2024-07-24T21:30:26
784,57,Lesson 784,Lesson content,2024-11-22T23:09:00
785,151,Lesson 785,Lesson content,2024-08-01T00:05:56
786,111,Lesson 786,Lesson content,2024-06-21T22:05:22
787,60,Lesson 787,Lesson content,2024-06-26T20:56:07
788,73,Lesson 788,Lesson content,2024-04-28T02:15:10
789,55,Lesson 789,Lesson content,2024-08-08T07:10:07
790,117,Lesson 790,Lesson content,2024-02-21T05:54:09
791,63,Lesson 791,Lesson content,2024-12-14T20:35:39
792,184,Lesson 792,Lesson content,2024-11-02T13:15:32
793,55,Lesson 793,Lesson content,2024-04-29T00:44:25
794,25,Lesson 794,Lesson content,2024-03-07T16:42:21
795,26,Lesson 795,Lesson content,2024-11-02T12:30:29
796,177,Lesson 796,Lesson content,2024-04-10T23:26:42
797,63,Lesson 797,Lesson content,2024-03-29T01:45:39
798,173,Lesson 798,Lesson content,2024-07-07T01:28:22
799,73,Lesson 799,Lesson content,2024-05-24T10:22:50
800,79,Lesson 800,Lesson content,2024-04-21T21:43:05
801,167,Lesson 801,Lesson content,2024-10-25T22:35:15
802,65,Lesson 802,Lesson content,2024-11-24T08:45:32
803,69,Lesson 803,Lesson content,2024-01-19T09:02:40
804,184,Lesson 804,Lesson content,2024-02-27T14:36:48
805,9,Lesson 805,Lesson content,2024-05-17T03:19:31
806,198,Lesson 806,Lesson content,2024-04-20T10:37:57
807,156,Lesson 807,Lesson content,2024-06-26T01:32:35
808,173,Lesson 808,Lesson content,2024-03-05T14:36:58
809,26,Lesson 809,Lesson content,2024-08-28T06:03:05
810,28,Lesson 810,Lesson content,2024-12-24T21:31:52
811,40,Lesson 811,Lesson content,2024-03-03T10:40:13
812,143,Lesson 812,Lesson content,2024-10-03T10:34:13
813,134,Lesson 813,Lesson content,2024-07-26T21:30:47
814,27,Lesson 814,Lesson content,2024-04-20T18:41:27
815,38,Lesson 815,Lesson content,2024-03-11T18:58:38
816,196,Lesson 816,Lesson content,2024-03-09T02:28:03
817,85,Lesson 817,Lesson content,2024-11-21T23:08:17
818,64,Lesson 818,Lesson content,2024-10-02T00:04:27
819,30,Lesson 819,Lesson content,2024-09-26T01:54:59
820,99,Lesson 820,Lesson content,2024-12-17T08:31:08
821,131,Lesson 821,Lesson content,2024-09-15T18:53:15
822,190,Lesson 822,Lesson content,2024-11-04T12:52:42
823,12,Lesson 823,Lesson content,2024-02-29T14:34:55
824,91,Lesson 824,Lesson content,2024-03-03T15:00:10
825,30,Lesson 825,Lesson content,2024-04-02T09:26:18
826,38,Lesson 826,Lesson content,2024-02-15T09:44:54
827,85,Lesson 827,Lesson content,2024-01-16T23:33:33
828,60,Lesson 828,Lesson content,2024-05-02T23:10:00
829,38,Lesson 829,Lesson content,2024-08-11T02:57:45
830,104,Lesson 830,Lesson content,2024-02-19T02:49:06
831,143,Lesson 831,Lesson content,2024-06-20T05:22:47
832,146,Lesson 832,Lesson content,2024-04-11T03:10:15
833,180,Lesson 833,Lesson content,2024-05-23T13:35:38
834,29,Lesson 834,Lesson content,2024-03-12T15:37:58
835,112,Lesson 835,Lesson content,2024-03-20T16:11:11
836,188,Lesson 836,Lesson content,2024-08-06T10:45:39
837,21,Lesson 837,Lesson content,2024-10-01T14:58:12
838,145,Lesson 838,Lesson content,2024-01-14T11:19:32
839,146,Lesson 839,Lesson content,2024-09-15T11:24:22
840,185,Lesson 840,Lesson content,2024-05-03T02:07:47
841,119,Lesson 841,Lesson content,2024-05-13T12:53:11
842,165,Lesson 842,Lesson content,2024-02-27T10:56:24
843,60,Lesson 843,Lesson content,2024-05-24T19:49:08
844,166,Lesson 844,Lesson content,2024-06-23T03:39:43
845,140,Lesson 845,Lesson content,2024-07-28T15:55:16
846,113,Lesson 846,Lesson content,2024-03-04T03:31:10
847,129,Lesson 847,Lesson content,2024-07-26T05:54:46
848,58,Lesson 848,Lesson content,2024-04-27T02:44:26
849,3,Lesson 849,Lesson content,2024-02-17T04:22:08
850,191,Lesson 850,Lesson content,2024-12-23T11:03:59
851,149,Lesson 851,Lesson content,2024-01-10T16:19:11
852,23,Lesson 852,Lesson content,2024-06-06T02:47:39
853,137,Lesson 853,Lesson content,2024-12-27T14:11:28
854,83,Lesson 854,Lesson content,2024-07-12T22:54:10
855,55,Lesson 855,Lesson content,2024-10-25T11:06:30
856,110,Lesson 856,Lesson content,2024-02-26T11:04:33
857,116,Lesson 857,Lesson content,2024-06-26T21:14:56
858,147,Lesson 858,Lesson content,2024-12-26T07:49:40
859,62,Lesson 859,Lesson content,2024-05-04T08:38:50
860,87,Lesson 860,Lesson content,2024-03-01T14:31:18
861,167,Lesson 861,Lesson content,2024-01-02T16:01:32
862,100,Lesson 862,Lesson content,2024-10-13T19:16:19
863,27,Lesson 863,Lesson content,2024-07-31T02:26:44
864,174,Lesson 864,Lesson content,2024-07-16T01:23:41
865,34,Lesson 865,Lesson content,2024-05-08T15:45:33
866,33,Lesson 866,Lesson content,2024-09-08T08:45:03
867,92,Lesson 867,Lesson content,2024-09-30T23:16:59
868,96,Lesson 868,Lesson content,2024-04-24T18:47:22
869,178,Lesson 869,Lesson content,2024-07-03T01:10:03
870,148,Lesson 870,Lesson content,2024-12-13T23:06:54
871,168,Lesson 871,Lesson content,2024-04-22T13:23:06
872,95,Lesson 872,Lesson content,2024-10-19T21:17:45
873,186,Lesson 873,Lesson content,2024-08-10T19:31:43
874,159,Lesson 874,Lesson content,2024-09-15T23:50:39
875,38,Lesson 875,Lesson content,2024-02-27T02:55:02
876,173,Lesson 876,Lesson content,2024-11-06T12:35:24
877,41,Lesson 877,Lesson content,2024-08-07T12:20:22
878,137,Lesson 878,Lesson content,2024-10-09T22:31:12
879,137,Lesson 879,Lesson content,2024-12-18T04:44:29
880,191,Lesson 880,Lesson content,2024-12-24T04:23:07
881,79,Lesson 881,Lesson content,2024-06-20T16:43:20
882,128,Lesson 882,Lesson content,2024-05-11T12:46:03
883,22,Lesson 883,Lesson content,2024-09-24T15:18:55
884,16,Lesson 884,Lesson content,2024-02-13T14:51:26
885,32,Lesson 885,Lesson content,2024-10-11T03:23:02
886,194,Lesson 886,Lesson content,2024-07-05T00:25:43
887,142,Lesson 887,Lesson content,2024-12-15T14:14:03
888,38,Lesson 888,Lesson content,2024-01-16T13:34:52
889,98,Lesson 889,Lesson content,2024-02-24T03:31:09
890,136,Lesson 890,Lesson content,2024-09-20T07:29:44
891,21,Lesson 891,Lesson content,2024-08-01T23:19:09
892,56,Lesson 892,Lesson content,2024-02-15T09:21:51
893,46,Lesson 893,Lesson content,2024-04-29T15:32:03
894,43,Lesson 894,Lesson content,2024-01-10T15:06:42
895,120,Lesson 895,Lesson content,2024-06-04T23:27:43
896,46,Lesson 896,Lesson content,2024-08-27T19:43:19
897,48,Lesson 897,Lesson content,2024-11-22T13:32:27
898,198,Lesson 898,Lesson content,2024-03-26T13:56:55
899,84,Lesson 899,Lesson content,2024-06-22T04:46:00
900,31,Lesson 900,Lesson content,2024-05-18T19:08:57
901,161,Lesson 901,Lesson content,2024-02-05T21:59:11
902,172,Lesson 902,Lesson content,2024-05-06T17:57:21
903,71,Lesson 903,Lesson content,2024-01-22T08:57:02
904,8,Lesson 904,Lesson content,2024-08-24T04:22:48
905,130,Lesson 905,Lesson content,2024-09-06T01:28:01
906,145,Lesson 906,Lesson content,2024-03-16T18:55:38
907,52,Lesson 907,Lesson content,2024-08-14T13:58:30
908,45,Lesson 908,Lesson content,2024-07-23T10:43:08
909,37,Lesson 909,Lesson content,2024-03-27T06:31:50
910,170,Lesson 910,Lesson content,2024-10-30T10:05:19
911,44,Lesson 911,Lesson content,2024-12-29T09:01:50
912,117,Lesson 912,Lesson content,2024-10-24T21:50:41
913,38,Lesson 913,Lesson content,2024-04-17T22:28:08
914,99,Lesson 914,Lesson content,2024-03-17T00:12:08
915,124,Lesson 915,Lesson content,2024-01-09T18:10:07
916,6,Lesson 916,Lesson content,2024-02-02T11:06:39
917,68,Lesson 917,Lesson content,2024-07-28T02:21:58
918,179,Lesson 918,Lesson content,2024-11-25T21:27:38
919,101,Lesson 919,Lesson content,2024-06-21T23:58:12
920,163,Lesson 920,Lesson content,2024-09-19T22:41:17
921,186,Lesson 921,Lesson content,2024-09-17T19:22:19
922,185,Lesson 922,Lesson content,2024-02-03T22:24:43
923,134,Lesson 923,Lesson content,2024-07-17T18:12:19
924,13,Lesson 924,Lesson content,2024-06-02T04:17:40
925,187,Lesson 925,Lesson content,2024-03-16T12:24:20
926,30,Lesson 926,Lesson content,2024-07-09T11:28:06
927,100,Lesson 927,Lesson content,2024-05-03T09:43:02
928,2,Lesson 928,Lesson content,2024-08-22T05:58:09
929,58,Lesson 929,Lesson content,2024-08-22T23:44:02
930,36,Lesson 930,Lesson content,2024-07-17T16:02:45
931,72,Lesson 931,Lesson content,2024-01-22T18:24:05
932,173,Lesson 932,Lesson content,2024-12-18T19:20:21
933,137,Lesson 933,Lesson content,2024-09-15T22:42:47
934,126,Lesson 934,Lesson content,2024-05-20T05:22:06
935,193,Lesson 935,Lesson content,2024-06-03T09:30:32
936,77,Lesson 936,Lesson content,2024-02-27T10:57:21
937,50,Lesson 937,Lesson content,2024-10-05T01:15:57
938,32,Lesson 938,Lesson content,2024-11-27T14:01:50
939,98,Lesson 939,Lesson content,2024-06-15T01:53:53
940,43,Lesson 940,Lesson content,2024-05-23T13:12:03
941,125,Lesson 941,Lesson content,2024-05-29T22:49:49
942,95,Lesson 942,Lesson content,2024-05-24T19:02:17
943,78,Lesson 943,Lesson content,2024-01-05T17:37:35
944,54,Lesson 944,Lesson content,2024-04-20T13:08:01
945,47,Lesson 945,Lesson content,2024-05-13T22:53:21
946,14,Lesson 946,Lesson content,2024-05-16T10:51:58
947,176,Lesson 947,Lesson content,2024-04-29T15:33:48
948,55,Lesson 948,Lesson content,2024-06-22T01:04:10
949,157,Lesson 949,Lesson content,2024-12-05T13:04:58
950,175,Lesson 950,Lesson content,2024-08-05T21:12:24
951,63,Lesson 951,Lesson content,2024-02-04T00:28:42
952,19,Lesson 952,Lesson content,2024-03-24T18:25:28
953,91,Lesson 953,Lesson content,2024-10-09T16:05:05
954,137,Lesson 954,Lesson content,2024-12-10T18:56:28
955,101,Lesson 955,Lesson content,2024-06-21T12:26:01
956,37,Lesson 956,Lesson content,2024-10-14T23:32:19
957,107,Lesson 957,Lesson content,2024-06-10T09:45:49
958,92,Lesson 958,Lesson content,2024-11-08T02:53:30
959,52,Lesson 959,Lesson content,2024-06-20T20:26:22
960,185,Lesson 960,Lesson content,2024-04-22T02:15:50
961,28,Lesson 961,Lesson content,2024-03-04T14:38:11
962,36,Lesson 962,Lesson content,2024-11-08T21:24:52
963,116,Lesson 963,Lesson content,2024-10-09T17:27:28
964,64,Lesson 964,Lesson content,2024-12-14T15:23:25
965,18,Lesson 965,Lesson content,2024-06-13T14:24:08
966,89,Lesson 966,Lesson content,2024-10-09T23:05:44
967,163,Lesson 967,Lesson content,2024-12-14T03:19:20
968,196,Lesson 968,Lesson content,2024-06-09T20:33:57
969,78,Lesson 969,Lesson content,2024-02-24T04:51:54
970,167,Lesson 970,Lesson content,2024-11-20T11:31:54
971,90,Lesson 971,Lesson content,2024-08-16T00:54:53
972,8,Lesson 972,Lesson content,2024-08-20T05:09:53
973,15,Lesson 973,Lesson content,2024-02-03T10:18:17
974,7,Lesson 974,Lesson content,2024-02-25T18:48:54
975,17,Lesson 975,Lesson content,2024-03-21T16:41:07
976,86,Lesson 976,Lesson content,2024-04-27T18:19:08
977,118,Lesson 977,Lesson content,2024-07-03T07:42:53
978,64,Lesson 978,Lesson content,2024-12-02T21:55:36
979,12,Lesson 979,Lesson content,2024-07-23T00:09:38
980,56,Lesson 980,Lesson content,2024-05-10T06:18:38
981,174,Lesson 981,Lesson content,2024-01-26T16:14:37
982,175,Lesson 982,Lesson content,2024-12-28T09:36:58
983,101,Lesson 983,Lesson content,2024-08-17T09:31:34
984,16,Lesson 984,Lesson content,2024-10-20T15:29:37
985,197,Lesson 985,Lesson content,2024-05-25T22:27:09
986,2,Lesson 986,Lesson content,2024-02-04T08:23:51
987,128,Lesson 987,Lesson content,2024-01-03T13:41:32
988,92,Lesson 988,Lesson content,2024-06-08T00:26:59
989,105,Lesson 989,Lesson content,2024-09-05T02:06:12
990,182,Lesson 990,Lesson content,2024-12-21T02:55:24
991,155,Lesson 991,Lesson content,2024-04-16T03:36:34
992,31,Lesson 992,Lesson content,2024-06-09T23:33:02
993,169,Lesson 993,Lesson content,2024-03-08T22:07:15
994,164,Lesson 994,Lesson content,2024-08-03T20:33:37
995,47,Lesson 995,Lesson content,2024-06-28T11:16:12
996,43,Lesson 996,Lesson content,2024-10-02T19:58:54
997,65,Lesson 997,Lesson content,2024-08-08T13:21:49
998,50,Lesson 998,Lesson content,2024-10-20T07:22:54
999,1,Lesson 999,Lesson content,2024-12-21T07:13:34
1000,200,Lesson 1000,Lesson content,2024-02-23T04:15:09
1001,185,Lesson 1001,Lesson content,2024-03-18T09:12:54
1002,144,Lesson 1002,Lesson content,2024-03-13T05:42:19
1003,122,Lesson 1003,Lesson content,2024-11-19T05:26:47
1004,28,Lesson 1004,Lesson content,2024-05-28T06:20:59
1005,86,Lesson 1005,Lesson content,2024-04-22T09:59:32
1006,82,Lesson 1006,Lesson content,2024-08-03T02:24:50
1007,22,Lesson 1007,Lesson content,2024-07-09T12:35:21
1008,41,Lesson 1008,Lesson content,2024-01-17T09:38:21
1009,76,Lesson 1009,Lesson content,2024-11-15T13:02:40
1010,147,Lesson 1010,Lesson content,2024-11-16T21:11:32
1011,89,Lesson 1011,Lesson content,2024-04-27T06:46:40
1012,178,Lesson 1012,Lesson content,2024-11-20T02:53:52
1013,59,Lesson 1013,Lesson content,2024-08-15T06:32:10
1014,69,Lesson 1014,Lesson content,2024-04-28T00:41:14
1015,162,Lesson 1015,Lesson content,2024-07-10T21:21:01
1016,167,Lesson 1016,Lesson content,2024-08-05T04:52:38
1017,123,Lesson 1017,Lesson content,2024-10-14T07:57:28
1018,74,Lesson 1018,Lesson content,2024-06-28T23:41:03
1019,7,Lesson 1019,Lesson content,2024-03-28T04:40:48
1020,101,Lesson 1020,Lesson content,2024-01-11T10:10:01
1021,111,Lesson 1021,Lesson content,2024-11-03T06:42:02
1022,180,Lesson 1022,Lesson content,2024-01-01T22:48:16
1023,188,Lesson 1023,Lesson content,2024-02-29T19:36:26
1024,52,Lesson 1024,Lesson content,2024-04-12T00:19:38
1025,24,Lesson 1025,Lesson content,2024-04-26T13:46:53
1026,26,Lesson 1026,Lesson content,2024-09-05T18:24:26
1027,125,Lesson 1027,Lesson content,2024-11-19T23:42:32
1028,90,Lesson 1028,Lesson content,2024-09-04T05:10:37
1029,122,Lesson 1029,Lesson content,2024-07-02T12:24:10
1030,10,Lesson 1030,Lesson content,2024-02-18T05:24:46
1031,17,Lesson 1031,Lesson content,2024-09-10T21:58:42
1032,2,Lesson 1032,Lesson content,2024-09-15T14:45:47
1033,112,Lesson 1033,Lesson content,2024-12-12T16:26:29
1034,27,Lesson 1034,Lesson content,2024-04-21T17:27:22
1035,71,Lesson 1035,Lesson content,2024-06-11T00:10:58
1036,176,Lesson 1036,Lesson content,2024-03-10T15:52:15
1037,118,Lesson 1037,Lesson content,2024-07-10T00:42:52
1038,9,Lesson 1038,Lesson content,2024-12-18T03:55:30
1039,86,Lesson 1039,Lesson content,2024-09-24T03:09:47
1040,23,Lesson 1040,Lesson content,2024-09-07T09:50:22
1041,199,Lesson 1041,Lesson content,2024-04-05T01:14:16
1042,73,Lesson 1042,Lesson content,2024-01-12T01:06:14
1043,27,Lesson 1043,Lesson content,2024-02-16T08:27:57
1044,93,Lesson 1044,Lesson content,2024-10-23T23:41:30
1045,81,Lesson 1045,Lesson content,2024-04-17T15:51:00
1046,84,Lesson 1046,Lesson content,2024-07-10T11:33:40
1047,199,Lesson 1047,Lesson content,2024-01-26T21:55:13
1048,43,Lesson 1048,Lesson content,2024-08-20T14:04:18
1049,7,Lesson 1049,Lesson content,2024-10-16T13:10:29
1050,92,Lesson 1050,Lesson content,2024-05-20T11:50:34
1051,83,Lesson 1051,Lesson content,2024-08-13T15:55:31
1052,191,Lesson 1052,Lesson content,2024-07-05T14:27:11
1053,84,Lesson 1053,Lesson content,2024-08-07T15:32:14
1054,44,Lesson 1054,Lesson content,2024-06-18T08:27:11
1055,167,Lesson 1055,Lesson content,2024-12-03T05:34:14
1056,40,Lesson 1056,Lesson content,2024-04-10T03:54:35
1057,135,Lesson 1057,Lesson content,2024-08-31T21:20:50
1058,198,Lesson 1058,Lesson content,2024-09-23T09:10:15
1059,25,Lesson 1059,Lesson content,2024-07-03T21:01:15
1060,59,Lesson 1060,Lesson content,2024-09-26T14:49:59
1061,141,Lesson 1061,Lesson content,2024-11-13T18:55:47
1062,103,Lesson 1062,Lesson content,2024-02-16T10:36:02
1063,86,Lesson 1063,Lesson content,2024-05-24T22:29:48
1064,112,Lesson 1064,Lesson content,2024-07-18T01:05:14
1065,86,Lesson 1065,Lesson content,2024-10-11T15:39:24
1066,98,Lesson 1066,Lesson content,2024-08-11T09:50:46
1067,62,Lesson 1067,Lesson content,2024-01-07T19:31:55
1068,8,Lesson 1068,Lesson content,2024-11-24T06:34:52
1069,113,Lesson 1069,Lesson content,2024-04-10T19:03:42
1070,173,Lesson 1070,Lesson content,2024-03-04T05:50:46
1071,146,Lesson 1071,Lesson content,2024-08-13T21:24:46
1072,60,Lesson 1072,Lesson content,2024-01-23T17:21:23
1073,60,Lesson 1073,Lesson content,2024-02-26T18:05:48
1074,106,Lesson 1074,Lesson content,2024-05-04T03:38:38
1075,2,Lesson 1075,Lesson content,2024-06-28T01:14:28
1076,194,Lesson 1076,Lesson content,2024-12-07T02:30:36
1077,91,Lesson 1077,Lesson content,2024-09-26T05:51:58
1078,14,Lesson 1078,Lesson content,2024-02-22T14:55:38
1079,48,Lesson 1079,Lesson content,2024-05-18T19:04:26
1080,103,Lesson 1080,Lesson content,2024-03-04T10:08:55
1081,56,Lesson 1081,Lesson content,2024-01-21T12:57:17
1082,12,Lesson 1082,Lesson content,2024-04-15T21:28:18
1083,55,Lesson 1083,Lesson content,2024-05-20T06:17:14
1084,156,Lesson 1084,Lesson content,2024-06-11T22:09:14
1085,110,Lesson 1085,Lesson content,2024-09-04T02:15:11
1086,4,Lesson 1086,Lesson content,2024-12-20T05:25:52
1087,36,Lesson 1087,Lesson content,2024-05-18T06:00:51
1088,178,Lesson 1088,Lesson content,2024-01-19T22:03:20
1089,131,Lesson 1089,Lesson content,2024-04-22T13:39:20
1090,1,Lesson 1090,Lesson content,2024-04-23T06:30:23
1091,17,Lesson 1091,Lesson content,2024-07-24T16:20:40
1092,199,Lesson 1092,Lesson content,2024-09-05T03:24:47
1093,62,Lesson 1093,Lesson content,2024-12-29T15:06:25
1094,48,Lesson 1094,Lesson content,2024-01-30T20:04:35
1095,62,Lesson 1095,Lesson content,2024-07-18T13:34:58
1096,69,Lesson 1096,Lesson content,2024-03-16T06:29:06
1097,147,Lesson 1097,Lesson content,2024-10-24T15:45:40
1098,103,Lesson 1098,Lesson content,2024-08-31T21:39:48
1099,110,Lesson 1099,Lesson content,2024-03-12T03:59:25
1100,162,Lesson 1100,Lesson content,2024-10-23T23:25:17
1101,177,Lesson 1101,Lesson content,2024-02-06T16:53:04
1102,175,Lesson 1102,Lesson content,2024-08-20T12:52:15
1103,91,Lesson 1103,Lesson content,2024-10-19T07:00:22
1104,114,Lesson 1104,Lesson content,2024-03-05T21:49:10
1105,178,Lesson 1105,Lesson content,2024-07-30T03:45:58
1106,89,Lesson 1106,Lesson content,2024-05-05T06:54:49
1107,154,Lesson 1107,Lesson content,2024-12-04T19:45:33
1108,56,Lesson 1108,Lesson content,2024-05-02T19:17:41
1109,78,Lesson 1109,Lesson content,2024-11-17T02:32:22
1110,14,Lesson 1110,Lesson content,2024-11-24T03:55:23
1111,25,Lesson 1111,Lesson content,2024-09-23T00:21:23
1112,132,Lesson 1112,Lesson content,2024-11-06T15:23:45
1113,32,Lesson 1113,Lesson content,2024-04-26T22:11:50
1114,82,Lesson 1114,Lesson content,2024-04-15T10:10:51
1115,78,Lesson 1115,Lesson content,2024-09-23T04:47:54
1116,193,Lesson 1116,Lesson content,2024-09-28T01:31:43
1117,106,Lesson 1117,Lesson content,2024-09-24T07:51:20
1118,189,Lesson 1118,Lesson content,2024-05-20T18:57:22
1119,20,Lesson 1119,Lesson content,2024-02-07T05:13:55
1120,74,Lesson 1120,Lesson content,2024-07-26T13:09:30
1121,10,Lesson 1121,Lesson content,2024-08-13T06:25:35
1122,123,Lesson 1122,Lesson content,2024-05-16T13:25:23
1123,34,Lesson 1123,Lesson content,2024-11-15T17:51:01
1124,189,Lesson 1124,Lesson content,2024-02-25T19:32:39
1125,155,Lesson 1125,Lesson content,2024-01-06T00:12:53
1126,40,Lesson 1126,Lesson content,2024-02-23T04:27:40
1127,193,Lesson 1127,Lesson content,2024-07-20T05:42:05
1128,127,Lesson 1128,Lesson content,2024-04-19T07:00:13
1129,33,Lesson 1129,Lesson content,2024-05-24T20:44:39
1130,196,Lesson 1130,Lesson content,2024-10-29T11:00:54
1131,71,Lesson 1131,Lesson content,2024-07-07T07:35:11
1132,137,Lesson 1132,Lesson content,2024-06-09T00:04:01
1133,144,Lesson 1133,Lesson content,2024-05-12T03:56:52
1134,133,Lesson 1134,Lesson content,2024-12-23T15:28:43
1135,98,Lesson 1135,Lesson content,2024-12-19T17:09:33
1136,124,Lesson 1136,Lesson content,2024-03-04T07:32:30
1137,151,Lesson 1137,Lesson content,2024-02-09T18:36:13
1138,43,Lesson 1138,Lesson content,2024-03-25T14:45:12
1139,114,Lesson 1139,Lesson content,2024-03-01T00:33:22
1140,89,Lesson 1140,Lesson content,2024-07-14T11:52:07
1141,185,Lesson 1141,Lesson content,2024-03-26T20:55:37
1142,179,Lesson 1142,Lesson content,2024-11-18T22:49:38
1143,13,Lesson 1143,Lesson content,2024-03-14T04:10:18
1144,128,Lesson 1144,Lesson content,2024-11-04T18:55:54
1145,152,Lesson 1145,Lesson content,2024-12-14T09:10:29
1146,139,Lesson 1146,Lesson content,2024-08-04T23:02:38
1147,52,Lesson 1147,Lesson content,2024-08-26T05:34:00
1148,17,Lesson 1148,Lesson content,2024-09-24T20:01:48
1149,165,Lesson 1149,Lesson content,2024-11-18T21:21:37
1150,13,Lesson 1150,Lesson content,2024-07-23T03:26:21
1151,190,Lesson 1151,Lesson content,2024-11-24T13:56:29
1152,84,Lesson 1152,Lesson content,2024-07-25T15:29:27
1153,97,Lesson 1153,Lesson content,2024-10-03T17:25:14
1154,106,Lesson 1154,Lesson content,2024-08-02T00:44:37
1155,96,Lesson 1155,Lesson content,2024-09-29T17:34:59
1156,8,Lesson 1156,Lesson content,2024-10-20T17:17:23
1157,56,Lesson 1157,Lesson content,2024-11-07T16:35:25
1158,104,Lesson 1158,Lesson content,2024-02-14T06:14:49
1159,83,Lesson 1159,Lesson content,2024-06-11T01:56:56
1160,198,Lesson 1160,Lesson content,2024-06-27T20:05:25
1161,44,Lesson 1161,Lesson content,2024-12-21T18:01:45
1162,188,Lesson 1162,Lesson content,2024-01-30T16:06:09
1163,103,Lesson 1163,Lesson content,2024-02-15T06:28:14
1164,112,Lesson 1164,Lesson content,2024-11-14T00:11:10
1165,169,Lesson 1165,Lesson content,2024-02-20T23:10:20
1166,149,Lesson 1166,Lesson content,2024-12-24T14:48:09
1167,42,Lesson 1167,Lesson content,2024-01-07T17:59:15
1168,157,Lesson 1168,Lesson content,2024-07-05T05:26:01
1169,193,Lesson 1169,Lesson content,2024-05-15T05:33:05
1170,145,Lesson 1170,Lesson content,2024-05-01T00:04:30
1171,30,Lesson 1171,Lesson content,2024-09-25T09:03:33
1172,26,Lesson 1172,Lesson content,2024-05-20T19:23:02
1173,181,Lesson 1173,Lesson content,2024-02-23T23:42:15
1174,125,Lesson 1174,Lesson content,2024-11-13T07:21:09
1175,19,Lesson 1175,Lesson content,2024-06-20T15:09:35
1176,53,Lesson 1176,Lesson content,2024-12-11T12:51:03
1177,85,Lesson 1177,Lesson content,2024-08-20T02:29:20
1178,17,Lesson 1178,Lesson content,2024-07-22T03:50:31
1179,174,Lesson 1179,Lesson content,2024-10-23T13:10:13
1180,104,Lesson 1180,Lesson content,2024-05-12T20:05:30
1181,181,Lesson 1181,Lesson content,2024-03-07T21:05:13
1182,105,Lesson 1182,Lesson content,2024-10-02T16:41:59
1183,104,Lesson 1183,Lesson content,2024-04-28T07:51:47
1184,192,Lesson 1184,Lesson content,2024-01-12T04:03:29
1185,173,Lesson 1185,Lesson content,2024-10-16T02:52:19
1186,177,Lesson 1186,Lesson content,2024-11-12T08:22:51
1187,147,Lesson 1187,Lesson content,2024-02-16T01:24:11
1188,124,Lesson 1188,Lesson content,2024-03-27T08:31:31
1189,199,Lesson 1189,Lesson content,2024-02-19T23:42:21
1190,81,Lesson 1190,Lesson content,2024-11-28T18:05:47
1191,193,Lesson 1191,Lesson content,2024-09-26T14:49:31
1192,37,Lesson 1192,Lesson content,2024-02-25T06:53:06
1193,121,Lesson 1193,Lesson content,2024-09-24T05:03:51
1194,70,Lesson 1194,Lesson content,2024-03-28T23:49:36
1195,154,Lesson 1195,Lesson content,2024-04-29T09:26:22
1196,130,Lesson 1196,Lesson content,2024-02-18T16:17:32
1197,59,Lesson 1197,Lesson content,2024-03-22T11:51:35
1198,118,Lesson 1198,Lesson content,2024-02-20T13:43:19
1199,133,Lesson 1199,Lesson content,2024-01-31T12:39:04
1200,37,Lesson 1200,Lesson content,2024-06-13T23:28:12
1201,31,Lesson 1201,Lesson content,2024-09-25T06:53:30
1202,99,Lesson 1202,Lesson content,2024-10-23T07:53:46
1203,94,Lesson 1203,Lesson content,2024-10-31T11:41:12
1204,176,Lesson 1204,Lesson content,2024-02-13T09:19:34
1205,6,Lesson 1205,Lesson content,2024-01-31T04:32:43
1206,15,Lesson 1206,Lesson content,2024-01-08T07:17:18
1207,143,Lesson 1207,Lesson content,2024-10-27T20:39:20
1208,189,Lesson 1208,Lesson content,2024-07-07T01:34:57
1209,16,Lesson 1209,Lesson content,2024-10-21T02:51:53
1210,20,Lesson 1210,Lesson content,2024-06-16T11:31:04
1211,77,Lesson 1211,Lesson content,2024-01-17T12:17:11
1212,44,Lesson 1212,Lesson content,2024-03-17T06:07:26
1213,170,Lesson 1213,Lesson content,2024-02-11T20:55:51
1214,46,Lesson 1214,Lesson content,2024-01-13T17:39:00
1215,95,Lesson 1215,Lesson content,2024-11-03T23:48:36
1216,162,Lesson 1216,Lesson content,2024-09-13T05:40:39
1217,64,Lesson 1217,Lesson content,2024-07-18T09:58:22
1218,157,Lesson 1218,Lesson content,2024-08-18T08:48:09
1219,131,Lesson 1219,Lesson content,2024-01-24T00:23:31
1220,9,Lesson 1220,Lesson content,2024-07-01T04:09:51
1221,153,Lesson 1221,Lesson content,2024-02-16T04:26:07
1222,42,Lesson 1222,Lesson content,2024-12-18T20:06:24
1223,174,Lesson 1223,Lesson content,2024-04-08T06:14:49
1224,73,Lesson 1224,Lesson content,2024-01-17T19:24:46
1225,84,Lesson 1225,Lesson content,2024-01-26T17:28:12
1226,59,Lesson 1226,Lesson content,2024-04-27T03:32:33
1227,21,Lesson 1227,Lesson content,2024-09-16T06:21:23
1228,150,Lesson 1228,Lesson content,2024-01-04T23:44:44
1229,157,Lesson 1229,Lesson content,2024-10-20T00:55:05
1230,63,Lesson 1230,Lesson content,2024-02-07T11:28:43
1231,73,Lesson 1231,Lesson content,2024-10-30T20:13:28
1232,61,Lesson 1232,Lesson content,2024-02-18T01:50:22
1233,64,Lesson 1233,Lesson content,2024-12-23T07:56:08
1234,69,Lesson 1234,Lesson content,2024-08-21T17:06:27
1235,168,Lesson 1235,Lesson content,2024-03-20T18:28:40
1236,129,Lesson 1236,Lesson content,2024-08-16T04:51:26
1237,106,Lesson 1237,Lesson content,2024-12-15T23:33:30
1238,65,Lesson 1238,Lesson content,2024-03-18T16:21:46
1239,122,Lesson 1239,Lesson content,2024-03-12T18:17:29
1240,62,Lesson 1240,Lesson content,2024-09-17T10:27:03
1241,182,Lesson 1241,Lesson content,2024-05-16T12:31:52
1242,103,Lesson 1242,Lesson content,2024-01-12T08:42:53
1243,60,Lesson 1243,Lesson content,2024-02-05T06:07:28
1244,46,Lesson 1244,Lesson content,2024-02-26T12:41:21
1245,5,Lesson 1245,Lesson content,2024-11-24T12:00:02
1246,113,Lesson 1246,Lesson content,2024-10-16T19:04:10
1247,150,Lesson 1247,Lesson content,2024-04-17T17:19:42
1248,181,Lesson 1248,Lesson content,2024-08-13T03:40:27
1249,70,Lesson 1249,Lesson content,2024-05-15T02:04:17
1250,160,Lesson 1250,Lesson content,2024-05-16T18:46:20
1251,11,Lesson 1251,Lesson content,2024-03-03T08:30:10
1252,138,Lesson 1252,Lesson content,2024-11-28T02:27:52
1253,167,Lesson 1253,Lesson content,2024-07-13T10:15:03
1254,98,Lesson 1254,Lesson content,2024-10-30T05:36:12
1255,31,Lesson 1255,Lesson content,2024-10-09T22:36:58
1256,12,Lesson 1256,Lesson content,2024-08-26T01:10:04
1257,108,Lesson 1257,Lesson content,2024-04-03T21:56:57
1258,80,Lesson 1258,Lesson content,2024-07-15T02:05:42
1259,166,Lesson 1259,Lesson content,2024-08-09T10:58:43
1260,67,Lesson 1260,Lesson content,2024-01-27T12:56:50
1261,194,Lesson 1261,Lesson content,2024-02-08T11:43:54
1262,52,Lesson 1262,Lesson content,2024-11-14T07:05:59
1263,133,Lesson 1263,Lesson content,2024-08-12T12:35:47
1264,139,Lesson 1264,Lesson content,2024-10-23T09:57:00
1265,25,Lesson 1265,Lesson content,2024-01-06T10:20:35
1266,35,Lesson 1266,Lesson content,2024-07-24T09:08:03
1267,163,Lesson 1267,Lesson content,2024-03-25T06:34:07
1268,22,Lesson 1268,Lesson content,2024-10-04T23:50:52
1269,165,Lesson 1269,Lesson content,2024-03-15T09:21:08
1270,183,Lesson 1270,Lesson content,2024-04-19T11:05:44
1271,96,Lesson 1271,Lesson content,2024-03-07T17:02:40
1272,117,Lesson 1272,Lesson content,2024-12-16T04:04:58
1273,200,Lesson 1273,Lesson content,2024-10-19T19:57:21
1274,192,Lesson 1274,Lesson content,2024-07-27T14:22:54
1275,20,Lesson 1275,Lesson content,2024-01-02T16:20:54
1276,106,Lesson 1276,Lesson content,2024-10-08T16:44:45
1277,4,Lesson 1277,Lesson content,2024-02-08T07:49:03
1278,18,Lesson 1278,Lesson content,2024-12-24T22:28:03
1279,51,Lesson 1279,Lesson content,2024-03-24T02:46:04
1280,196,Lesson 1280,Lesson content,2024-12-23T11:28:08
1281,20,Lesson 1281,Lesson content,2024-07-14T19:26:25
1282,122,Lesson 1282,Lesson content,2024-11-26T14:39:40
1283,137,Lesson 1283,Lesson content,2024-10-01T20:45:53
1284,80,Lesson 1284,Lesson content,2024-07-03T08:40:09
1285,154,Lesson 1285,Lesson content,2024-05-22T07:40:58
1286,102,Lesson 1286,Lesson content,2024-09-28T03:04:13
1287,25,Lesson 1287,Lesson content,2024-08-16T21:25:30
1288,196,Lesson 1288,Lesson content,2024-03-12T21:29:50
1289,169,Lesson 1289,Lesson content,2024-06-19T17:58:57
1290,59,Lesson 1290,Lesson content,2024-09-18T13:42:52
1291,45,Lesson 1291,Lesson content,2024-02-11T16:20:12
1292,41,Lesson 1292,Lesson content,2024-03-11T05:37:49
1293,38,Lesson 1293,Lesson content,2024-11-20T04:21:38
1294,117,Lesson 1294,Lesson content,2024-05-17T19:11:02
1295,19,Lesson 1295,Lesson content,2024-05-27T10:16:07
1296,14,Lesson 1296,Lesson content,2024-06-13T16:49:21
1297,127,Lesson 1297,Lesson content,2024-03-24T05:10:42
1298,149,Lesson 1298,Lesson content,2024-07-18T17:10:00
1299,143,Lesson 1299,Lesson content,2024-03-29T08:57:32
1300,3,Lesson 1300,Lesson content,2024-06-07T06:54:07
1301,37,Lesson 1301,Lesson content,2024-02-13T19:47:45
1302,117,Lesson 1302,Lesson content,2024-10-22T16:51:01
1303,174,Lesson 1303,Lesson content,2024-05-02T01:18:16
1304,16,Lesson 1304,Lesson content,2024-02-18T00:10:44
1305,142,Lesson 1305,Lesson content,2024-06-29T22:31:06
1306,9,Lesson 1306,Lesson content,2024-02-12T20:13:16
1307,7,Lesson 1307,Lesson content,2024-07-20T20:12:43
1308,142,Lesson 1308,Lesson content,2024-02-22T18:47:42
1309,134,Lesson 1309,Lesson content,2024-07-11T13:20:24
1310,15,Lesson 1310,Lesson content,2024-10-23T00:54:20
1311,180,Lesson 1311,Lesson content,2024-05-20T07:05:53
1312,72,Lesson 1312,Lesson content,2024-09-30T16:34:05
1313,162,Lesson 1313,Lesson content,2024-04-21T22:52:58
1314,104,Lesson 1314,Lesson content,2024-08-04T08:50:51
1315,129,Lesson 1315,Lesson content,2024-10-07T10:48:02
1316,96,Lesson 1316,Lesson content,2024-01-16T18:29:57
1317,122,Lesson 1317,Lesson content,2024-02-01T22:36:23
1318,115,Lesson 1318,Lesson content,2024-05-07T10:15:26
1319,197,Lesson 1319,Lesson content,2024-07-10T17:44:12
1320,148,Lesson 1320,Lesson content,2024-02-14T22:36:46
1321,80,Lesson 1321,Lesson content,2024-05-29T10:25:11
1322,7,Lesson 1322,Lesson content,2024-04-20T03:27:00
1323,135,Lesson 1323,Lesson content,2024-06-26T11:02:35
1324,50,Lesson 1324,Lesson content,2024-08-21T04:02:08
1325,130,Lesson 1325,Lesson content,2024-10-12T21:38:34
1326,47,Lesson 1326,Lesson content,2024-05-01T04:06:54
1327,14,Lesson 1327,Lesson content,2024-09-23T19:44:16
1328,31,Lesson 1328,Lesson content,2024-11-22T15:31:43
1329,50,Lesson 1329,Lesson content,2024-06-21T09:58:07
1330,189,Lesson 1330,Lesson content,2024-03-28T17:17:34
1331,41,Lesson 1331,Lesson content,2024-08-03T02:52:13
1332,14,Lesson 1332,Lesson content,2024-06-07T04:08:43
1333,133,Lesson 1333,Lesson content,2024-04-22T20:29:19
1334,5,Lesson 1334,Lesson content,2024-11-28T04:35:09
1335,192,Lesson 1335,Lesson content,2024-06-15T04:53:30
1336,157,Lesson 1336,Lesson content,2024-03-14T07:36:12
1337,5,Lesson 1337,Lesson content,2024-11-28T17:42:36
1338,113,Lesson 1338,Lesson content,2024-01-28T00:48:15
1339,118,Lesson 1339,Lesson content,2024-12-13T11:43:03
1340,96,Lesson 1340,Lesson content,2024-11-22T15:13:52
1341,36,Lesson 1341,Lesson content,2024-11-07T15:14:57
1342,79,Lesson 1342,Lesson content,2024-07-03T17:37:44
1343,19,Lesson 1343,Lesson content,2024-12-30T16:52:43
1344,192,Lesson 1344,Lesson content,2024-09-20T17:57:38
1345,22,Lesson 1345,Lesson content,2024-05-22T16:48:07
1346,162,Lesson 1346,Lesson content,2024-03-10T15:10:18
1347,56,Lesson 1347,Lesson content,2024-01-05T23:10:21
1348,17,Lesson 1348,Lesson content,2024-09-18T19:36:59
1349,184,Lesson 1349,Lesson content,2024-07-09T22:29:41
1350,17,Lesson 1350,Lesson content,2024-09-18T00:23:02
1351,146,Lesson 1351,Lesson content,2024-02-10T20:16:22
1352,173,Lesson 1352,Lesson content,2024-06-02T22:26:02
1353,78,Lesson 1353,Lesson content,2024-06-19T02:59:59
1354,56,Lesson 1354,Lesson content,2024-07-21T23:33:59
1355,80,Lesson 1355,Lesson content,2024-09-12T18:06:52
1356,50,Lesson 1356,Lesson content,2024-09-19T17:36:39
1357,58,Lesson 1357,Lesson content,2024-02-03T00:18:45
1358,18,Lesson 1358,Lesson content,2024-02-16T07:11:27
1359,135,Lesson 1359,Lesson content,2024-02-25T16:16:57
1360,76,Lesson 1360,Lesson content,2024-06-02T07:54:34
1361,10,Lesson 1361,Lesson content,2024-06-04T14:05:20
1362,69,Lesson 1362,Lesson content,2024-09-26T22:12:55
1363,85,Lesson 1363,Lesson content,2024-08-17T08:23:32
1364,131,Lesson 1364,Lesson content,2024-02-09T12:07:09
1365,83,Lesson 1365,Lesson content,2024-10-14T22:38:54
1366,109,Lesson 1366,Lesson content,2024-12-25T08:19:50
1367,44,Lesson 1367,Lesson content,2024-12-12T14:01:42
1368,198,Lesson 1368,Lesson content,2024-03-06T12:36:51
1369,142,Lesson 1369,Lesson content,2024-01-26T03:08:41
1370,132,Lesson 1370,Lesson content,2024-05-21T06:01:22
1371,18,Lesson 1371,Lesson content,2024-03-18T07:37:10
1372,93,Lesson 1372,Lesson content,2024-05-11T12:16:32
1373,180,Lesson 1373,Lesson content,2024-03-18T18:35:27
1374,38,Lesson 1374,Lesson content,2024-08-19T01:26:12
1375,148,Lesson 1375,Lesson content,2024-11-23T18:55:30
1376,172,Lesson 1376,Lesson content,2024-06-06T00:14:48
1377,51,Lesson 1377,Lesson content,2024-02-17T16:13:34
1378,19,Lesson 1378,Lesson content,2024-03-31T10:30:08
1379,120,Lesson 1379,Lesson content,2024-11-21T11:44:35
1380,68,Lesson 1380,Lesson content,2024-06-13T22:31:48
1381,66,Lesson 1381,Lesson content,2024-10-08T15:21:30
1382,141,Lesson 1382,Lesson content,2024-07-12T20:02:36
1383,190,Lesson 1383,Lesson content,2024-04-18T03:58:44
1384,189,Lesson 1384,Lesson content,2024-10-24T00:36:40
1385,158,Lesson 1385,Lesson content,2024-10-04T02:14:39
1386,98,Lesson 1386,Lesson content,2024-10-24T11:22:40
1387,158,Lesson 1387,Lesson content,2024-08-13T23:52:28
1388,179,Lesson 1388,Lesson content,2024-08-18T13:13:07
1389,88,Lesson 1389,Lesson content,2024-04-16T00:17:26
1390,176,Lesson 1390,Lesson content,2024-10-20T17:15:15
1391,33,Lesson 1391,Lesson content,2024-11-02T14:36:20
1392,105,Lesson 1392,Lesson content,2024-11-07T01:42:50
1393,74,Lesson 1393,Lesson content,2024-09-07T00:56:29
1394,82,Lesson 1394,Lesson content,2024-06-04T10:27:55
1395,19,Lesson 1395,Lesson content,2024-05-18T07:04:02
1396,71,Lesson 1396,Lesson content,2024-07-03T19:01:20
1397,57,Lesson 1397,Lesson content,2024-09-15T21:52:48
1398,147,Lesson 1398,Lesson content,2024-08-22T05:54:33
1399,79,Lesson 1399,Lesson content,2024-06-06T01:41:15
1400,169,Lesson 1400,Lesson content,2024-07-07T04:10:24
1401,42,Lesson 1401,Lesson content,2024-07-17T14:43:43
1402,180,Lesson 1402,Lesson content,2024-04-18T07:26:56
1403,116,Lesson 1403,Lesson content,2024-02-27T05:37:34
1404,4,Lesson 1404,Lesson content,2024-10-25T06:16:28
1405,4,Lesson 1405,Lesson content,2024-06-25T13:30:10
1406,5,Lesson 1406,Lesson content,2024-02-11T22:58:29
1407,41,Lesson 1407,Lesson content,2024-02-17T10:53:38
1408,108,Lesson 1408,Lesson content,2024-04-07T08:35:55
1409,87,Lesson 1409,Lesson content,2024-07-09T00:59:32
1410,104,Lesson 1410,Lesson content,2024-07-12T02:55:39
1411,117,Lesson 1411,Lesson content,2024-03-30T15:24:54
1412,101,Lesson 1412,Lesson content,2024-09-01T00:50:32
1413,189,Lesson 1413,Lesson content,2024-02-22T06:38:27
1414,75,Lesson 1414,Lesson content,2024-01-12T13:02:35
1415,183,Lesson 1415,Lesson content,2024-02-08T16:22:15
1416,75,Lesson 1416,Lesson content,2024-10-13T12:46:44
1417,13,Lesson 1417,Lesson content,2024-01-21T12:37:12
1418,142,Lesson 1418,Lesson content,2024-11-18T11:04:23
1419,188,Lesson 1419,Lesson content,2024-01-27T11:56:14
1420,200,Lesson 1420,Lesson content,2024-07-12T10:57:13
1421,25,Lesson 1421,Lesson content,2024-09-20T08:25:10
1422,115,Lesson 1422,Lesson content,2024-01-11T09:19:03
1423,172,Lesson 1423,Lesson content,2024-03-10T13:17:34
1424,82,Lesson 1424,Lesson content,2024-05-28T14:23:52
1425,10,Lesson 1425,Lesson content,2024-08-22T19:07:50
1426,199,Lesson 1426,Lesson content,2024-09-20T18:38:36
1427,50,Lesson 1427,Lesson content,2024-05-06T23:26:59
1428,172,Lesson 1428,Lesson content,2024-02-29T07:36:31
1429,142,Lesson 1429,Lesson content,2024-04-27T13:51:31
1430,15,Lesson 1430,Lesson content,2024-08-29T13:09:01
1431,16,Lesson 1431,Lesson content,2024-08-30T00:56:56
1432,2,Lesson 1432,Lesson content,2024-02-07T09:53:40
1433,158,Lesson 1433,Lesson content,2024-10-22T05:18:41
1434,30,Lesson 1434,Lesson content,2024-01-30T17:11:33
1435,82,Lesson 1435,Lesson content,2024-09-13T17:43:04
1436,31,Lesson 1436,Lesson content,2024-10-18T21:30:38
1437,77,Lesson 1437,Lesson content,2024-07-20T22:16:30
1438,148,Lesson 1438,Lesson content,2024-10-25T02:17:26
1439,177,Lesson 1439,Lesson content,2024-07-10T03:31:12
1440,114,Lesson 1440,Lesson content,2024-11-03T20:47:32
1441,35,Lesson 1441,Lesson content,2024-06-29T23:38:17
1442,23,Lesson 1442,Lesson content,2024-03-19T10:08:25
1443,106,Lesson 1443,Lesson content,2024-04-24T00:12:17
1444,97,Lesson 1444,Lesson content,2024-09-14T03:09:22
1445,115,Lesson 1445,Lesson content,2024-07-12T08:45:19
1446,100,Lesson 1446,Lesson content,2024-07-09T09:27:52
1447,189,Lesson 1447,Lesson content,2024-07-15T01:01:41
1448,55,Lesson 1448,Lesson content,2024-04-11T14:53:49
1449,195,Lesson 1449,Lesson content,2024-07-29T15:53:22
1450,8,Lesson 1450,Lesson content,2024-05-13T10:43:47
1451,168,Lesson 1451,Lesson content,2024-11-10T08:54:55
1452,59,Lesson 1452,Lesson content,2024-11-29T20:43:36
1453,128,Lesson 1453,Lesson content,2024-07-28T22:05:43
1454,32,Lesson 1454,Lesson content,2024-07-31T06:52:04
1455,93,Lesson 1455,Lesson content,2024-01-07T20:41:59
1456,7,Lesson 1456,Lesson content,2024-10-23T16:40:08
1457,2,Lesson 1457,Lesson content,2024-01-13T06:31:10
1458,85,Lesson 1458,Lesson content,2024-06-16T03:40:42
1459,134,Lesson 1459,Lesson content,2024-12-07T19:21:56
1460,106,Lesson 1460,Lesson content,2024-12-21T07:51:03
1461,36,Lesson 1461,Lesson content,2024-02-16T06:24:37
1462,160,Lesson 1462,Lesson content,2024-05-28T23:41:22
1463,45,Lesson 1463,Lesson content,2024-06-23T19:22:50
1464,42,Lesson 1464,Lesson content,2024-05-02T03:54:15
1465,53,Lesson 1465,Lesson content,2024-11-27T05:21:52
1466,110,Lesson 1466,Lesson content,2024-05-26T03:42:39
1467,9,Lesson 1467,Lesson content,2024-06-20T20:55:20
1468,87,Lesson 1468,Lesson content,2024-06-27T12:18:24
1469,114,Lesson 1469,Lesson content,2024-01-14T23:22:06
1470,75,Lesson 1470,Lesson content,2024-01-13T18:16:31
1471,177,Lesson 1471,Lesson content,2024-03-09T16:32:24
1472,130,Lesson 1472,Lesson content,2024-08-04T04:30:29
1473,195,Lesson 1473,Lesson content,2024-09-13T02:09:22
1474,11,Lesson 1474,Lesson content,2024-11-30T03:08:34
1475,50,Lesson 1475,Lesson content,2024-10-29T16:22:16
1476,163,Lesson 1476,Lesson content,2024-04-27T16:34:48
1477,122,Lesson 1477,Lesson content,2024-12-09T14:00:13
1478,143,Lesson 1478,Lesson content,2024-10-01T04:56:55
1479,75,Lesson 1479,Lesson content,2024-03-04T17:56:06
1480,31,Lesson 1480,Lesson content,2024-07-09T20:55:19
1481,92,Lesson 1481,Lesson content,2024-06-16T06:14:20
1482,190,Lesson 1482,Lesson content,2024-02-22T05:31:16
1483,156,Lesson 1483,Lesson content,2024-05-01T08:20:06
1484,153,Lesson 1484,Lesson content,2024-10-04T23:01:25
1485,92,Lesson 1485,Lesson content,2024-05-31T02:29:34
1486,153,Lesson 1486,Lesson content,2024-07-08T07:24:33
1487,75,Lesson 1487,Lesson content,2024-10-23T17:05:59
1488,92,Lesson 1488,Lesson content,2024-02-12T11:30:50
1489,129,Lesson 1489,Lesson content,2024-08-08T22:06:53
1490,187,Lesson 1490,Lesson content,2024-09-19T03:41:06
1491,197,Lesson 1491,Lesson content,2024-07-09T12:17:31
1492,42,Lesson 1492,Lesson content,2024-09-13T08:22:42
1493,110,Lesson 1493,Lesson content,2024-08-03T01:38:24
1494,162,Lesson 1494,Lesson content,2024-09-23T04:09:00
1495,194,Lesson 1495,Lesson content,2024-07-28T11:30:05
1496,18,Lesson 1496,Lesson content,2024-08-10T05:23:09
1497,77,Lesson 1497,Lesson content,2024-07-01T11:01:28
1498,133,Lesson 1498,Lesson content,2024-07-03T19:48:45
1499,20,Lesson 1499,Lesson content,2024-08-06T08:36:00
1500,194,Lesson 1500,Lesson content,2024-11-27T19:07:58
1501,127,Lesson 1501,Lesson content,2024-03-01T16:55:25
1502,75,Lesson 1502,Lesson content,2024-07-15T18:38:49
1503,62,Lesson 1503,Lesson content,2024-01-22T15:30:27
1504,32,Lesson 1504,Lesson content,2024-05-31T23:58:15
1505,186,Lesson 1505,Lesson content,2024-04-12T06:58:54
1506,178,Lesson 1506,Lesson content,2024-07-11T02:51:19
1507,166,Lesson 1507,Lesson content,2024-08-17T12:56:23
1508,183,Lesson 1508,Lesson content,2024-05-26T17:19:47
1509,28,Lesson 1509,Lesson content,2024-08-27T14:17:40
1510,74,Lesson 1510,Lesson content,2024-09-19T17:19:23
1511,81,Lesson 1511,Lesson content,2024-05-16T23:59:47
1512,22,Lesson 1512,Lesson content,2024-10-24T16:01:31
1513,171,Lesson 1513,Lesson content,2024-04-20T11:09:00
1514,164,Lesson 1514,Lesson content,2024-05-04T11:06:57
1515,96,Lesson 1515,Lesson content,2024-01-24T20:30:46
1516,122,Lesson 1516,Lesson content,2024-01-11T22:20:56
1517,123,Lesson 1517,Lesson content,2024-08-17T07:31:04
1518,52,Lesson 1518,Lesson content,2024-01-18T12:32:04
1519,164,Lesson 1519,Lesson content,2024-02-19T18:53:33
1520,156,Lesson 1520,Lesson content,2024-11-21T00:47:30
1521,78,Lesson 1521,Lesson content,2024-05-22T07:11:22
1522,186,Lesson 1522,Lesson content,2024-05-15T11:46:02
1523,164,Lesson 1523,Lesson content,2024-11-10T09:35:05
1524,70,Lesson 1524,Lesson content,2024-10-15T04:28:25
1525,137,Lesson 1525,Lesson content,2024-08-14T18:58:00
1526,21,Lesson 1526,Lesson content,2024-01-11T10:43:28
1527,64,Lesson 1527,Lesson content,2024-10-24T04:07:30
1528,76,Lesson 1528,Lesson content,2024-12-12T03:55:04
1529,61,Lesson 1529,Lesson content,2024-08-30T18:50:53
1530,95,Lesson 1530,Lesson content,2024-05-12T12:44:28
1531,40,Lesson 1531,Lesson content,2024-05-27T19:12:03
1532,184,Lesson 1532,Lesson content,2024-02-07T19:22:05
1533,4,Lesson 1533,Lesson content,2024-06-15T06:37:49
1534,31,Lesson 1534,Lesson content,2024-05-14T00:57:58
1535,155,Lesson 1535,Lesson content,2024-05-18T18:53:35
1536,186,Lesson 1536,Lesson content,2024-06-08T23:27:43
1537,153,Lesson 1537,Lesson content,2024-05-16T10:04:00
1538,69,Lesson 1538,Lesson content,2024-01-22T22:08:42
1539,70,Lesson 1539,Lesson content,2024-09-13T19:12:12
1540,5,Lesson 1540,Lesson content,2024-04-04T20:22:41
1541,115,Lesson 1541,Lesson content,2024-04-06T03:55:44
1542,91,Lesson 1542,Lesson content,2024-04-01T02:50:10
1543,8,Lesson 1543,Lesson content,2024-09-08T16:34:11
1544,9,Lesson 1544,Lesson content,2024-05-01T04:58:42
1545,15,Lesson 1545,Lesson content,2024-08-18T02:47:43
1546,105,Lesson 1546,Lesson content,2024-02-02T23:42:51
1547,7,Lesson 1547,Lesson content,2024-12-19T13:26:26
1548,72,Lesson 1548,Lesson content,2024-09-24T04:32:36
1549,115,Lesson 1549,Lesson content,2024-01-26T10:30:23
1550,15,Lesson 1550,Lesson content,2024-12-03T11:06:26
1551,165,Lesson 1551,Lesson content,2024-04-28T09:59:24
1552,83,Lesson 1552,Lesson content,2024-02-14T10:56:59
1553,39,Lesson 1553,Lesson content,2024-05-11T02:36:23
1554,134,Lesson 1554,Lesson content,2024-03-06T22:27:26
1555,57,Lesson 1555,Lesson content,2024-01-08T15:43:44
1556,92,Lesson 1556,Lesson content,2024-07-28T02:24:30
1557,81,Lesson 1557,Lesson content,2024-05-06T15:37:45
1558,147,Lesson 1558,Lesson content,2024-01-15T12:23:04
1559,127,Lesson 1559,Lesson content,2024-06-27T23:59:12
1560,191,Lesson 1560,Lesson content,2024-09-12T10:50:24
1561,159,Lesson 1561,Lesson content,2024-12-01T07:10:40
1562,75,Lesson 1562,Lesson content,2024-06-13T01:44:02
1563,79,Lesson 1563,Lesson content,2024-08-08T14:36:15
1564,10,Lesson 1564,Lesson content,2024-07-18T21:54:33
1565,107,Lesson 1565,Lesson content,2024-12-16T01:44:55
1566,87,Lesson 1566,Lesson content,2024-06-12T13:36:48
1567,67,Lesson 1567,Lesson content,2024-04-13T13:04:05
1568,62,Lesson 1568,Lesson content,2024-01-08T22:09:46
1569,131,Lesson 1569,Lesson content,2024-09-27T06:48:11
1570,146,Lesson 1570,Lesson content,2024-07-01T09:55:13
1571,153,Lesson 1571,Lesson content,2024-08-16T08:27:24
1572,107,Lesson 1572,Lesson content,2024-01-09T15:15:31
1573,148,Lesson 1573,Lesson content,2024-05-02T22:07:38
1574,186,Lesson 1574,Lesson content,2024-05-26T16:46:10
1575,93,Lesson 1575,Lesson content,2024-08-09T12:04:49
1576,86,Lesson 1576,Lesson content,2024-05-31T13:52:01
1577,178,Lesson 1577,Lesson content,2024-05-05T05:11:05
1578,121,Lesson 1578,Lesson content,2024-08-10T08:26:49
1579,79,Lesson 1579,Lesson content,2024-02-07T22:52:09
1580,10,Lesson 1580,Lesson content,2024-11-09T22:08:58
1581,149,Lesson 1581,Lesson content,2024-07-08T15:49:56
1582,29,Lesson 1582,Lesson content,2024-02-08T20:35:45
1583,96,Lesson 1583,Lesson content,2024-09-25T07:19:07
1584,10,Lesson 1584,Lesson content,2024-09-19T04:29:36
1585,13,Lesson 1585,Lesson content,2024-03-20T23:12:16
1586,47,Lesson 1586,Lesson content,2024-05-10T11:26:37
1587,151,Lesson 1587,Lesson content,2024-07-11T21:52:19
1588,50,Lesson 1588,Lesson content,2024-07-14T06:08:32
1589,132,Lesson 1589,Lesson content,2024-11-11T03:19:44
1590,116,Lesson 1590,Lesson content,2024-10-24T01:25:15
1591,113,Lesson 1591,Lesson content,2024-09-16T04:30:10
1592,195,Lesson 1592,Lesson content,2024-05-11T20:44:12
1593,85,Lesson 1593,Lesson content,2024-03-05T17:04:41
1594,53,Lesson 1594,Lesson content,2024-08-26T18:36:40
1595,130,Lesson 1595,Lesson content,2024-04-26T07:44:13
1596,68,Lesson 1596,Lesson content,2024-05-21T02:31:16
1597,193,Lesson 1597,Lesson content,2024-06-18T07:43:54
1598,79,Lesson 1598,Lesson content,2024-03-19T08:31:36
1599,57,Lesson 1599,Lesson content,2024-07-11T23:55:32
1600,97,Lesson 1600,Lesson content,2024-09-03T18:46:09
1601,198,Lesson 1601,Lesson content,2024-11-25T01:43:34
1602,135,Lesson 1602,Lesson content,2024-11-01T16:45:58
1603,147,Lesson 1603,Lesson content,2024-01-30T06:02:39
1604,172,Lesson 1604,Lesson content,2024-11-22T08:54:49
1605,63,Lesson 1605,Lesson content,2024-11-26T05:41:24
1606,65,Lesson 1606,Lesson content,2024-07-27T02:20:06
1607,39,Lesson 1607,Lesson content,2024-03-24T03:22:16
1608,109,Lesson 1608,Lesson content,2024-04-21T14:20:52
1609,26,Lesson 1609,Lesson content,2024-04-12T23:25:28
1610,172,Lesson 1610,Lesson content,2024-01-19T11:01:27
1611,12,Lesson 1611,Lesson content,2024-04-25T11:13:32
1612,150,Lesson 1612,Lesson content,2024-08-10T17:36:01
1613,77,Lesson 1613,Lesson content,2024-06-05T03:09:59
1614,142,Lesson 1614,Lesson content,2024-11-08T11:26:37
1615,86,Lesson 1615,Lesson content,2024-03-28T17:24:35
1616,30,Lesson 1616,Lesson content,2024-08-30T13:26:08
1617,172,Lesson 1617,Lesson content,2024-10-15T12:13:05
1618,166,Lesson 1618,Lesson content,2024-02-05T17:06:32
1619,187,Lesson 1619,Lesson content,2024-10-05T17:30:45
1620,170,Lesson 1620,Lesson content,2024-11-23T20:23:31
1621,52,Lesson 1621,Lesson content,2024-08-12T13:09:06
1622,63,Lesson 1622,Lesson content,2024-02-06T18:58:52
1623,189,Lesson 1623,Lesson content,2024-08-17T20:34:42
1624,120,Lesson 1624,Lesson content,2024-05-10T19:33:29
1625,105,Lesson 1625,Lesson content,2024-04-16T03:56:45
1626,162,Lesson 1626,Lesson content,2024-01-27T02:59:59
1627,39,Lesson 1627,Lesson content,2024-08-07T23:29:39
1628,41,Lesson 1628,Lesson content,2024-11-07T03:35:30
1629,121,Lesson 1629,Lesson content,2024-07-25T05:52:19
1630,108,Lesson 1630,Lesson content,2024-07-03T13:49:20
1631,165,Lesson 1631,Lesson content,2024-06-14T20:54:55
1632,65,Lesson 1632,Lesson content,2024-03-22T10:54:38
1633,118,Lesson 1633,Lesson content,2024-05-14T21:13:27
1634,79,Lesson 1634,Lesson content,2024-11-05T00:00:42
1635,160,Lesson 1635,Lesson content,2024-01-30T18:32:16
1636,8,Lesson 1636,Lesson content,2024-09-10T00:45:47
1637,97,Lesson 1637,Lesson content,2024-11-15T21:48:12
1638,18,Lesson 1638,Lesson content,2024-04-27T05:25:05
1639,173,Lesson 1639,Lesson content,2024-07-14T23:34:52
1640,96,Lesson 1640,Lesson content,2024-11-08T07:00:15
1641,33,Lesson 1641,Lesson content,2024-04-26T11:21:16
1642,5,Lesson 1642,Lesson content,2024-06-17T03:01:05
1643,127,Lesson 1643,Lesson content,2024-09-14T15:51:52
1644,74,Lesson 1644,Lesson content,2024-07-28T16:40:34
1645,126,Lesson 1645,Lesson content,2024-05-01T16:39:40
1646,164,Lesson 1646,Lesson content,2024-03-18T16:51:09
1647,151,Lesson 1647,Lesson content,2024-06-09T21:41:19
1648,168,Lesson 1648,Lesson content,2024-06-05T05:43:00
1649,5,Lesson 1649,Lesson content,2024-04-07T13:57:27
1650,34,Lesson 1650,Lesson content,2024-08-30T17:05:07
1651,24,Lesson 1651,Lesson content,2024-07-19T03:35:21
1652,145,Lesson 1652,Lesson content,2024-06-25T00:23:48
1653,95,Lesson 1653,Lesson content,2024-09-17T19:23:42
1654,71,Lesson 1654,Lesson content,2024-10-23T11:47:49
1655,92,Lesson 1655,Lesson content,2024-07-31T15:39:08
1656,125,Lesson 1656,Lesson content,2024-03-11T03:19:18
1657,22,Lesson 1657,Lesson content,2024-12-08T02:33:04
1658,15,Lesson 1658,Lesson content,2024-01-08T05:23:43
1659,101,Lesson 1659,Lesson content,2024-08-31T19:55:46
1660,15,Lesson 1660,Lesson content,2024-09-30T03:31:33
1661,153,Lesson 1661,Lesson content,2024-07-19T11:33:26
1662,53,Lesson 1662,Lesson content,2024-12-01T01:02:17
1663,149,Lesson 1663,Lesson content,2024-03-13T10:40:08
1664,102,Lesson 1664,Lesson content,2024-08-12T00:34:09
1665,194,Lesson 1665,Lesson content,2024-07-12T20:54:54
1666,113,Lesson 1666,Lesson content,2024-03-23T16:51:50
1667,32,Lesson 1667,Lesson content,2024-09-13T15:09:37
1668,21,Lesson 1668,Lesson content,2024-11-15T23:22:44
1669,196,Lesson 1669,Lesson content,2024-10-15T05:52:48
1670,172,Lesson 1670,Lesson content,2024-12-30T07:45:13
1671,83,Lesson 1671,Lesson content,2024-06-30T11:30:28
1672,194,Lesson 1672,Lesson content,2024-04-14T01:20:38
1673,14,Lesson 1673,Lesson content,2024-12-29T22:59:29
1674,15,Lesson 1674,Lesson content,2024-09-04T17:54:16
1675,148,Lesson 1675,Lesson content,2024-07-25T21:18:14
1676,34,Lesson 1676,Lesson content,2024-11-10T03:48:23
1677,164,Lesson 1677,Lesson content,2024-08-26T14:49:51
1678,83,Lesson 1678,Lesson content,2024-11-27T04:26:08
1679,9,Lesson 1679,Lesson content,2024-10-25T16:42:36
1680,199,Lesson 1680,Lesson content,2024-12-18T04:19:21
1681,158,Lesson 1681,Lesson content,2024-06-17T10:36:18
1682,77,Lesson 1682,Lesson content,2024-12-28T23:26:17
1683,191,Lesson 1683,Lesson content,2024-08-07T20:35:15
1684,163,Lesson 1684,Lesson content,2024-10-09T04:32:35
1685,141,Lesson 1685,Lesson content,2024-08-31T09:48:44
1686,174,Lesson 1686,Lesson content,2024-01-24T06:08:15
1687,184,Lesson 1687,Lesson content,2024-07-21T19:54:19
1688,9,Lesson 1688,Lesson content,2024-03-18T22:10:30
1689,36,Lesson 1689,Lesson content,2024-05-21T11:17:09
1690,117,Lesson 1690,Lesson content,2024-06-28T14:41:18
1691,3,Lesson 1691,Lesson content,2024-02-27T09:04:15
1692,19,Lesson 1692,Lesson content,2024-04-03T08:26:51
1693,156,Lesson 1693,Lesson content,2024-02-28T10:30:24
1694,23,Lesson 1694,Lesson content,2024-10-16T21:15:52
1695,104,Lesson 1695,Lesson content,2024-09-23T03:31:14
1696,135,Lesson 1696,Lesson content,2024-10-24T07:15:27
1697,105,Lesson 1697,Lesson content,2024-04-26T14:46:19
1698,142,Lesson 1698,Lesson content,2024-11-23T19:47:14
1699,46,Lesson 1699,Lesson content,2024-06-18T02:07:03
1700,143,Lesson 1700,Lesson content,2024-06-08T07:54:10
1701,195,Lesson 1701,Lesson content,2024-05-03T18:03:46
1702,15,Lesson 1702,Lesson content,2024-11-30T01:30:50
1703,51,Lesson 1703,Lesson content,2024-11-18T10:09:31
1704,110,Lesson 1704,Lesson content,2024-12-19T20:25:11
1705,8,Lesson 1705,Lesson content,2024-01-26T00:30:29
1706,69,Lesson 1706,Lesson content,2024-09-03T04:37:56
1707,190,Lesson 1707,Lesson content,2024-03-20T01:17:54
1708,179,Lesson 1708,Lesson content,2024-11-24T12:59:01
1709,63,Lesson 1709,Lesson content,2024-06-09T04:12:15
1710,68,Lesson 1710,Lesson content,2024-04-13T16:00:44
1711,144,Lesson 1711,Lesson content,2024-11-15T21:32:24
1712,152,Lesson 1712,Lesson content,2024-04-21T11:26:58
1713,6,Lesson 1713,Lesson content,2024-09-07T21:33:14
1714,119,Lesson 1714,Lesson content,2024-03-03T08:45:15
1715,57,Lesson 1715,Lesson content,2024-04-09T14:15:21
1716,31,Lesson 1716,Lesson content,2024-09-23T17:57:06
1717,6,Lesson 1717,Lesson content,2024-08-21T11:53:27
1718,157,Lesson 1718,Lesson content,2024-04-01T16:53:22
1719,67,Lesson 1719,Lesson content,2024-06-06T14:56:41
1720,131,Lesson 1720,Lesson content,2024-04-02T14:49:35
1721,156,Lesson 1721,Lesson content,2024-02-14T02:26:33
1722,74,Lesson 1722,Lesson content,2024-02-28T05:44:58
1723,114,Lesson 1723,Lesson content,2024-03-15T12:47:12
1724,97,Lesson 1724,Lesson content,2024-01-11T18:13:17
1725,176,Lesson 1725,Lesson content,2024-04-05T09:01:59
1726,80,Lesson 1726,Lesson content,2024-11-05T12:59:44
1727,123,Lesson 1727,Lesson content,2024-11-17T06:19:53
1728,138,Lesson 1728,Lesson content,2024-04-30T14:26:52
1729,33,Lesson 1729,Lesson content,2024-06-29T06:16:55
1730,195,Lesson 1730,Lesson content,2024-07-07T12:05:29
1731,197,Lesson 1731,Lesson content,2024-08-05T09:56:50
1732,140,Lesson 1732,Lesson content,2024-06-18T09:03:12
1733,185,Lesson 1733,Lesson content,2024-06-12T21:30:12
1734,44,Lesson 1734,Lesson content,2024-09-08T05:45:01
1735,13,Lesson 1735,Lesson content,2024-12-17T17:19:20
1736,152,Lesson 1736,Lesson content,2024-01-15T08:53:59
1737,172,Lesson 1737,Lesson content,2024-03-19T10:41:16
1738,57,Lesson 1738,Lesson content,2024-03-02T21:19:43
1739,96,Lesson 1739,Lesson content,2024-04-15T21:51:35
1740,144,Lesson 1740,Lesson content,2024-02-22T23:37:32
1741,109,Lesson 1741,Lesson content,2024-01-12T07:37:18
1742,120,Lesson 1742,Lesson content,2024-04-10T08:25:59
1743,100,Lesson 1743,Lesson content,2024-11-02T16:15:22
1744,149,Lesson 1744,Lesson content,2024-11-08T01:31:07
1745,111,Lesson 1745,Lesson content,2024-04-17T21:01:21
1746,51,Lesson 1746,Lesson content,2024-09-12T19:15:21
1747,21,Lesson 1747,Lesson content,2024-08-01T20:57:10
1748,60,Lesson 1748,Lesson content,2024-03-09T08:18:04
1749,179,Lesson 1749,Lesson content,2024-09-07T05:15:13
1750,21,Lesson 1750,Lesson content,2024-11-27T02:04:18
1751,107,Lesson 1751,Lesson content,2024-01-17T09:38:03
1752,126,Lesson 1752,Lesson content,2024-10-07T13:56:44
1753,134,Lesson 1753,Lesson content,2024-07-07T16:22:31
1754,73,Lesson 1754,Lesson content,2024-10-30T18:56:49
1755,193,Lesson 1755,Lesson content,2024-01-08T17:33:46
1756,76,Lesson 1756,Lesson content,2024-01-22T11:41:15
1757,186,Lesson 1757,Lesson content,2024-11-29T19:54:12
1758,78,Lesson 1758,Lesson content,2024-12-14T04:02:12
1759,134,Lesson 1759,Lesson content,2024-02-02T14:16:48
1760,65,Lesson 1760,Lesson content,2024-05-01T21:48:16
1761,86,Lesson 1761,Lesson content,2024-08-21T15:18:57
1762,34,Lesson 1762,Lesson content,2024-04-25T17:22:01
1763,56,Lesson 1763,Lesson content,2024-12-02T18:37:36
1764,75,Lesson 1764,Lesson content,2024-01-25T16:37:27
1765,3,Lesson 1765,Lesson content,2024-12-15T17:57:58
1766,170,Lesson 1766,Lesson content,2024-06-07T01:34:43
1767,190,Lesson 1767,Lesson content,2024-12-14T06:31:56
1768,6,Lesson 1768,Lesson content,2024-05-21T03:27:09
1769,6,Lesson 1769,Lesson content,2024-09-17T20:26:14
1770,191,Lesson 1770,Lesson content,2024-09-12T07:41:50
1771,148,Lesson 1771,Lesson content,2024-12-09T23:30:09
1772,149,Lesson 1772,Lesson content,2024-02-05T01:42:56
1773,2,Lesson 1773,Lesson content,2024-06-03T03:19:47
1774,90,Lesson 1774,Lesson content,2024-11-22T03:36:03
1775,56,Lesson 1775,Lesson content,2024-10-08T06:21:15
1776,96,Lesson 1776,Lesson content,2024-11-23T07:00:06
1777,10,Lesson 1777,Lesson content,2024-02-24T14:06:56
1778,87,Lesson 1778,Lesson content,2024-04-01T16:03:46
1779,70,Lesson 1779,Lesson content,2024-02-13T11:17:06
1780,151,Lesson 1780,Lesson content,2024-08-09T17:51:27
1781,113,Lesson 1781,Lesson content,2024-10-12T05:51:12
1782,30,Lesson 1782,Lesson content,2024-07-13T06:39:15
1783,128,Lesson 1783,Lesson content,2024-12-28T07:35:19
1784,78,Lesson 1784,Lesson content,2024-02-16T20:28:14
1785,165,Lesson 1785,Lesson content,2024-07-21T16:59:49
1786,55,Lesson 1786,Lesson content,2024-09-14T22:57:08
1787,49,Lesson 1787,Lesson content,2024-11-17T22:40:06
1788,34,Lesson 1788,Lesson content,2024-08-13T09:54:14
1789,105,Lesson 1789,Lesson content,2024-10-28T00:36:12
1790,172,Lesson 1790,Lesson content,2024-12-27T18:43:39
1791,22,Lesson 1791,Lesson content,2024-07-22T23:46:45
1792,31,Lesson 1792,Lesson content,2024-04-07T19:01:16
1793,135,Lesson 1793,Lesson content,2024-07-11T19:15:34
1794,105,Lesson 1794,Lesson content,2024-12-09T12:44:31
1795,149,Lesson 1795,Lesson content,2024-02-05T01:10:46
1796,16,Lesson 1796,Lesson content,2024-04-02T11:02:13
1797,20,Lesson 1797,Lesson content,2024-08-20T22:44:23
1798,43,Lesson 1798,Lesson content,2024-02-17T11:42:09
1799,172,Lesson 1799,Lesson content,2024-10-27T06:39:40
1800,47,Lesson 1800,Lesson content,2024-11-09T06:52:12
1801,114,Lesson 1801,Lesson content,2024-05-01T17:11:45
1802,19,Lesson 1802,Lesson content,2024-05-07T21:10:01
1803,48,Lesson 1803,Lesson content,2024-11-19T05:55:00
1804,197,Lesson 1804,Lesson content,2024-08-14T22:18:54
1805,139,Lesson 1805,Lesson content,2024-10-13T07:32:27
1806,157,Lesson 1806,Lesson content,2024-05-31T10:36:13
1807,45,Lesson 1807,Lesson content,2024-11-08T22:59:17
1808,196,Lesson 1808,Lesson content,2024-10-17T15:21:12
1809,164,Lesson 1809,Lesson content,2024-10-15T22:12:00
1810,176,Lesson 1810,Lesson content,2024-04-01T15:06:08
1811,87,Lesson 1811,Lesson content,2024-12-29T07:29:34
1812,15,Lesson 1812,Lesson content,2024-06-13T05:25:29
1813,110,Lesson 1813,Lesson content,2024-03-25T15:59:07
1814,172,Lesson 1814,Lesson content,2024-02-26T00:46:03
1815,195,Lesson 1815,Lesson content,2024-02-11T11:34:43
1816,96,Lesson 1816,Lesson content,2024-03-09T00:33:21
1817,168,Lesson 1817,Lesson content,2024-03-24T03:38:13
1818,102,Lesson 1818,Lesson content,2024-04-16T14:57:59
1819,86,Lesson 1819,Lesson content,2024-06-19T16:12:27
1820,142,Lesson 1820,Lesson content,2024-06-07T14:20:09
1821,191,Lesson 1821,Lesson content,2024-04-08T18:18:10
1822,81,Lesson 1822,Lesson content,2024-12-01T02:48:37
1823,51,Lesson 1823,Lesson content,2024-08-16T22:21:38
1824,112,Lesson 1824,Lesson content,2024-01-22T17:15:45
1825,186,Lesson 1825,Lesson content,2024-07-09T10:28:23
1826,15,Lesson 1826,Lesson content,2024-07-26T04:18:01
1827,65,Lesson 1827,Lesson content,2024-05-25T12:30:12
1828,88,Lesson 1828,Lesson content,2024-09-28T16:54:35
1829,183,Lesson 1829,Lesson content,2024-02-13T20:52:33
1830,76,Lesson 1830,Lesson content,2024-05-02T21:54:00
1831,10,Lesson 1831,Lesson content,2024-07-30T22:42:44
1832,42,Lesson 1832,Lesson content,2024-06-13T13:55:41
1833,95,Lesson 1833,Lesson content,2024-07-03T09:57:40
1834,11,Lesson 1834,Lesson content,2024-09-22T03:35:00
1835,118,Lesson 1835,Lesson content,2024-04-05T16:07:03
1836,144,Lesson 1836,Lesson content,2024-04-17T20:39:58
1837,125,Lesson 1837,Lesson content,2024-12-07T12:54:52
1838,78,Lesson 1838,Lesson content,2024-10-31T13:57:23
1839,147,Lesson 1839,Lesson content,2024-12-29T21:12:53
1840,159,Lesson 1840,Lesson content,2024-02-26T06:40:24
1841,181,Lesson 1841,Lesson content,2024-05-20T23:23:12
1842,90,Lesson 1842,Lesson content,2024-07-03T13:23:16
1843,8,Lesson 1843,Lesson content,2024-10-04T22:32:21
1844,152,Lesson 1844,Lesson content,2024-05-22T19:34:42
1845,136,Lesson 1845,Lesson content,2024-11-14T23:40:48
1846,111,Lesson 1846,Lesson content,2024-04-29T16:21:56
1847,176,Lesson 1847,Lesson content,2024-01-09T04:25:33
1848,158,Lesson 1848,Lesson content,2024-09-07T15:32:29
1849,58,Lesson 1849,Lesson content,2024-12-17T13:20:59
1850,86,Lesson 1850,Lesson content,2024-08-23T06:36:09
1851,55,Lesson 1851,Lesson content,2024-01-14T12:26:50
1852,122,Lesson 1852,Lesson content,2024-11-22T19:05:47
1853,190,Lesson 1853,Lesson content,2024-10-14T04:10:15
1854,108,Lesson 1854,Lesson content,2024-09-14T04:22:11
1855,48,Lesson 1855,Lesson content,2024-11-06T06:40:22
1856,132,Lesson 1856,Lesson content,2024-01-22T05:34:59
1857,165,Lesson 1857,Lesson content,2024-09-25T05:37:37
1858,136,Lesson 1858,Lesson content,2024-12-22T07:19:18
1859,129,Lesson 1859,Lesson content,2024-11-02T08:10:26
1860,198,Lesson 1860,Lesson content,2024-09-17T19:45:09
1861,47,Lesson 1861,Lesson content,2024-04-03T01:56:26
1862,5,Lesson 1862,Lesson content,2024-04-08T05:58:17
1863,178,Lesson 1863,Lesson content,2024-08-02T15:47:50
1864,24,Lesson 1864,Lesson content,2024-05-29T09:34:21
1865,175,Lesson 1865,Lesson content,2024-04-30T02:35:28
1866,18,Lesson 1866,Lesson content,2024-09-05T03:26:12
1867,84,Lesson 1867,Lesson content,2024-09-29T02:13:18
1868,156,Lesson 1868,Lesson content,2024-05-20T22:03:16
1869,5,Lesson 1869,Lesson content,2024-12-16T18:02:03
1870,30,Lesson 1870,Lesson content,2024-11-11T10:43:17
1871,1,Lesson 1871,Lesson content,2024-09-23T02:58:38
1872,86,Lesson 1872,Lesson content,2024-02-17T09:37:24
1873,82,Lesson 1873,Lesson content,2024-07-26T17:43:44
1874,174,Lesson 1874,Lesson content,2024-12-02T16:35:13
1875,69,Lesson 1875,Lesson content,2024-04-01T19:14:20
1876,31,Lesson 1876,Lesson content,2024-11-29T01:51:02
1877,198,Lesson 1877,Lesson content,2024-06-20T19:29:34
1878,91,Lesson 1878,Lesson content,2024-05-30T20:48:44
1879,184,Lesson 1879,Lesson content,2024-01-04T01:19:02
1880,93,Lesson 1880,Lesson content,2024-12-19T07:50:56
1881,127,Lesson 1881,Lesson content,2024-06-01T14:47:51
1882,156,Lesson 1882,Lesson content,2024-12-26T04:59:43
1883,16,Lesson 1883,Lesson content,2024-12-22T11:41:48
1884,54,Lesson 1884,Lesson content,2024-04-09T05:44:47
1885,181,Lesson 1885,Lesson content,2024-04-26T20:28:51
1886,140,Lesson 1886,Lesson content,2024-02-05T01:11:38
1887,20,Lesson 1887,Lesson content,2024-12-29T15:09:26
1888,82,Lesson 1888,Lesson content,2024-11-15T12:11:30
1889,162,Lesson 1889,Lesson content,2024-10-20T20:39:22
1890,181,Lesson 1890,Lesson content,2024-04-01T10:39:01
1891,192,Lesson 1891,Lesson content,2024-04-25T12:10:56
1892,151,Lesson 1892,Lesson content,2024-03-22T16:56:39
1893,109,Lesson 1893,Lesson content,2024-11-29T18:20:40
1894,155,Lesson 1894,Lesson content,2024-12-11T17:42:03
1895,113,Lesson 1895,Lesson content,2024-03-03T05:25:33
1896,17,Lesson 1896,Lesson content,2024-12-21T16:43:15
1897,176,Lesson 1897,Lesson content,2024-06-19T10:20:23
1898,149,Lesson 1898,Lesson content,2024-09-02T04:38:01
1899,178,Lesson 1899,Lesson content,2024-05-03T04:22:20
1900,168,Lesson 1900,Lesson content,2024-12-07T13:13:43
1901,126,Lesson 1901,Lesson content,2024-11-11T10:41:52
1902,3,Lesson 1902,Lesson content,2024-10-24T18:32:35
1903,17,Lesson 1903,Lesson content,2024-09-07T06:31:05
1904,189,Lesson 1904,Lesson content,2024-06-06T18:53:10
1905,50,Lesson 1905,Lesson content,2024-11-02T12:58:17
1906,122,Lesson 1906,Lesson content,2024-01-14T03:48:00
1907,90,Lesson 1907,Lesson content,2024-04-16T10:12:19
1908,87,Lesson 1908,Lesson content,2024-12-02T11:50:56
1909,6,Lesson 1909,Lesson content,2024-02-01T02:32:07
1910,156,Lesson 1910,Lesson content,2024-11-15T16:45:33
1911,200,Lesson 1911,Lesson content,2024-10-29T17:03:46
1912,55,Lesson 1912,Lesson content,2024-07-09T22:54:01
1913,186,Lesson 1913,Lesson content,2024-07-01T22:53:20
1914,173,Lesson 1914,Lesson content,2024-10-13T04:47:49
1915,200,Lesson 1915,Lesson content,2024-06-09T09:04:42
1916,147,Lesson 1916,Lesson content,2024-12-25T19:34:47
1917,102,Lesson 1917,Lesson content,2024-11-22T16:12:42
1918,29,Lesson 1918,Lesson content,2024-05-09T05:11:44
1919,151,Lesson 1919,Lesson content,2024-10-05T14:31:20
1920,111,Lesson 1920,Lesson content,2024-06-13T00:44:11
1921,160,Lesson 1921,Lesson content,2024-12-06T12:00:24
1922,10,Lesson 1922,Lesson content,2024-12-22T17:28:15
1923,91,Lesson 1923,Lesson content,2024-11-14T13:12:11
1924,177,Lesson 1924,Lesson content,2024-02-08T23:45:16
1925,193,Lesson 1925,Lesson content,2024-11-16T03:58:22
1926,29,Lesson 1926,Lesson content,2024-03-03T06:30:29
1927,187,Lesson 1927,Lesson content,2024-09-28T06:19:33
1928,45,Lesson 1928,Lesson content,2024-04-11T08:25:02
1929,195,Lesson 1929,Lesson content,2024-07-15T15:22:47
1930,51,Lesson 1930,Lesson content,2024-01-26T18:35:14
1931,101,Lesson 1931,Lesson content,2024-05-16T15:32:19
1932,128,Lesson 1932,Lesson content,2024-06-12T10:47:51
1933,11,Lesson 1933,Lesson content,2024-08-21T20:07:38
1934,82,Lesson 1934,Lesson content,2024-10-10T04:55:51
1935,128,Lesson 1935,Lesson content,2024-11-11T21:41:56
1936,6,Lesson 1936,Lesson content,2024-07-31T17:11:32
1937,67,Lesson 1937,Lesson content,2024-10-13T12:39:34
1938,62,Lesson 1938,Lesson content,2024-05-06T21:42:06
1939,133,Lesson 1939,Lesson content,2024-06-25T00:42:20
1940,137,Lesson 1940,Lesson content,2024-09-26T23:49:40
1941,28,Lesson 1941,Lesson content,2024-01-11T14:55:43
1942,38,Lesson 1942,Lesson content,2024-10-22T22:07:33
1943,43,Lesson 1943,Lesson content,2024-01-21T05:35:46
1944,117,Lesson 1944,Lesson content,2024-09-06T02:01:39
1945,149,Lesson 1945,Lesson content,2024-09-06T04:04:32
1946,190,Lesson 1946,Lesson content,2024-03-12T08:34:38
1947,46,Lesson 1947,Lesson content,2024-09-01T17:28:58
1948,198,Lesson 1948,Lesson content,2024-06-21T04:50:01
1949,166,Lesson 1949,Lesson content,2024-11-03T04:50:03
1950,49,Lesson 1950,Lesson content,2024-09-05T23:28:26
1951,39,Lesson 1951,Lesson content,2024-02-22T20:28:17
1952,71,Lesson 1952,Lesson content,2024-01-02T04:40:06
1953,127,Lesson 1953,Lesson content,2024-06-04T14:26:20
1954,158,Lesson 1954,Lesson content,2024-03-18T16:50:13
1955,149,Lesson 1955,Lesson content,2024-09-01T00:08:44
1956,1,Lesson 1956,Lesson content,2024-04-28T15:54:34
1957,160,Lesson 1957,Lesson content,2024-05-01T20:05:56
1958,136,Lesson 1958,Lesson content,2024-08-11T14:55:55
1959,69,Lesson 1959,Lesson content,2024-02-01T22:27:29
1960,30,Lesson 1960,Lesson content,2024-02-13T00:59:37
1961,115,Lesson 1961,Lesson content,2024-03-02T07:00:42
1962,8,Lesson 1962,Lesson content,2024-04-06T22:28:25
1963,113,Lesson 1963,Lesson content,2024-07-19T12:52:44
1964,19,Lesson 1964,Lesson content,2024-10-04T02:53:52
1965,59,Lesson 1965,Lesson content,2024-10-25T02:37:08
1966,183,Lesson 1966,Lesson content,2024-11-18T13:57:08
1967,158,Lesson 1967,Lesson content,2024-09-09T02:48:05
1968,79,Lesson 1968,Lesson content,2024-10-23T09:11:31
1969,36,Lesson 1969,Lesson content,2024-02-20T12:33:15
1970,55,Lesson 1970,Lesson content,2024-11-24T22:14:36
1971,44,Lesson 1971,Lesson content,2024-08-18T16:37:53
1972,155,Lesson 1972,Lesson content,2024-09-23T07:41:05
1973,77,Lesson 1973,Lesson content,2024-06-08T08:25:27
1974,78,Lesson 1974,Lesson content,2024-11-03T19:57:41
1975,101,Lesson 1975,Lesson content,2024-12-30T20:00:44
1976,182,Lesson 1976,Lesson content,2024-05-04T01:00:56
1977,176,Lesson 1977,Lesson content,2024-06-24T08:11:27
1978,30,Lesson 1978,Lesson content,2024-07-04T18:41:21
1979,39,Lesson 1979,Lesson content,2024-12-05T05:39:52
1980,13,Lesson 1980,Lesson content,2024-10-12T12:18:02
1981,122,Lesson 1981,Lesson content,2024-02-21T20:24:05
1982,144,Lesson 1982,Lesson content,2024-04-11T05:42:45
1983,172,Lesson 1983,Lesson content,2024-03-08T08:56:30
1984,199,Lesson 1984,Lesson content,2024-09-23T23:39:20
1985,112,Lesson 1985,Lesson content,2024-08-18T07:21:03
1986,155,Lesson 1986,Lesson content,2024-11-17T02:02:31
1987,45,Lesson 1987,Lesson content,2024-05-07T05:16:15
1988,119,Lesson 1988,Lesson content,2024-11-06T12:08:50
1989,35,Lesson 1989,Lesson content,2024-04-19T10:32:29
1990,156,Lesson 1990,Lesson content,2024-03-18T03:40:48
1991,7,Lesson 1991,Lesson content,2024-02-02T18:39:18
1992,190,Lesson 1992,Lesson content,2024-06-09T23:23:12
1993,110,Lesson 1993,Lesson content,2024-05-22T18:16:34
1994,114,Lesson 1994,Lesson content,2024-03-11T15:19:50
1995,51,Lesson 1995,Lesson content,2024-06-01T19:37:53
1996,46,Lesson 1996,Lesson content,2024-12-06T08:32:49
1997,20,Lesson 1997,Lesson content,2024-05-26T12:52:39
1998,96,Lesson 1998,Lesson content,2024-11-20T03:46:21
1999,38,Lesson 1999,Lesson content,2024-12-09T10:39:34
2000,189,Lesson 2000,Lesson content,2024-08-09T12:25:31
